sheet,name,brand_usp,ingredients,serving_size_g,allergens,shelf_life,small_pack_g,large_pack_g,manufacturer,mrp,status,grammage,energy_kcal,protein_g,carbohydrate_g,total_sugar_g,added_sugar_g,dietary_fibre_g,total_fat_g,saturated_fat_g,unsaturated_fat_g,trans_fat_g,cholesterol_mg,sodium_mg,calcium_mg,energy_pct,protein_pct,added_sugar_pct,dietary_fibre_pct,total_fat_pct,saturated_fat_pct,trans_fat_pct,sodium_pct,calcium_pct
Launched products,Chatpata Millet Finger,1) No palm oil | 2) Source of protein | 3) Source of dietary fibre | 4) Roasted,"Jowar flour, corn flour, corn grits, rice flour, masala seasoning, edible vegetable oil (rice bran oil), tapioca starch, gram flour, iodised salt, black salt, red chilli powder.

Seasoning - Spices and spices extract (ginger powder, clove powder, cumin powder, fennel powder, coriander powder), dehydrated vegetable powder (tomato, garlic, lemon & onion), dry mango powder, yeast extract powder, sugar, maltodextrin, dextrose, glucose powder, acidity regulators (INS 330, INS 296), anticaking agent (INS 551), flavour enhancer (INS 635), paprika oleoresin (INS 160c).
CONTAINS ADDED FLAVOUR (NATURAL AND NATURE IDENTICAL FLAVOURING SUBSTANCES).",30,"This product does not contain any allergens. 
It is made in a facility that processes products 
containing gluten,milk and its derivatives
nuts, and soya.",3 months,40,120,"AMRUD SNACK LIMITED
GALA NO.1, B2 & B3, BHARAT
COMPOUND, SURVEY NO.219, OPP. DODHIA
PETROL PUMP, KASHIMIRA, MIRA ROAD (E).
DIST. THANE, MAHARASHTRA- 401107

FSSAI Lic. No. 11517020000417","40grams for 45/- 
(1.11/- per gram)

120gm for 125/-
(per gm 1.04/-)",not_launched,20,96.42,1.48,13.58,0.272,0,0.7,4.02,1.88,,0,0,238.5,,4.8,2.7,,2.3,6,8.5,,11.9,
Launched products,Chatpata Millet Finger,1) No palm oil | 2) Source of protein | 3) Source of dietary fibre | 4) Roasted,"Jowar flour, corn flour, corn grits, rice flour, masala seasoning, edible vegetable oil (rice bran oil), tapioca starch, gram flour, iodised salt, black salt, red chilli powder.

Seasoning - Spices and spices extract (ginger powder, clove powder, cumin powder, fennel powder, coriander powder), dehydrated vegetable powder (tomato, garlic, lemon & onion), dry mango powder, yeast extract powder, sugar, maltodextrin, dextrose, glucose powder, acidity regulators (INS 330, INS 296), anticaking agent (INS 551), flavour enhancer (INS 635), paprika oleoresin (INS 160c).
CONTAINS ADDED FLAVOUR (NATURAL AND NATURE IDENTICAL FLAVOURING SUBSTANCES).",30,"This product does not contain any allergens. 
It is made in a facility that processes products 
containing gluten,milk and its derivatives
nuts, and soya.",3 months,40,120,"AMRUD SNACK LIMITED
GALA NO.1, B2 & B3, BHARAT
COMPOUND, SURVEY NO.219, OPP. DODHIA
PETROL PUMP, KASHIMIRA, MIRA ROAD (E).
DIST. THANE, MAHARASHTRA- 401107

FSSAI Lic. No. 11517020000417","40grams for 45/- 
(1.11/- per gram)

120gm for 125/-
(per gm 1.04/-)",not_launched,30,144.63,2.22,20.37,0.41,0,1.05,6.03,2.82,,0,0,357.75,,7.23,4.11,,3.5,9,12.82,,17.9,
Launched products,Chatpata Millet Finger,1) No palm oil | 2) Source of protein | 3) Source of dietary fibre | 4) Roasted,"Jowar flour, corn flour, corn grits, rice flour, masala seasoning, edible vegetable oil (rice bran oil), tapioca starch, gram flour, iodised salt, black salt, red chilli powder.

Seasoning - Spices and spices extract (ginger powder, clove powder, cumin powder, fennel powder, coriander powder), dehydrated vegetable powder (tomato, garlic, lemon & onion), dry mango powder, yeast extract powder, sugar, maltodextrin, dextrose, glucose powder, acidity regulators (INS 330, INS 296), anticaking agent (INS 551), flavour enhancer (INS 635), paprika oleoresin (INS 160c).
CONTAINS ADDED FLAVOUR (NATURAL AND NATURE IDENTICAL FLAVOURING SUBSTANCES).",30,"This product does not contain any allergens. 
It is made in a facility that processes products 
containing gluten,milk and its derivatives
nuts, and soya.",3 months,40,120,"AMRUD SNACK LIMITED
GALA NO.1, B2 & B3, BHARAT
COMPOUND, SURVEY NO.219, OPP. DODHIA
PETROL PUMP, KASHIMIRA, MIRA ROAD (E).
DIST. THANE, MAHARASHTRA- 401107

FSSAI Lic. No. 11517020000417","40grams for 45/- 
(1.11/- per gram)

120gm for 125/-
(per gm 1.04/-)",not_launched,35,168.73,2.59,23.76,0.47,0,1.22,7.03,3.29,,0,0,417.37,,,,,,,,,,
Launched products,Chatpata Millet Finger,1) No palm oil | 2) Source of protein | 3) Source of dietary fibre | 4) Roasted,"Jowar flour, corn flour, corn grits, rice flour, masala seasoning, edible vegetable oil (rice bran oil), tapioca starch, gram flour, iodised salt, black salt, red chilli powder.

Seasoning - Spices and spices extract (ginger powder, clove powder, cumin powder, fennel powder, coriander powder), dehydrated vegetable powder (tomato, garlic, lemon & onion), dry mango powder, yeast extract powder, sugar, maltodextrin, dextrose, glucose powder, acidity regulators (INS 330, INS 296), anticaking agent (INS 551), flavour enhancer (INS 635), paprika oleoresin (INS 160c).
CONTAINS ADDED FLAVOUR (NATURAL AND NATURE IDENTICAL FLAVOURING SUBSTANCES).",30,"This product does not contain any allergens. 
It is made in a facility that processes products 
containing gluten,milk and its derivatives
nuts, and soya.",3 months,40,120,"AMRUD SNACK LIMITED
GALA NO.1, B2 & B3, BHARAT
COMPOUND, SURVEY NO.219, OPP. DODHIA
PETROL PUMP, KASHIMIRA, MIRA ROAD (E).
DIST. THANE, MAHARASHTRA- 401107

FSSAI Lic. No. 11517020000417","40grams for 45/- 
(1.11/- per gram)

120gm for 125/-
(per gm 1.04/-)",not_launched,40,192.84,2.96,27.16,0.54,0,1.4,8.04,3.76,,0,0,477,,9.64,5.48,,4.67,12,17.09,,23.85,
Launched products,Chatpata Millet Finger,1) No palm oil | 2) Source of protein | 3) Source of dietary fibre | 4) Roasted,"Jowar flour, corn flour, corn grits, rice flour, masala seasoning, edible vegetable oil (rice bran oil), tapioca starch, gram flour, iodised salt, black salt, red chilli powder.

Seasoning - Spices and spices extract (ginger powder, clove powder, cumin powder, fennel powder, coriander powder), dehydrated vegetable powder (tomato, garlic, lemon & onion), dry mango powder, yeast extract powder, sugar, maltodextrin, dextrose, glucose powder, acidity regulators (INS 330, INS 296), anticaking agent (INS 551), flavour enhancer (INS 635), paprika oleoresin (INS 160c).
CONTAINS ADDED FLAVOUR (NATURAL AND NATURE IDENTICAL FLAVOURING SUBSTANCES).",30,"This product does not contain any allergens. 
It is made in a facility that processes products 
containing gluten,milk and its derivatives
nuts, and soya.",3 months,40,120,"AMRUD SNACK LIMITED
GALA NO.1, B2 & B3, BHARAT
COMPOUND, SURVEY NO.219, OPP. DODHIA
PETROL PUMP, KASHIMIRA, MIRA ROAD (E).
DIST. THANE, MAHARASHTRA- 401107

FSSAI Lic. No. 11517020000417","40grams for 45/- 
(1.11/- per gram)

120gm for 125/-
(per gm 1.04/-)",not_launched,45,216.95,3.3,30.56,0.63,0,1.58,9.05,4.23,,0,0,536.6,,10.9,6.2,,5.3,13.5,19.2,,26.8,
Launched products,Chatpata Millet Finger,1) No palm oil | 2) Source of protein | 3) Source of dietary fibre | 4) Roasted,"Jowar flour, corn flour, corn grits, rice flour, masala seasoning, edible vegetable oil (rice bran oil), tapioca starch, gram flour, iodised salt, black salt, red chilli powder.

Seasoning - Spices and spices extract (ginger powder, clove powder, cumin powder, fennel powder, coriander powder), dehydrated vegetable powder (tomato, garlic, lemon & onion), dry mango powder, yeast extract powder, sugar, maltodextrin, dextrose, glucose powder, acidity regulators (INS 330, INS 296), anticaking agent (INS 551), flavour enhancer (INS 635), paprika oleoresin (INS 160c).
CONTAINS ADDED FLAVOUR (NATURAL AND NATURE IDENTICAL FLAVOURING SUBSTANCES).",30,"This product does not contain any allergens. 
It is made in a facility that processes products 
containing gluten,milk and its derivatives
nuts, and soya.",3 months,40,120,"AMRUD SNACK LIMITED
GALA NO.1, B2 & B3, BHARAT
COMPOUND, SURVEY NO.219, OPP. DODHIA
PETROL PUMP, KASHIMIRA, MIRA ROAD (E).
DIST. THANE, MAHARASHTRA- 401107

FSSAI Lic. No. 11517020000417","40grams for 45/- 
(1.11/- per gram)

120gm for 125/-
(per gm 1.04/-)",not_launched,47,226.58,3.47,31.91,0.639,0,1.645,9.447,4.42,,0,0,560.475,,,,,,,,,,
Launched products,Chatpata Millet Finger,1) No palm oil | 2) Source of protein | 3) Source of dietary fibre | 4) Roasted,"Jowar flour, corn flour, corn grits, rice flour, masala seasoning, edible vegetable oil (rice bran oil), tapioca starch, gram flour, iodised salt, black salt, red chilli powder.

Seasoning - Spices and spices extract (ginger powder, clove powder, cumin powder, fennel powder, coriander powder), dehydrated vegetable powder (tomato, garlic, lemon & onion), dry mango powder, yeast extract powder, sugar, maltodextrin, dextrose, glucose powder, acidity regulators (INS 330, INS 296), anticaking agent (INS 551), flavour enhancer (INS 635), paprika oleoresin (INS 160c).
CONTAINS ADDED FLAVOUR (NATURAL AND NATURE IDENTICAL FLAVOURING SUBSTANCES).",30,"This product does not contain any allergens. 
It is made in a facility that processes products 
containing gluten,milk and its derivatives
nuts, and soya.",3 months,40,120,"AMRUD SNACK LIMITED
GALA NO.1, B2 & B3, BHARAT
COMPOUND, SURVEY NO.219, OPP. DODHIA
PETROL PUMP, KASHIMIRA, MIRA ROAD (E).
DIST. THANE, MAHARASHTRA- 401107

FSSAI Lic. No. 11517020000417","40grams for 45/- 
(1.11/- per gram)

120gm for 125/-
(per gm 1.04/-)",not_launched,60,289.26,4.44,40.74,0.81,0,2.1,12.06,5.64,,0,0,715.5,,,,,,,,,,
Launched products,Chatpata Millet Finger,1) No palm oil | 2) Source of protein | 3) Source of dietary fibre | 4) Roasted,"Jowar flour, corn flour, corn grits, rice flour, masala seasoning, edible vegetable oil (rice bran oil), tapioca starch, gram flour, iodised salt, black salt, red chilli powder.

Seasoning - Spices and spices extract (ginger powder, clove powder, cumin powder, fennel powder, coriander powder), dehydrated vegetable powder (tomato, garlic, lemon & onion), dry mango powder, yeast extract powder, sugar, maltodextrin, dextrose, glucose powder, acidity regulators (INS 330, INS 296), anticaking agent (INS 551), flavour enhancer (INS 635), paprika oleoresin (INS 160c).
CONTAINS ADDED FLAVOUR (NATURAL AND NATURE IDENTICAL FLAVOURING SUBSTANCES).",30,"This product does not contain any allergens. 
It is made in a facility that processes products 
containing gluten,milk and its derivatives
nuts, and soya.",3 months,40,120,"AMRUD SNACK LIMITED
GALA NO.1, B2 & B3, BHARAT
COMPOUND, SURVEY NO.219, OPP. DODHIA
PETROL PUMP, KASHIMIRA, MIRA ROAD (E).
DIST. THANE, MAHARASHTRA- 401107

FSSAI Lic. No. 11517020000417","40grams for 45/- 
(1.11/- per gram)

120gm for 125/-
(per gm 1.04/-)",not_launched,100,482.1,7.4,67.9,1.36,0,3.5,20.1,9.4,,0,0,1192.5,,24.1,13.7,,11.7,30,42.7,,59.6,
Launched products,Chatpata Millet Finger,1) No palm oil | 2) Source of protein | 3) Source of dietary fibre | 4) Roasted,"Jowar flour, corn flour, corn grits, rice flour, masala seasoning, edible vegetable oil (rice bran oil), tapioca starch, gram flour, iodised salt, black salt, red chilli powder.

Seasoning - Spices and spices extract (ginger powder, clove powder, cumin powder, fennel powder, coriander powder), dehydrated vegetable powder (tomato, garlic, lemon & onion), dry mango powder, yeast extract powder, sugar, maltodextrin, dextrose, glucose powder, acidity regulators (INS 330, INS 296), anticaking agent (INS 551), flavour enhancer (INS 635), paprika oleoresin (INS 160c).
CONTAINS ADDED FLAVOUR (NATURAL AND NATURE IDENTICAL FLAVOURING SUBSTANCES).",30,"This product does not contain any allergens. 
It is made in a facility that processes products 
containing gluten,milk and its derivatives
nuts, and soya.",3 months,40,120,"AMRUD SNACK LIMITED
GALA NO.1, B2 & B3, BHARAT
COMPOUND, SURVEY NO.219, OPP. DODHIA
PETROL PUMP, KASHIMIRA, MIRA ROAD (E).
DIST. THANE, MAHARASHTRA- 401107

FSSAI Lic. No. 11517020000417","40grams for 45/- 
(1.11/- per gram)

120gm for 125/-
(per gm 1.04/-)",not_launched,120,578.52,8.88,81.48,1.63,0,4.2,24.12,11.28,,0,0,1431,,28.9,16.4,,14,36,51.2,,71.55,
Launched products,Garlic Bread Chickpea Popped Chips,Rich in Protein | Rich in Dietary Fibre | Not Baked | Not Fried,"Chickpea, rice, potato, starch, edible vegetable oil (sunflower oil).

Seasoning: Dehydrated vegetable powder (garlic, onion), spices and spice extract, herbs (oregano), cheese powder, whole milk powder, edible vegetable oil (sunflower oil), salt, sugar, maltodextrin, acidity regulators (INS 262(i), INS 330), anti-caking agents (INS 551, INS 341(iii)).
CONTAINS NATURAL & NATURE IDENTICAL FLAVOURING SUBSTANCE(S)",30,Contains milk and milk products.,6 months,32,63,"MADON PURE FOODS PVT. LTD.     
AW 104 – 106, Rajlaxmi Commercial Complex, Opposite Haldiram Red Gate, Kahler, Bhiwandi, 421302, India.

FSSAI Lic. No. 11517018000565","50/- for 32gms
1.56/- per gram

95/- for 63gms
1.5/- per gram ",not_launched,30,120.87,3.237,21.057,1.143,0,2.349,2.631,0.81,1.81,0,0,299.19,,6,6,,7.8,3.9,3.7,,15,
Launched products,Garlic Bread Chickpea Popped Chips,Rich in Protein | Rich in Dietary Fibre | Not Baked | Not Fried,"Chickpea, rice, potato, starch, edible vegetable oil (sunflower oil).

Seasoning: Dehydrated vegetable powder (garlic, onion), spices and spice extract, herbs (oregano), cheese powder, whole milk powder, edible vegetable oil (sunflower oil), salt, sugar, maltodextrin, acidity regulators (INS 262(i), INS 330), anti-caking agents (INS 551, INS 341(iii)).
CONTAINS NATURAL & NATURE IDENTICAL FLAVOURING SUBSTANCE(S)",30,Contains milk and milk products.,6 months,32,63,"MADON PURE FOODS PVT. LTD.     
AW 104 – 106, Rajlaxmi Commercial Complex, Opposite Haldiram Red Gate, Kahler, Bhiwandi, 421302, India.

FSSAI Lic. No. 11517018000565","50/- for 32gms
1.56/- per gram

95/- for 63gms
1.5/- per gram ",not_launched,32,128.9,3.45,22.46,1.22,0,2.5,2.8,0.86,1.9,0,0,319.13,,,,,,,,,,
Launched products,Garlic Bread Chickpea Popped Chips,Rich in Protein | Rich in Dietary Fibre | Not Baked | Not Fried,"Chickpea, rice, potato, starch, edible vegetable oil (sunflower oil).

Seasoning: Dehydrated vegetable powder (garlic, onion), spices and spice extract, herbs (oregano), cheese powder, whole milk powder, edible vegetable oil (sunflower oil), salt, sugar, maltodextrin, acidity regulators (INS 262(i), INS 330), anti-caking agents (INS 551, INS 341(iii)).
CONTAINS NATURAL & NATURE IDENTICAL FLAVOURING SUBSTANCE(S)",30,Contains milk and milk products.,6 months,32,63,"MADON PURE FOODS PVT. LTD.     
AW 104 – 106, Rajlaxmi Commercial Complex, Opposite Haldiram Red Gate, Kahler, Bhiwandi, 421302, India.

FSSAI Lic. No. 11517018000565","50/- for 32gms
1.56/- per gram

95/- for 63gms
1.5/- per gram ",not_launched,60,241.74,6.474,42.114,2.286,0,4.698,5.262,1.62,3.62,0,0,598.38,,12.09,12,,15.66,7.85,7.38,,29.92,
Launched products,Garlic Bread Chickpea Popped Chips,Rich in Protein | Rich in Dietary Fibre | Not Baked | Not Fried,"Chickpea, rice, potato, starch, edible vegetable oil (sunflower oil).

Seasoning: Dehydrated vegetable powder (garlic, onion), spices and spice extract, herbs (oregano), cheese powder, whole milk powder, edible vegetable oil (sunflower oil), salt, sugar, maltodextrin, acidity regulators (INS 262(i), INS 330), anti-caking agents (INS 551, INS 341(iii)).
CONTAINS NATURAL & NATURE IDENTICAL FLAVOURING SUBSTANCE(S)",30,Contains milk and milk products.,6 months,32,63,"MADON PURE FOODS PVT. LTD.     
AW 104 – 106, Rajlaxmi Commercial Complex, Opposite Haldiram Red Gate, Kahler, Bhiwandi, 421302, India.

FSSAI Lic. No. 11517018000565","50/- for 32gms
1.56/- per gram

95/- for 63gms
1.5/- per gram ",not_launched,63,253.82,6.79,44.21,2.4,0,4.93,5.5,1.7,3.79,0,0,628.29,,,,,,,,,,
Launched products,Garlic Bread Chickpea Popped Chips,Rich in Protein | Rich in Dietary Fibre | Not Baked | Not Fried,"Chickpea, rice, potato, starch, edible vegetable oil (sunflower oil).

Seasoning: Dehydrated vegetable powder (garlic, onion), spices and spice extract, herbs (oregano), cheese powder, whole milk powder, edible vegetable oil (sunflower oil), salt, sugar, maltodextrin, acidity regulators (INS 262(i), INS 330), anti-caking agents (INS 551, INS 341(iii)).
CONTAINS NATURAL & NATURE IDENTICAL FLAVOURING SUBSTANCE(S)",30,Contains milk and milk products.,6 months,32,63,"MADON PURE FOODS PVT. LTD.     
AW 104 – 106, Rajlaxmi Commercial Complex, Opposite Haldiram Red Gate, Kahler, Bhiwandi, 421302, India.

FSSAI Lic. No. 11517018000565","50/- for 32gms
1.56/- per gram

95/- for 63gms
1.5/- per gram ",not_launched,100,402.9,10.79,70.19,3.81,0,7.83,8.77,2.7,6.03,0,0,997.3,,20.2,20,,26.1,13.1,12.3,,49.9,
Launched products,Thai Chilli Quinoa Popped Chips,Source of Protein | No Palm Oil | No Preservatives,"Brown rice, quinoa, chia seed, edible vegetable oil (sunflower oil).

Seasoning: Spices and condiments (chilli), cheese powder, garlic powder, hydrolysed vegetable protein, dehydrated herb (parsley), honey, edible vegetable oil (sunflower oil), sunflower lecithin, salt, sugar, maltodextrin, corn starch, flavour enhancers (INS 627, INS 631), anti-caking agents (INS 470, INS 551), acidity regulator (INS 330).
CONTAINS ADDED FLAVOUR (NATURAL AND NATURE IDENTICAL FLAVOURING SUBSTANCES)",30,"Contains milk products. Processed on equipment 
that is also used to process products containing milk, nuts and soya.",3 months,32,105,"MADON PURE FOODS PVT. LTD.     
AW 104 – 106, Rajlaxmi Commercial Complex, Opposite Haldiram Red Gate, Kahler, Bhiwandi, 421302, India.

FSSAI Lic. No. 11517018000565","32gm for 50/- (per gm 1.56/-)

105gm for 135/- (per gm 1.28/-)",not_launched,22,96.52,1.6,0,0.35,,,2.55,,,,,167.486,,4.8,3,,,3.8,,,8.4,
Launched products,Thai Chilli Quinoa Popped Chips,Source of Protein | No Palm Oil | No Preservatives,"Brown rice, quinoa, chia seed, edible vegetable oil (sunflower oil).

Seasoning: Spices and condiments (chilli), cheese powder, garlic powder, hydrolysed vegetable protein, dehydrated herb (parsley), honey, edible vegetable oil (sunflower oil), sunflower lecithin, salt, sugar, maltodextrin, corn starch, flavour enhancers (INS 627, INS 631), anti-caking agents (INS 470, INS 551), acidity regulator (INS 330).
CONTAINS ADDED FLAVOUR (NATURAL AND NATURE IDENTICAL FLAVOURING SUBSTANCES)",30,"Contains milk products. Processed on equipment 
that is also used to process products containing milk, nuts and soya.",3 months,32,105,"MADON PURE FOODS PVT. LTD.     
AW 104 – 106, Rajlaxmi Commercial Complex, Opposite Haldiram Red Gate, Kahler, Bhiwandi, 421302, India.

FSSAI Lic. No. 11517018000565","32gm for 50/- (per gm 1.56/-)

105gm for 135/- (per gm 1.28/-)",not_launched,30,131.6,2.19,0,0.48,,,3.48,,,,,228.4,,6.6,4.06,,,5.2,,,11.4,
Launched products,Thai Chilli Quinoa Popped Chips,Source of Protein | No Palm Oil | No Preservatives,"Brown rice, quinoa, chia seed, edible vegetable oil (sunflower oil).

Seasoning: Spices and condiments (chilli), cheese powder, garlic powder, hydrolysed vegetable protein, dehydrated herb (parsley), honey, edible vegetable oil (sunflower oil), sunflower lecithin, salt, sugar, maltodextrin, corn starch, flavour enhancers (INS 627, INS 631), anti-caking agents (INS 470, INS 551), acidity regulator (INS 330).
CONTAINS ADDED FLAVOUR (NATURAL AND NATURE IDENTICAL FLAVOURING SUBSTANCES)",30,"Contains milk products. Processed on equipment 
that is also used to process products containing milk, nuts and soya.",3 months,32,105,"MADON PURE FOODS PVT. LTD.     
AW 104 – 106, Rajlaxmi Commercial Complex, Opposite Haldiram Red Gate, Kahler, Bhiwandi, 421302, India.

FSSAI Lic. No. 11517018000565","32gm for 50/- (per gm 1.56/-)

105gm for 135/- (per gm 1.28/-)",not_launched,32,140.4,2.33,24.19,0.51,,,3.71,,,,,243.61,,,,,,,,,,
Launched products,Thai Chilli Quinoa Popped Chips,Source of Protein | No Palm Oil | No Preservatives,"Brown rice, quinoa, chia seed, edible vegetable oil (sunflower oil).

Seasoning: Spices and condiments (chilli), cheese powder, garlic powder, hydrolysed vegetable protein, dehydrated herb (parsley), honey, edible vegetable oil (sunflower oil), sunflower lecithin, salt, sugar, maltodextrin, corn starch, flavour enhancers (INS 627, INS 631), anti-caking agents (INS 470, INS 551), acidity regulator (INS 330).
CONTAINS ADDED FLAVOUR (NATURAL AND NATURE IDENTICAL FLAVOURING SUBSTANCES)",30,"Contains milk products. Processed on equipment 
that is also used to process products containing milk, nuts and soya.",3 months,32,105,"MADON PURE FOODS PVT. LTD.     
AW 104 – 106, Rajlaxmi Commercial Complex, Opposite Haldiram Red Gate, Kahler, Bhiwandi, 421302, India.

FSSAI Lic. No. 11517018000565","32gm for 50/- (per gm 1.56/-)

105gm for 135/- (per gm 1.28/-)",not_launched,35,153.56,2.5,26.4,0.56,,,4.06,,,,,266.45,,7.68,4.73,,,6.06,,,13.3,
Launched products,Thai Chilli Quinoa Popped Chips,Source of Protein | No Palm Oil | No Preservatives,"Brown rice, quinoa, chia seed, edible vegetable oil (sunflower oil).

Seasoning: Spices and condiments (chilli), cheese powder, garlic powder, hydrolysed vegetable protein, dehydrated herb (parsley), honey, edible vegetable oil (sunflower oil), sunflower lecithin, salt, sugar, maltodextrin, corn starch, flavour enhancers (INS 627, INS 631), anti-caking agents (INS 470, INS 551), acidity regulator (INS 330).
CONTAINS ADDED FLAVOUR (NATURAL AND NATURE IDENTICAL FLAVOURING SUBSTANCES)",30,"Contains milk products. Processed on equipment 
that is also used to process products containing milk, nuts and soya.",3 months,32,105,"MADON PURE FOODS PVT. LTD.     
AW 104 – 106, Rajlaxmi Commercial Complex, Opposite Haldiram Red Gate, Kahler, Bhiwandi, 421302, India.

FSSAI Lic. No. 11517018000565","32gm for 50/- (per gm 1.56/-)

105gm for 135/- (per gm 1.28/-)",not_launched,40,175.5,2.92,30.24,0.64,,,4.64,,,,,304.52,,,,,,,,,,
Launched products,Thai Chilli Quinoa Popped Chips,Source of Protein | No Palm Oil | No Preservatives,"Brown rice, quinoa, chia seed, edible vegetable oil (sunflower oil).

Seasoning: Spices and condiments (chilli), cheese powder, garlic powder, hydrolysed vegetable protein, dehydrated herb (parsley), honey, edible vegetable oil (sunflower oil), sunflower lecithin, salt, sugar, maltodextrin, corn starch, flavour enhancers (INS 627, INS 631), anti-caking agents (INS 470, INS 551), acidity regulator (INS 330).
CONTAINS ADDED FLAVOUR (NATURAL AND NATURE IDENTICAL FLAVOURING SUBSTANCES)",30,"Contains milk products. Processed on equipment 
that is also used to process products containing milk, nuts and soya.",3 months,32,105,"MADON PURE FOODS PVT. LTD.     
AW 104 – 106, Rajlaxmi Commercial Complex, Opposite Haldiram Red Gate, Kahler, Bhiwandi, 421302, India.

FSSAI Lic. No. 11517018000565","32gm for 50/- (per gm 1.56/-)

105gm for 135/- (per gm 1.28/-)",not_launched,50,219.38,3.65,37.8,0.8,,,5.8,,,,,380.65,,,,,,,,,,
Launched products,Thai Chilli Quinoa Popped Chips,Source of Protein | No Palm Oil | No Preservatives,"Brown rice, quinoa, chia seed, edible vegetable oil (sunflower oil).

Seasoning: Spices and condiments (chilli), cheese powder, garlic powder, hydrolysed vegetable protein, dehydrated herb (parsley), honey, edible vegetable oil (sunflower oil), sunflower lecithin, salt, sugar, maltodextrin, corn starch, flavour enhancers (INS 627, INS 631), anti-caking agents (INS 470, INS 551), acidity regulator (INS 330).
CONTAINS ADDED FLAVOUR (NATURAL AND NATURE IDENTICAL FLAVOURING SUBSTANCES)",30,"Contains milk products. Processed on equipment 
that is also used to process products containing milk, nuts and soya.",3 months,32,105,"MADON PURE FOODS PVT. LTD.     
AW 104 – 106, Rajlaxmi Commercial Complex, Opposite Haldiram Red Gate, Kahler, Bhiwandi, 421302, India.

FSSAI Lic. No. 11517018000565","32gm for 50/- (per gm 1.56/-)

105gm for 135/- (per gm 1.28/-)",not_launched,60,263.25,4.38,45.36,0.96,,,6.96,,,,,456.78,,,,,,,,,,
Launched products,Thai Chilli Quinoa Popped Chips,Source of Protein | No Palm Oil | No Preservatives,"Brown rice, quinoa, chia seed, edible vegetable oil (sunflower oil).

Seasoning: Spices and condiments (chilli), cheese powder, garlic powder, hydrolysed vegetable protein, dehydrated herb (parsley), honey, edible vegetable oil (sunflower oil), sunflower lecithin, salt, sugar, maltodextrin, corn starch, flavour enhancers (INS 627, INS 631), anti-caking agents (INS 470, INS 551), acidity regulator (INS 330).
CONTAINS ADDED FLAVOUR (NATURAL AND NATURE IDENTICAL FLAVOURING SUBSTANCES)",30,"Contains milk products. Processed on equipment 
that is also used to process products containing milk, nuts and soya.",3 months,32,105,"MADON PURE FOODS PVT. LTD.     
AW 104 – 106, Rajlaxmi Commercial Complex, Opposite Haldiram Red Gate, Kahler, Bhiwandi, 421302, India.

FSSAI Lic. No. 11517018000565","32gm for 50/- (per gm 1.56/-)

105gm for 135/- (per gm 1.28/-)",not_launched,100,438.76,7.3,75.6,1.6,,,11.6,,,,,761.3,,22,13.5,,,17.3,,,38.1,
Launched products,Thai Chilli Quinoa Popped Chips,Source of Protein | No Palm Oil | No Preservatives,"Brown rice, quinoa, chia seed, edible vegetable oil (sunflower oil).

Seasoning: Spices and condiments (chilli), cheese powder, garlic powder, hydrolysed vegetable protein, dehydrated herb (parsley), honey, edible vegetable oil (sunflower oil), sunflower lecithin, salt, sugar, maltodextrin, corn starch, flavour enhancers (INS 627, INS 631), anti-caking agents (INS 470, INS 551), acidity regulator (INS 330).
CONTAINS ADDED FLAVOUR (NATURAL AND NATURE IDENTICAL FLAVOURING SUBSTANCES)",30,"Contains milk products. Processed on equipment 
that is also used to process products containing milk, nuts and soya.",3 months,32,105,"MADON PURE FOODS PVT. LTD.     
AW 104 – 106, Rajlaxmi Commercial Complex, Opposite Haldiram Red Gate, Kahler, Bhiwandi, 421302, India.

FSSAI Lic. No. 11517018000565","32gm for 50/- (per gm 1.56/-)

105gm for 135/- (per gm 1.28/-)",not_launched,105,459.9,7.66,79.3,1.68,,,12.18,,,,,799.36,,,,,,,,,,
Launched products,Dahi papdi quinoa puffs,Rich in Protein | Source of Dietary Fibre | Roasted | Made with Whole Grains | No Palm Oil,"Quinoa, corn, rice, jowar, oats, gram flour, potato flakes, edible vegetable oil (rice bran oil).

Seasoning: Spices and condiments (garlic, cumin, onion, chilli), hydrolysed vegetable protein (soya), yeast extract powder, edible vegetable oil (sunflower oil), iodised salt, black salt, milk solids, sugar, acidity regulators (INS 262(i), INS 330), anti-caking agents (INS 551, INS 341(iii)), flavour enhancers (INS 627, INS 631).

CONTAINS NATURAL & NATURE IDENTICAL FLAVOURING SUBSTANCE(S).",35,"Contains soya & milk products & made in a facility that processes nuts, seeds, wheat flour and other allergen material.",3 months,38,105,"
NUTROMODE SNACKS PVT. LTD.
PLOT NO 203 BEHIND INDIAN OIL PETROL
PUMP DHAKAMBE DINDORI, NASHIK,
MAHARASHTRA-422004

FSSAI Lic. No.: 11525999000526","38g for 60/-
(1.57 per gram)

105g for 155/-
(1.47per gram)",not_launched,15,68.09,1.77,10.05,1.3,0.92,0.84,2.3,0.81,1.49,0.02,0.15,150.93,,3.4,3.3,1.9,2.8,3.4,3.7,0.7,7.5,
Launched products,Dahi papdi quinoa puffs,Rich in Protein | Source of Dietary Fibre | Roasted | Made with Whole Grains | No Palm Oil,"Quinoa, corn, rice, jowar, oats, gram flour, potato flakes, edible vegetable oil (rice bran oil).

Seasoning: Spices and condiments (garlic, cumin, onion, chilli), hydrolysed vegetable protein (soya), yeast extract powder, edible vegetable oil (sunflower oil), iodised salt, black salt, milk solids, sugar, acidity regulators (INS 262(i), INS 330), anti-caking agents (INS 551, INS 341(iii)), flavour enhancers (INS 627, INS 631).

CONTAINS NATURAL & NATURE IDENTICAL FLAVOURING SUBSTANCE(S).",35,"Contains soya & milk products & made in a facility that processes nuts, seeds, wheat flour and other allergen material.",3 months,38,105,"
NUTROMODE SNACKS PVT. LTD.
PLOT NO 203 BEHIND INDIAN OIL PETROL
PUMP DHAKAMBE DINDORI, NASHIK,
MAHARASHTRA-422004

FSSAI Lic. No.: 11525999000526","38g for 60/-
(1.57 per gram)

105g for 155/-
(1.47per gram)",not_launched,20,90.78,2.36,13.41,1.73,1.23,1.13,3.07,1.08,1.99,0.02,0.2,201.24,,4.5,4.4,2.5,3.8,4.6,4.9,1,10,
Launched products,Dahi papdi quinoa puffs,Rich in Protein | Source of Dietary Fibre | Roasted | Made with Whole Grains | No Palm Oil,"Quinoa, corn, rice, jowar, oats, gram flour, potato flakes, edible vegetable oil (rice bran oil).

Seasoning: Spices and condiments (garlic, cumin, onion, chilli), hydrolysed vegetable protein (soya), yeast extract powder, edible vegetable oil (sunflower oil), iodised salt, black salt, milk solids, sugar, acidity regulators (INS 262(i), INS 330), anti-caking agents (INS 551, INS 341(iii)), flavour enhancers (INS 627, INS 631).

CONTAINS NATURAL & NATURE IDENTICAL FLAVOURING SUBSTANCE(S).",35,"Contains soya & milk products & made in a facility that processes nuts, seeds, wheat flour and other allergen material.",3 months,38,105,"
NUTROMODE SNACKS PVT. LTD.
PLOT NO 203 BEHIND INDIAN OIL PETROL
PUMP DHAKAMBE DINDORI, NASHIK,
MAHARASHTRA-422004

FSSAI Lic. No.: 11525999000526","38g for 60/-
(1.57 per gram)

105g for 155/-
(1.47per gram)",not_launched,35,158.87,4.14,23.46,3.03,2.15,1.97,5.38,1.89,3.48,0.04,0.35,352.17,,7.9,7.6,4.3,6.6,8,8.6,1.8,17.6,
Launched products,Dahi papdi quinoa puffs,Rich in Protein | Source of Dietary Fibre | Roasted | Made with Whole Grains | No Palm Oil,"Quinoa, corn, rice, jowar, oats, gram flour, potato flakes, edible vegetable oil (rice bran oil).

Seasoning: Spices and condiments (garlic, cumin, onion, chilli), hydrolysed vegetable protein (soya), yeast extract powder, edible vegetable oil (sunflower oil), iodised salt, black salt, milk solids, sugar, acidity regulators (INS 262(i), INS 330), anti-caking agents (INS 551, INS 341(iii)), flavour enhancers (INS 627, INS 631).

CONTAINS NATURAL & NATURE IDENTICAL FLAVOURING SUBSTANCE(S).",35,"Contains soya & milk products & made in a facility that processes nuts, seeds, wheat flour and other allergen material.",3 months,38,105,"
NUTROMODE SNACKS PVT. LTD.
PLOT NO 203 BEHIND INDIAN OIL PETROL
PUMP DHAKAMBE DINDORI, NASHIK,
MAHARASHTRA-422004

FSSAI Lic. No.: 11525999000526","38g for 60/-
(1.57 per gram)

105g for 155/-
(1.47per gram)",not_launched,38,172.49,4.49,25.47,3.29,2.34,2.14,5.84,2.05,3.78,0.04,0.38,382.35,,,,,,,,,,
Launched products,Dahi papdi quinoa puffs,Rich in Protein | Source of Dietary Fibre | Roasted | Made with Whole Grains | No Palm Oil,"Quinoa, corn, rice, jowar, oats, gram flour, potato flakes, edible vegetable oil (rice bran oil).

Seasoning: Spices and condiments (garlic, cumin, onion, chilli), hydrolysed vegetable protein (soya), yeast extract powder, edible vegetable oil (sunflower oil), iodised salt, black salt, milk solids, sugar, acidity regulators (INS 262(i), INS 330), anti-caking agents (INS 551, INS 341(iii)), flavour enhancers (INS 627, INS 631).

CONTAINS NATURAL & NATURE IDENTICAL FLAVOURING SUBSTANCE(S).",35,"Contains soya & milk products & made in a facility that processes nuts, seeds, wheat flour and other allergen material.",3 months,38,105,"
NUTROMODE SNACKS PVT. LTD.
PLOT NO 203 BEHIND INDIAN OIL PETROL
PUMP DHAKAMBE DINDORI, NASHIK,
MAHARASHTRA-422004

FSSAI Lic. No.: 11525999000526","38g for 60/-
(1.57 per gram)

105g for 155/-
(1.47per gram)",not_launched,55,249.67,6.5,36.87,4.76,3.39,3.1,8.45,2.97,5.47,0.06,0.55,553.41,,,,,,,,,,
Launched products,Dahi papdi quinoa puffs,Rich in Protein | Source of Dietary Fibre | Roasted | Made with Whole Grains | No Palm Oil,"Quinoa, corn, rice, jowar, oats, gram flour, potato flakes, edible vegetable oil (rice bran oil).

Seasoning: Spices and condiments (garlic, cumin, onion, chilli), hydrolysed vegetable protein (soya), yeast extract powder, edible vegetable oil (sunflower oil), iodised salt, black salt, milk solids, sugar, acidity regulators (INS 262(i), INS 330), anti-caking agents (INS 551, INS 341(iii)), flavour enhancers (INS 627, INS 631).

CONTAINS NATURAL & NATURE IDENTICAL FLAVOURING SUBSTANCE(S).",35,"Contains soya & milk products & made in a facility that processes nuts, seeds, wheat flour and other allergen material.",3 months,38,105,"
NUTROMODE SNACKS PVT. LTD.
PLOT NO 203 BEHIND INDIAN OIL PETROL
PUMP DHAKAMBE DINDORI, NASHIK,
MAHARASHTRA-422004

FSSAI Lic. No.: 11525999000526","38g for 60/-
(1.57 per gram)

105g for 155/-
(1.47per gram)",not_launched,100,453.94,11.83,67.05,8.67,6.17,5.65,15.38,5.41,9.96,0.1,1,1006.2,,,,,,,,,,
Launched products,Sriracha quinoa puffs,Source of Protein | Roasted | Made with Whole Grains | No Palm Oil,"Quinoa, corn, rice, jowar, oats, gram flour, potato flakes, iodised salt, edible vegetable oil (rice bran oil).

Seasoing : Spices and condiments (cumin powder, dry coriander powder, red chilli powder), dehydrated vegetable powder (onion, garlic, lime), hydrolysed vegetable protein (soya), yeast extract powder, black salt, maltodextrin, flavour enhancers (INS 627, INS 631), anti-caking agent (INS 551), acidity regulators (INS 262 (i),INS 330, INS 296).

CONTAINS NATURAL AND NATURE-IDENTICAL FLAVOURING SUBSTANCE(S).",35,"Contains Soya. Manufactured in a facility on shared equipments that also handles peanuts, tree nuts, mustard, sesame, gluten.",3 months,38,105,"

SNACKSMITHS PVT. LTD.
UNIT NO. 104, FIRST FLOOR, BLDG. NO. 5, SQUARE INDUSTRIAL PARK, NATIONAL HIGHWAY - 8, NEAR TUNGARESHWAR PHATA, VASAI (EAST) - 401208, MAHARASHTRA, INDIA
FSSAI Lic. No.: 115190190000642","38g for 60/-
(1.57per gram)

105g for 155/-
(1.45 per gram)",not_launched,15,66.22,1.29,9.73,0.48,,,2.01,,,,,,,3.3,2.3,,,,,,,
Launched products,Sriracha quinoa puffs,Source of Protein | Roasted | Made with Whole Grains | No Palm Oil,"Quinoa, corn, rice, jowar, oats, gram flour, potato flakes, iodised salt, edible vegetable oil (rice bran oil).

Seasoing : Spices and condiments (cumin powder, dry coriander powder, red chilli powder), dehydrated vegetable powder (onion, garlic, lime), hydrolysed vegetable protein (soya), yeast extract powder, black salt, maltodextrin, flavour enhancers (INS 627, INS 631), anti-caking agent (INS 551), acidity regulators (INS 262 (i),INS 330, INS 296).

CONTAINS NATURAL AND NATURE-IDENTICAL FLAVOURING SUBSTANCE(S).",35,"Contains Soya. Manufactured in a facility on shared equipments that also handles peanuts, tree nuts, mustard, sesame, gluten.",3 months,38,105,"

SNACKSMITHS PVT. LTD.
UNIT NO. 104, FIRST FLOOR, BLDG. NO. 5, SQUARE INDUSTRIAL PARK, NATIONAL HIGHWAY - 8, NEAR TUNGARESHWAR PHATA, VASAI (EAST) - 401208, MAHARASHTRA, INDIA
FSSAI Lic. No.: 115190190000642","38g for 60/-
(1.57per gram)

105g for 155/-
(1.45 per gram)",not_launched,20,88.3,1.72,12.98,0.64,,,2.68,,,,,,,4.4,3.2,,,,,,,
Launched products,Sriracha quinoa puffs,Source of Protein | Roasted | Made with Whole Grains | No Palm Oil,"Quinoa, corn, rice, jowar, oats, gram flour, potato flakes, iodised salt, edible vegetable oil (rice bran oil).

Seasoing : Spices and condiments (cumin powder, dry coriander powder, red chilli powder), dehydrated vegetable powder (onion, garlic, lime), hydrolysed vegetable protein (soya), yeast extract powder, black salt, maltodextrin, flavour enhancers (INS 627, INS 631), anti-caking agent (INS 551), acidity regulators (INS 262 (i),INS 330, INS 296).

CONTAINS NATURAL AND NATURE-IDENTICAL FLAVOURING SUBSTANCE(S).",35,"Contains Soya. Manufactured in a facility on shared equipments that also handles peanuts, tree nuts, mustard, sesame, gluten.",3 months,38,105,"

SNACKSMITHS PVT. LTD.
UNIT NO. 104, FIRST FLOOR, BLDG. NO. 5, SQUARE INDUSTRIAL PARK, NATIONAL HIGHWAY - 8, NEAR TUNGARESHWAR PHATA, VASAI (EAST) - 401208, MAHARASHTRA, INDIA
FSSAI Lic. No.: 115190190000642","38g for 60/-
(1.57per gram)

105g for 155/-
(1.45 per gram)",not_launched,35,154.52,3.01,22.71,1.12,,,4.69,,,,,,,7.7,5.6,,,,,,,
Launched products,Sriracha quinoa puffs,Source of Protein | Roasted | Made with Whole Grains | No Palm Oil,"Quinoa, corn, rice, jowar, oats, gram flour, potato flakes, iodised salt, edible vegetable oil (rice bran oil).

Seasoing : Spices and condiments (cumin powder, dry coriander powder, red chilli powder), dehydrated vegetable powder (onion, garlic, lime), hydrolysed vegetable protein (soya), yeast extract powder, black salt, maltodextrin, flavour enhancers (INS 627, INS 631), anti-caking agent (INS 551), acidity regulators (INS 262 (i),INS 330, INS 296).

CONTAINS NATURAL AND NATURE-IDENTICAL FLAVOURING SUBSTANCE(S).",35,"Contains Soya. Manufactured in a facility on shared equipments that also handles peanuts, tree nuts, mustard, sesame, gluten.",3 months,38,105,"

SNACKSMITHS PVT. LTD.
UNIT NO. 104, FIRST FLOOR, BLDG. NO. 5, SQUARE INDUSTRIAL PARK, NATIONAL HIGHWAY - 8, NEAR TUNGARESHWAR PHATA, VASAI (EAST) - 401208, MAHARASHTRA, INDIA
FSSAI Lic. No.: 115190190000642","38g for 60/-
(1.57per gram)

105g for 155/-
(1.45 per gram)",not_launched,37,163.35,3.182,24.013,1.184,,,4.95,,,,,,,,,,,,,,,
Launched products,Sriracha quinoa puffs,Source of Protein | Roasted | Made with Whole Grains | No Palm Oil,"Quinoa, corn, rice, jowar, oats, gram flour, potato flakes, iodised salt, edible vegetable oil (rice bran oil).

Seasoing : Spices and condiments (cumin powder, dry coriander powder, red chilli powder), dehydrated vegetable powder (onion, garlic, lime), hydrolysed vegetable protein (soya), yeast extract powder, black salt, maltodextrin, flavour enhancers (INS 627, INS 631), anti-caking agent (INS 551), acidity regulators (INS 262 (i),INS 330, INS 296).

CONTAINS NATURAL AND NATURE-IDENTICAL FLAVOURING SUBSTANCE(S).",35,"Contains Soya. Manufactured in a facility on shared equipments that also handles peanuts, tree nuts, mustard, sesame, gluten.",3 months,38,105,"

SNACKSMITHS PVT. LTD.
UNIT NO. 104, FIRST FLOOR, BLDG. NO. 5, SQUARE INDUSTRIAL PARK, NATIONAL HIGHWAY - 8, NEAR TUNGARESHWAR PHATA, VASAI (EAST) - 401208, MAHARASHTRA, INDIA
FSSAI Lic. No.: 115190190000642","38g for 60/-
(1.57per gram)

105g for 155/-
(1.45 per gram)",not_launched,38,167.77,3.268,24.66,1.21,,,5,,,,,,,,,,,,,,,
Launched products,Sriracha quinoa puffs,Source of Protein | Roasted | Made with Whole Grains | No Palm Oil,"Quinoa, corn, rice, jowar, oats, gram flour, potato flakes, iodised salt, edible vegetable oil (rice bran oil).

Seasoing : Spices and condiments (cumin powder, dry coriander powder, red chilli powder), dehydrated vegetable powder (onion, garlic, lime), hydrolysed vegetable protein (soya), yeast extract powder, black salt, maltodextrin, flavour enhancers (INS 627, INS 631), anti-caking agent (INS 551), acidity regulators (INS 262 (i),INS 330, INS 296).

CONTAINS NATURAL AND NATURE-IDENTICAL FLAVOURING SUBSTANCE(S).",35,"Contains Soya. Manufactured in a facility on shared equipments that also handles peanuts, tree nuts, mustard, sesame, gluten.",3 months,38,105,"

SNACKSMITHS PVT. LTD.
UNIT NO. 104, FIRST FLOOR, BLDG. NO. 5, SQUARE INDUSTRIAL PARK, NATIONAL HIGHWAY - 8, NEAR TUNGARESHWAR PHATA, VASAI (EAST) - 401208, MAHARASHTRA, INDIA
FSSAI Lic. No.: 115190190000642","38g for 60/-
(1.57per gram)

105g for 155/-
(1.45 per gram)",not_launched,55,242.82,4.73,35.69,1.76,,,7.37,,,,,,,,,,,,,,,
Launched products,Sriracha quinoa puffs,Source of Protein | Roasted | Made with Whole Grains | No Palm Oil,"Quinoa, corn, rice, jowar, oats, gram flour, potato flakes, iodised salt, edible vegetable oil (rice bran oil).

Seasoing : Spices and condiments (cumin powder, dry coriander powder, red chilli powder), dehydrated vegetable powder (onion, garlic, lime), hydrolysed vegetable protein (soya), yeast extract powder, black salt, maltodextrin, flavour enhancers (INS 627, INS 631), anti-caking agent (INS 551), acidity regulators (INS 262 (i),INS 330, INS 296).

CONTAINS NATURAL AND NATURE-IDENTICAL FLAVOURING SUBSTANCE(S).",35,"Contains Soya. Manufactured in a facility on shared equipments that also handles peanuts, tree nuts, mustard, sesame, gluten.",3 months,38,105,"

SNACKSMITHS PVT. LTD.
UNIT NO. 104, FIRST FLOOR, BLDG. NO. 5, SQUARE INDUSTRIAL PARK, NATIONAL HIGHWAY - 8, NEAR TUNGARESHWAR PHATA, VASAI (EAST) - 401208, MAHARASHTRA, INDIA
FSSAI Lic. No.: 115190190000642","38g for 60/-
(1.57per gram)

105g for 155/-
(1.45 per gram)",not_launched,100,441.5,8.6,64.9,3.2,,,13.4,,,,,,,22.1,15.9,,,,,,,
Launched products,Sriracha quinoa puffs,Source of Protein | Roasted | Made with Whole Grains | No Palm Oil,"Quinoa, corn, rice, jowar, oats, gram flour, potato flakes, iodised salt, edible vegetable oil (rice bran oil).

Seasoing : Spices and condiments (cumin powder, dry coriander powder, red chilli powder), dehydrated vegetable powder (onion, garlic, lime), hydrolysed vegetable protein (soya), yeast extract powder, black salt, maltodextrin, flavour enhancers (INS 627, INS 631), anti-caking agent (INS 551), acidity regulators (INS 262 (i),INS 330, INS 296).

CONTAINS NATURAL AND NATURE-IDENTICAL FLAVOURING SUBSTANCE(S).",35,"Contains Soya. Manufactured in a facility on shared equipments that also handles peanuts, tree nuts, mustard, sesame, gluten.",3 months,38,105,"

SNACKSMITHS PVT. LTD.
UNIT NO. 104, FIRST FLOOR, BLDG. NO. 5, SQUARE INDUSTRIAL PARK, NATIONAL HIGHWAY - 8, NEAR TUNGARESHWAR PHATA, VASAI (EAST) - 401208, MAHARASHTRA, INDIA
FSSAI Lic. No.: 115190190000642","38g for 60/-
(1.57per gram)

105g for 155/-
(1.45 per gram)",not_launched,105,463.57,9.03,68.14,3.36,,,14.07,,,,,,,,,,,,,,,
Launched products,Tangy Tomato chickpea puff,Rich in Dietary fibre | Rich In Protein | No Palm Oil | No Trans Fat,"Chickpea, rice, tapioca starch, edible vegetable oil (rice bran oil).

Seasoning: Spices and condiments (chilli, onion, garlic, clove), tomato powder, yeast extract powder, hydrolysed vegetable protein (soya), iodised salt, sugar, acidity regulators (INS 262(i), INS 296, INS 330, INS 334), anti-caking agent (INS 551), flavour enhancers (INS 627, INS 631). 

CONTAINS NATURAL & NATURE IDENTICAL FLAVOURING SUBSTANCE(S).",35,"Contains soy and manufactured in a facility on shared equipment that also processes soya, peanuts, tree nuts, mustard, sesame, gluten, milk & milk products.",3 months,38,105,"Snacksmiths PVT. LTD.
Unit No.104, First Floor, Bldg. No.5, Square Industrial Park, National Highway - 8, Near Tungareshwar Phata, Vasai (East) - 401208, Maharashtra, India 
FSSAI Lic. No. 115190190000642","50 for 38g (per gm-1.3/-)

135 for 105g(per gm-1.28/-)",not_launched,20,88,2.208,14.2,1,0.95,1.72,2.5,0.34,,0,0,208.24,,4.4,4.1,1.9,5.7,3.7,1.6,,10.41,
Launched products,Tangy Tomato chickpea puff,Rich in Dietary fibre | Rich In Protein | No Palm Oil | No Trans Fat,"Chickpea, rice, tapioca starch, edible vegetable oil (rice bran oil).

Seasoning: Spices and condiments (chilli, onion, garlic, clove), tomato powder, yeast extract powder, hydrolysed vegetable protein (soya), iodised salt, sugar, acidity regulators (INS 262(i), INS 296, INS 330, INS 334), anti-caking agent (INS 551), flavour enhancers (INS 627, INS 631). 

CONTAINS NATURAL & NATURE IDENTICAL FLAVOURING SUBSTANCE(S).",35,"Contains soy and manufactured in a facility on shared equipment that also processes soya, peanuts, tree nuts, mustard, sesame, gluten, milk & milk products.",3 months,38,105,"Snacksmiths PVT. LTD.
Unit No.104, First Floor, Bldg. No.5, Square Industrial Park, National Highway - 8, Near Tungareshwar Phata, Vasai (East) - 401208, Maharashtra, India 
FSSAI Lic. No. 115190190000642","50 for 38g (per gm-1.3/-)

135 for 105g(per gm-1.28/-)",not_launched,25,110,2.76,17.7,1.25,1.18,2.15,3.1,0.42,,0,0,260.3,,5.5,5.1,2.4,7.2,4.6,1.9,,13.02,
Launched products,Tangy Tomato chickpea puff,Rich in Dietary fibre | Rich In Protein | No Palm Oil | No Trans Fat,"Chickpea, rice, tapioca starch, edible vegetable oil (rice bran oil).

Seasoning: Spices and condiments (chilli, onion, garlic, clove), tomato powder, yeast extract powder, hydrolysed vegetable protein (soya), iodised salt, sugar, acidity regulators (INS 262(i), INS 296, INS 330, INS 334), anti-caking agent (INS 551), flavour enhancers (INS 627, INS 631). 

CONTAINS NATURAL & NATURE IDENTICAL FLAVOURING SUBSTANCE(S).",35,"Contains soy and manufactured in a facility on shared equipment that also processes soya, peanuts, tree nuts, mustard, sesame, gluten, milk & milk products.",3 months,38,105,"Snacksmiths PVT. LTD.
Unit No.104, First Floor, Bldg. No.5, Square Industrial Park, National Highway - 8, Near Tungareshwar Phata, Vasai (East) - 401208, Maharashtra, India 
FSSAI Lic. No. 115190190000642","50 for 38g (per gm-1.3/-)

135 for 105g(per gm-1.28/-)",not_launched,30,132,3.31,21.29,1.49,1.41,2.58,3.72,0.51,,0,0,312.3,,6.6,6.1,2.84,8.61,5.55,2.3,,15.6,
Launched products,Tangy Tomato chickpea puff,Rich in Dietary fibre | Rich In Protein | No Palm Oil | No Trans Fat,"Chickpea, rice, tapioca starch, edible vegetable oil (rice bran oil).

Seasoning: Spices and condiments (chilli, onion, garlic, clove), tomato powder, yeast extract powder, hydrolysed vegetable protein (soya), iodised salt, sugar, acidity regulators (INS 262(i), INS 296, INS 330, INS 334), anti-caking agent (INS 551), flavour enhancers (INS 627, INS 631). 

CONTAINS NATURAL & NATURE IDENTICAL FLAVOURING SUBSTANCE(S).",35,"Contains soy and manufactured in a facility on shared equipment that also processes soya, peanuts, tree nuts, mustard, sesame, gluten, milk & milk products.",3 months,38,105,"Snacksmiths PVT. LTD.
Unit No.104, First Floor, Bldg. No.5, Square Industrial Park, National Highway - 8, Near Tungareshwar Phata, Vasai (East) - 401208, Maharashtra, India 
FSSAI Lic. No. 115190190000642","50 for 38g (per gm-1.3/-)

135 for 105g(per gm-1.28/-)",not_launched,35,154,3.86,24.8,1.7,1.65,3,4.3,0.59,,0,0,364.4,,7.7,7.2,3.3,10,6.5,2.7,,18.2,
Launched products,Tangy Tomato chickpea puff,Rich in Dietary fibre | Rich In Protein | No Palm Oil | No Trans Fat,"Chickpea, rice, tapioca starch, edible vegetable oil (rice bran oil).

Seasoning: Spices and condiments (chilli, onion, garlic, clove), tomato powder, yeast extract powder, hydrolysed vegetable protein (soya), iodised salt, sugar, acidity regulators (INS 262(i), INS 296, INS 330, INS 334), anti-caking agent (INS 551), flavour enhancers (INS 627, INS 631). 

CONTAINS NATURAL & NATURE IDENTICAL FLAVOURING SUBSTANCE(S).",35,"Contains soy and manufactured in a facility on shared equipment that also processes soya, peanuts, tree nuts, mustard, sesame, gluten, milk & milk products.",3 months,38,105,"Snacksmiths PVT. LTD.
Unit No.104, First Floor, Bldg. No.5, Square Industrial Park, National Highway - 8, Near Tungareshwar Phata, Vasai (East) - 401208, Maharashtra, India 
FSSAI Lic. No. 115190190000642","50 for 38g (per gm-1.3/-)

135 for 105g(per gm-1.28/-)",not_launched,38,167.2,4.2,26.97,4.71,1.89,3.27,4.71,0.64,,0,0,395.65,,,,,,,,,,
Launched products,Tangy Tomato chickpea puff,Rich in Dietary fibre | Rich In Protein | No Palm Oil | No Trans Fat,"Chickpea, rice, tapioca starch, edible vegetable oil (rice bran oil).

Seasoning: Spices and condiments (chilli, onion, garlic, clove), tomato powder, yeast extract powder, hydrolysed vegetable protein (soya), iodised salt, sugar, acidity regulators (INS 262(i), INS 296, INS 330, INS 334), anti-caking agent (INS 551), flavour enhancers (INS 627, INS 631). 

CONTAINS NATURAL & NATURE IDENTICAL FLAVOURING SUBSTANCE(S).",35,"Contains soy and manufactured in a facility on shared equipment that also processes soya, peanuts, tree nuts, mustard, sesame, gluten, milk & milk products.",3 months,38,105,"Snacksmiths PVT. LTD.
Unit No.104, First Floor, Bldg. No.5, Square Industrial Park, National Highway - 8, Near Tungareshwar Phata, Vasai (East) - 401208, Maharashtra, India 
FSSAI Lic. No. 115190190000642","50 for 38g (per gm-1.3/-)

135 for 105g(per gm-1.28/-)",not_launched,100,440,11.04,70.99,4.98,4.73,8.61,12.41,1.71,,0,0,1041.2,,22,20.4,9.46,28.7,18.5,7.8,,52,
Launched products,Tangy Tomato chickpea puff,Rich in Dietary fibre | Rich In Protein | No Palm Oil | No Trans Fat,"Chickpea, rice, tapioca starch, edible vegetable oil (rice bran oil).

Seasoning: Spices and condiments (chilli, onion, garlic, clove), tomato powder, yeast extract powder, hydrolysed vegetable protein (soya), iodised salt, sugar, acidity regulators (INS 262(i), INS 296, INS 330, INS 334), anti-caking agent (INS 551), flavour enhancers (INS 627, INS 631). 

CONTAINS NATURAL & NATURE IDENTICAL FLAVOURING SUBSTANCE(S).",35,"Contains soy and manufactured in a facility on shared equipment that also processes soya, peanuts, tree nuts, mustard, sesame, gluten, milk & milk products.",3 months,38,105,"Snacksmiths PVT. LTD.
Unit No.104, First Floor, Bldg. No.5, Square Industrial Park, National Highway - 8, Near Tungareshwar Phata, Vasai (East) - 401208, Maharashtra, India 
FSSAI Lic. No. 115190190000642","50 for 38g (per gm-1.3/-)

135 for 105g(per gm-1.28/-)",not_launched,105,462,11.59,74.53,5.22,4.96,9.04,13.03,1.79,,0,0,1093.26,,,,,,,,,,
Launched products,Peri Peri Ragi Chips,Source of Calcium | Rich in Dietary Fibre | Source of Protein | No Palm Oil,"Ragi flour, tapioca starch, rice flour, white lentil flour, gram flour, iodised salt, edible vegetable oil (rice bran oil).
 
Seasoning: Spices & spice extracts (red chilli powder, dehydrated garlic powder, onion, ginger powder), tamarind, dried oregano, sugar, dextrose, maltodextrin, acidity regulator (INS 330), anticaking agent (INS 170 (i)), flavour enhancers (INS 627, INS 631), paprika oleoresin (INS 160c). 

CONTAINS NATURE IDENTICAL FLAVOUR -PERI PERI.",30,"Manufactured in a facility that also processes wheat, peanut, soybean, milk, nuts, mustard and sesame.",4 months,57,180,"
AMRUD SNACK LIMITED 
GALA NO.1, B2 & B3, BHARAT
COMPOUND, SURVEY NO.219, OPP. DODHIA
PETROL PUMP, KASHIMIRA, MIRA ROAD (E).
DIST. THANE, MAHARASHTRA- 401107

FSSAI Lic. No. 11517020000417","50 for 57g                                   (per gm-0.87)

145 for 180g                                (per gm-0.8)

45/- for 35g                            (per gm- 1.28)",not_launched,20,96.02,1.96,12.65,0.65,0.2,2.02,4.17,1.19,,0.02,0.2,153.74,31.14,4.8,3.6,0.4,6.7,6.2,5.4,1,7.7,3.1
Launched products,Peri Peri Ragi Chips,Source of Calcium | Rich in Dietary Fibre | Source of Protein | No Palm Oil,"Ragi flour, tapioca starch, rice flour, white lentil flour, gram flour, iodised salt, edible vegetable oil (rice bran oil).
 
Seasoning: Spices & spice extracts (red chilli powder, dehydrated garlic powder, onion, ginger powder), tamarind, dried oregano, sugar, dextrose, maltodextrin, acidity regulator (INS 330), anticaking agent (INS 170 (i)), flavour enhancers (INS 627, INS 631), paprika oleoresin (INS 160c). 

CONTAINS NATURE IDENTICAL FLAVOUR -PERI PERI.",30,"Manufactured in a facility that also processes wheat, peanut, soybean, milk, nuts, mustard and sesame.",4 months,57,180,"
AMRUD SNACK LIMITED 
GALA NO.1, B2 & B3, BHARAT
COMPOUND, SURVEY NO.219, OPP. DODHIA
PETROL PUMP, KASHIMIRA, MIRA ROAD (E).
DIST. THANE, MAHARASHTRA- 401107

FSSAI Lic. No. 11517020000417","50 for 57g                                   (per gm-0.87)

145 for 180g                                (per gm-0.8)

45/- for 35g                            (per gm- 1.28)",not_launched,30,144.03,2.94,18.98,0.97,0.3,3.03,6.26,1.79,,0.03,0.3,230.61,46.71,7.2,5.4,0.6,10.1,9.3,8.1,1.5,11.5,4.6
Launched products,Peri Peri Ragi Chips,Source of Calcium | Rich in Dietary Fibre | Source of Protein | No Palm Oil,"Ragi flour, tapioca starch, rice flour, white lentil flour, gram flour, iodised salt, edible vegetable oil (rice bran oil).
 
Seasoning: Spices & spice extracts (red chilli powder, dehydrated garlic powder, onion, ginger powder), tamarind, dried oregano, sugar, dextrose, maltodextrin, acidity regulator (INS 330), anticaking agent (INS 170 (i)), flavour enhancers (INS 627, INS 631), paprika oleoresin (INS 160c). 

CONTAINS NATURE IDENTICAL FLAVOUR -PERI PERI.",30,"Manufactured in a facility that also processes wheat, peanut, soybean, milk, nuts, mustard and sesame.",4 months,57,180,"
AMRUD SNACK LIMITED 
GALA NO.1, B2 & B3, BHARAT
COMPOUND, SURVEY NO.219, OPP. DODHIA
PETROL PUMP, KASHIMIRA, MIRA ROAD (E).
DIST. THANE, MAHARASHTRA- 401107

FSSAI Lic. No. 11517020000417","50 for 57g                                   (per gm-0.87)

145 for 180g                                (per gm-0.8)

45/- for 35g                            (per gm- 1.28)",not_launched,35,168.03,3.43,22.14,1.14,0.35,3.53,7.3,2.08,,0.3,0.35,269.05,54.49,8.4,6.4,0.7,11.8,10.9,9.5,1.7,13.5,5.5
Launched products,Peri Peri Ragi Chips,Source of Calcium | Rich in Dietary Fibre | Source of Protein | No Palm Oil,"Ragi flour, tapioca starch, rice flour, white lentil flour, gram flour, iodised salt, edible vegetable oil (rice bran oil).
 
Seasoning: Spices & spice extracts (red chilli powder, dehydrated garlic powder, onion, ginger powder), tamarind, dried oregano, sugar, dextrose, maltodextrin, acidity regulator (INS 330), anticaking agent (INS 170 (i)), flavour enhancers (INS 627, INS 631), paprika oleoresin (INS 160c). 

CONTAINS NATURE IDENTICAL FLAVOUR -PERI PERI.",30,"Manufactured in a facility that also processes wheat, peanut, soybean, milk, nuts, mustard and sesame.",4 months,57,180,"
AMRUD SNACK LIMITED 
GALA NO.1, B2 & B3, BHARAT
COMPOUND, SURVEY NO.219, OPP. DODHIA
PETROL PUMP, KASHIMIRA, MIRA ROAD (E).
DIST. THANE, MAHARASHTRA- 401107

FSSAI Lic. No. 11517020000417","50 for 57g                                   (per gm-0.87)

145 for 180g                                (per gm-0.8)

45/- for 35g                            (per gm- 1.28)",not_launched,40,192.04,3.92,25.3,1.3,0.4,4.04,8.34,2.38,,0.04,0.4,307.49,62.28,,,,,,,,,
Launched products,Peri Peri Ragi Chips,Source of Calcium | Rich in Dietary Fibre | Source of Protein | No Palm Oil,"Ragi flour, tapioca starch, rice flour, white lentil flour, gram flour, iodised salt, edible vegetable oil (rice bran oil).
 
Seasoning: Spices & spice extracts (red chilli powder, dehydrated garlic powder, onion, ginger powder), tamarind, dried oregano, sugar, dextrose, maltodextrin, acidity regulator (INS 330), anticaking agent (INS 170 (i)), flavour enhancers (INS 627, INS 631), paprika oleoresin (INS 160c). 

CONTAINS NATURE IDENTICAL FLAVOUR -PERI PERI.",30,"Manufactured in a facility that also processes wheat, peanut, soybean, milk, nuts, mustard and sesame.",4 months,57,180,"
AMRUD SNACK LIMITED 
GALA NO.1, B2 & B3, BHARAT
COMPOUND, SURVEY NO.219, OPP. DODHIA
PETROL PUMP, KASHIMIRA, MIRA ROAD (E).
DIST. THANE, MAHARASHTRA- 401107

FSSAI Lic. No. 11517020000417","50 for 57g                                   (per gm-0.87)

145 for 180g                                (per gm-0.8)

45/- for 35g                            (per gm- 1.28)",not_launched,45,216.04,4.41,28.47,1.46,0.45,4.54,9.39,2.68,,0.04,0.45,345.92,70.06,,,,,,,,,
Launched products,Peri Peri Ragi Chips,Source of Calcium | Rich in Dietary Fibre | Source of Protein | No Palm Oil,"Ragi flour, tapioca starch, rice flour, white lentil flour, gram flour, iodised salt, edible vegetable oil (rice bran oil).
 
Seasoning: Spices & spice extracts (red chilli powder, dehydrated garlic powder, onion, ginger powder), tamarind, dried oregano, sugar, dextrose, maltodextrin, acidity regulator (INS 330), anticaking agent (INS 170 (i)), flavour enhancers (INS 627, INS 631), paprika oleoresin (INS 160c). 

CONTAINS NATURE IDENTICAL FLAVOUR -PERI PERI.",30,"Manufactured in a facility that also processes wheat, peanut, soybean, milk, nuts, mustard and sesame.",4 months,57,180,"
AMRUD SNACK LIMITED 
GALA NO.1, B2 & B3, BHARAT
COMPOUND, SURVEY NO.219, OPP. DODHIA
PETROL PUMP, KASHIMIRA, MIRA ROAD (E).
DIST. THANE, MAHARASHTRA- 401107

FSSAI Lic. No. 11517020000417","50 for 57g                                   (per gm-0.87)

145 for 180g                                (per gm-0.8)

45/- for 35g                            (per gm- 1.28)",not_launched,55,264.06,5.39,34.79,1.79,0.55,5.55,11.47,3.28,,0.05,0.55,422.8,85.64,,,,,,,,,
Launched products,Peri Peri Ragi Chips,Source of Calcium | Rich in Dietary Fibre | Source of Protein | No Palm Oil,"Ragi flour, tapioca starch, rice flour, white lentil flour, gram flour, iodised salt, edible vegetable oil (rice bran oil).
 
Seasoning: Spices & spice extracts (red chilli powder, dehydrated garlic powder, onion, ginger powder), tamarind, dried oregano, sugar, dextrose, maltodextrin, acidity regulator (INS 330), anticaking agent (INS 170 (i)), flavour enhancers (INS 627, INS 631), paprika oleoresin (INS 160c). 

CONTAINS NATURE IDENTICAL FLAVOUR -PERI PERI.",30,"Manufactured in a facility that also processes wheat, peanut, soybean, milk, nuts, mustard and sesame.",4 months,57,180,"
AMRUD SNACK LIMITED 
GALA NO.1, B2 & B3, BHARAT
COMPOUND, SURVEY NO.219, OPP. DODHIA
PETROL PUMP, KASHIMIRA, MIRA ROAD (E).
DIST. THANE, MAHARASHTRA- 401107

FSSAI Lic. No. 11517020000417","50 for 57g                                   (per gm-0.87)

145 for 180g                                (per gm-0.8)

45/- for 35g                            (per gm- 1.28)",not_launched,57,273.66,5.58,36.06,1.85,0.57,5.75,11.89,,,0.05,0.57,438.17,88.75,,,,,,,,,
Launched products,Peri Peri Ragi Chips,Source of Calcium | Rich in Dietary Fibre | Source of Protein | No Palm Oil,"Ragi flour, tapioca starch, rice flour, white lentil flour, gram flour, iodised salt, edible vegetable oil (rice bran oil).
 
Seasoning: Spices & spice extracts (red chilli powder, dehydrated garlic powder, onion, ginger powder), tamarind, dried oregano, sugar, dextrose, maltodextrin, acidity regulator (INS 330), anticaking agent (INS 170 (i)), flavour enhancers (INS 627, INS 631), paprika oleoresin (INS 160c). 

CONTAINS NATURE IDENTICAL FLAVOUR -PERI PERI.",30,"Manufactured in a facility that also processes wheat, peanut, soybean, milk, nuts, mustard and sesame.",4 months,57,180,"
AMRUD SNACK LIMITED 
GALA NO.1, B2 & B3, BHARAT
COMPOUND, SURVEY NO.219, OPP. DODHIA
PETROL PUMP, KASHIMIRA, MIRA ROAD (E).
DIST. THANE, MAHARASHTRA- 401107

FSSAI Lic. No. 11517020000417","50 for 57g                                   (per gm-0.87)

145 for 180g                                (per gm-0.8)

45/- for 35g                            (per gm- 1.28)",not_launched,65,312.07,6.37,41.12,2.11,,6.56,13.56,3.88,,0.06,0.65,499.67,101.211,,,,,,,,,
Launched products,Peri Peri Ragi Chips,Source of Calcium | Rich in Dietary Fibre | Source of Protein | No Palm Oil,"Ragi flour, tapioca starch, rice flour, white lentil flour, gram flour, iodised salt, edible vegetable oil (rice bran oil).
 
Seasoning: Spices & spice extracts (red chilli powder, dehydrated garlic powder, onion, ginger powder), tamarind, dried oregano, sugar, dextrose, maltodextrin, acidity regulator (INS 330), anticaking agent (INS 170 (i)), flavour enhancers (INS 627, INS 631), paprika oleoresin (INS 160c). 

CONTAINS NATURE IDENTICAL FLAVOUR -PERI PERI.",30,"Manufactured in a facility that also processes wheat, peanut, soybean, milk, nuts, mustard and sesame.",4 months,57,180,"
AMRUD SNACK LIMITED 
GALA NO.1, B2 & B3, BHARAT
COMPOUND, SURVEY NO.219, OPP. DODHIA
PETROL PUMP, KASHIMIRA, MIRA ROAD (E).
DIST. THANE, MAHARASHTRA- 401107

FSSAI Lic. No. 11517020000417","50 for 57g                                   (per gm-0.87)

145 for 180g                                (per gm-0.8)

45/- for 35g                            (per gm- 1.28)",not_launched,70,336.07,6.86,44.28,2.28,0.7,7.07,14.6,4.17,,0.07,0.7,538.11,108.99,,,,,,,,,
Launched products,Peri Peri Ragi Chips,Source of Calcium | Rich in Dietary Fibre | Source of Protein | No Palm Oil,"Ragi flour, tapioca starch, rice flour, white lentil flour, gram flour, iodised salt, edible vegetable oil (rice bran oil).
 
Seasoning: Spices & spice extracts (red chilli powder, dehydrated garlic powder, onion, ginger powder), tamarind, dried oregano, sugar, dextrose, maltodextrin, acidity regulator (INS 330), anticaking agent (INS 170 (i)), flavour enhancers (INS 627, INS 631), paprika oleoresin (INS 160c). 

CONTAINS NATURE IDENTICAL FLAVOUR -PERI PERI.",30,"Manufactured in a facility that also processes wheat, peanut, soybean, milk, nuts, mustard and sesame.",4 months,57,180,"
AMRUD SNACK LIMITED 
GALA NO.1, B2 & B3, BHARAT
COMPOUND, SURVEY NO.219, OPP. DODHIA
PETROL PUMP, KASHIMIRA, MIRA ROAD (E).
DIST. THANE, MAHARASHTRA- 401107

FSSAI Lic. No. 11517020000417","50 for 57g                                   (per gm-0.87)

145 for 180g                                (per gm-0.8)

45/- for 35g                            (per gm- 1.28)",not_launched,100,480.11,9.8,63.27,3.26,1,10.1,20.87,5.97,,0.1,1,768.73,155.71,24,18.2,2,33.7,31.2,27.1,5,38.4,15.6
Launched products,Ragi chips Desi Masala,Source of Calcium | Rich in Dietary Fibre | Source of Protein | No palm Oil,"Ragi flour, tapioca starch, rice flour, white lentil flour, gram flour, iodised salt, edible vegetable oil (rice bran oil).

Seasoning: Spices & spice extracts (red chilli powder, dry mango powder, pudina flavour, tomato flavour, black salt), maltodextrin, acidity regulators (INS 330, INS 296), anticaking agent (INS 170(i)), flavour enhancers (INS 627, INS 631), paprika oleoresin ( INS 160c).
CONTAINS NATURE IDENTICAL FLAVOUR -TOMATO & PUDINA.",30,"Manufactured in a facility that also processes wheat, peanuts, soybean, milk, nuts, mustard and sesame.",4 months,57,180,"
AMRUD SNACK LIMITED
GALA NO.1, B2 & B3, BHARAT
COMPOUND, SURVEY NO.219, OPP. DODHIA
PETROL PUMP, KASHIMIRA, MIRA ROAD (E).
DIST. THANE, MAHARASHTRA- 401107

FSSAI Lic. No.11517020000417","50 for 57g  (per gm-0.87)

145 for 180g (per gm-0.8)",not_launched,30,162,1.8,17,0.3,,2.2,9.9,4.7,,0,,130,58,8.1,3.3,,7.3,14.8,21.3,,6.5,5.8
Launched products,Ragi chips Desi Masala,Source of Calcium | Rich in Dietary Fibre | Source of Protein | No palm Oil,"Ragi flour, tapioca starch, rice flour, white lentil flour, gram flour, iodised salt, edible vegetable oil (rice bran oil).

Seasoning: Spices & spice extracts (red chilli powder, dry mango powder, pudina flavour, tomato flavour, black salt), maltodextrin, acidity regulators (INS 330, INS 296), anticaking agent (INS 170(i)), flavour enhancers (INS 627, INS 631), paprika oleoresin ( INS 160c).
CONTAINS NATURE IDENTICAL FLAVOUR -TOMATO & PUDINA.",30,"Manufactured in a facility that also processes wheat, peanuts, soybean, milk, nuts, mustard and sesame.",4 months,57,180,"
AMRUD SNACK LIMITED
GALA NO.1, B2 & B3, BHARAT
COMPOUND, SURVEY NO.219, OPP. DODHIA
PETROL PUMP, KASHIMIRA, MIRA ROAD (E).
DIST. THANE, MAHARASHTRA- 401107

FSSAI Lic. No.11517020000417","50 for 57g  (per gm-0.87)

145 for 180g (per gm-0.8)",not_launched,40,216,2.4,22.6,0.4,,2.92,13.2,6.24,,0,,173.3,77.3,,,,,,,,,
Launched products,Ragi chips Desi Masala,Source of Calcium | Rich in Dietary Fibre | Source of Protein | No palm Oil,"Ragi flour, tapioca starch, rice flour, white lentil flour, gram flour, iodised salt, edible vegetable oil (rice bran oil).

Seasoning: Spices & spice extracts (red chilli powder, dry mango powder, pudina flavour, tomato flavour, black salt), maltodextrin, acidity regulators (INS 330, INS 296), anticaking agent (INS 170(i)), flavour enhancers (INS 627, INS 631), paprika oleoresin ( INS 160c).
CONTAINS NATURE IDENTICAL FLAVOUR -TOMATO & PUDINA.",30,"Manufactured in a facility that also processes wheat, peanuts, soybean, milk, nuts, mustard and sesame.",4 months,57,180,"
AMRUD SNACK LIMITED
GALA NO.1, B2 & B3, BHARAT
COMPOUND, SURVEY NO.219, OPP. DODHIA
PETROL PUMP, KASHIMIRA, MIRA ROAD (E).
DIST. THANE, MAHARASHTRA- 401107

FSSAI Lic. No.11517020000417","50 for 57g  (per gm-0.87)

145 for 180g (per gm-0.8)",not_launched,45,243,2.7,25.49,0.45,,3.28,14.85,7.02,,0,,194.98,86.98,,,,,,,,,
Launched products,Ragi chips Desi Masala,Source of Calcium | Rich in Dietary Fibre | Source of Protein | No palm Oil,"Ragi flour, tapioca starch, rice flour, white lentil flour, gram flour, iodised salt, edible vegetable oil (rice bran oil).

Seasoning: Spices & spice extracts (red chilli powder, dry mango powder, pudina flavour, tomato flavour, black salt), maltodextrin, acidity regulators (INS 330, INS 296), anticaking agent (INS 170(i)), flavour enhancers (INS 627, INS 631), paprika oleoresin ( INS 160c).
CONTAINS NATURE IDENTICAL FLAVOUR -TOMATO & PUDINA.",30,"Manufactured in a facility that also processes wheat, peanuts, soybean, milk, nuts, mustard and sesame.",4 months,57,180,"
AMRUD SNACK LIMITED
GALA NO.1, B2 & B3, BHARAT
COMPOUND, SURVEY NO.219, OPP. DODHIA
PETROL PUMP, KASHIMIRA, MIRA ROAD (E).
DIST. THANE, MAHARASHTRA- 401107

FSSAI Lic. No.11517020000417","50 for 57g  (per gm-0.87)

145 for 180g (per gm-0.8)",not_launched,55,297,3.3,31.1,0.5,,4,18.15,8.6,,0,,238.3,106.3,,,,,,,,,
Launched products,Ragi chips Desi Masala,Source of Calcium | Rich in Dietary Fibre | Source of Protein | No palm Oil,"Ragi flour, tapioca starch, rice flour, white lentil flour, gram flour, iodised salt, edible vegetable oil (rice bran oil).

Seasoning: Spices & spice extracts (red chilli powder, dry mango powder, pudina flavour, tomato flavour, black salt), maltodextrin, acidity regulators (INS 330, INS 296), anticaking agent (INS 170(i)), flavour enhancers (INS 627, INS 631), paprika oleoresin ( INS 160c).
CONTAINS NATURE IDENTICAL FLAVOUR -TOMATO & PUDINA.",30,"Manufactured in a facility that also processes wheat, peanuts, soybean, milk, nuts, mustard and sesame.",4 months,57,180,"
AMRUD SNACK LIMITED
GALA NO.1, B2 & B3, BHARAT
COMPOUND, SURVEY NO.219, OPP. DODHIA
PETROL PUMP, KASHIMIRA, MIRA ROAD (E).
DIST. THANE, MAHARASHTRA- 401107

FSSAI Lic. No.11517020000417","50 for 57g  (per gm-0.87)

145 for 180g (per gm-0.8)",not_launched,57,307.8,3.42,32.29,0.57,,4.16,18.81,8.89,,0,,246.98,110.18,,,,,,,,,
Launched products,Ragi chips Desi Masala,Source of Calcium | Rich in Dietary Fibre | Source of Protein | No palm Oil,"Ragi flour, tapioca starch, rice flour, white lentil flour, gram flour, iodised salt, edible vegetable oil (rice bran oil).

Seasoning: Spices & spice extracts (red chilli powder, dry mango powder, pudina flavour, tomato flavour, black salt), maltodextrin, acidity regulators (INS 330, INS 296), anticaking agent (INS 170(i)), flavour enhancers (INS 627, INS 631), paprika oleoresin ( INS 160c).
CONTAINS NATURE IDENTICAL FLAVOUR -TOMATO & PUDINA.",30,"Manufactured in a facility that also processes wheat, peanuts, soybean, milk, nuts, mustard and sesame.",4 months,57,180,"
AMRUD SNACK LIMITED
GALA NO.1, B2 & B3, BHARAT
COMPOUND, SURVEY NO.219, OPP. DODHIA
PETROL PUMP, KASHIMIRA, MIRA ROAD (E).
DIST. THANE, MAHARASHTRA- 401107

FSSAI Lic. No.11517020000417","50 for 57g  (per gm-0.87)

145 for 180g (per gm-0.8)",not_launched,70,378,4.2,39.66,0.7,,5.11,23.1,10.92,,0,,303.31,135.31,,,,,,,,,
Launched products,Ragi chips Desi Masala,Source of Calcium | Rich in Dietary Fibre | Source of Protein | No palm Oil,"Ragi flour, tapioca starch, rice flour, white lentil flour, gram flour, iodised salt, edible vegetable oil (rice bran oil).

Seasoning: Spices & spice extracts (red chilli powder, dry mango powder, pudina flavour, tomato flavour, black salt), maltodextrin, acidity regulators (INS 330, INS 296), anticaking agent (INS 170(i)), flavour enhancers (INS 627, INS 631), paprika oleoresin ( INS 160c).
CONTAINS NATURE IDENTICAL FLAVOUR -TOMATO & PUDINA.",30,"Manufactured in a facility that also processes wheat, peanuts, soybean, milk, nuts, mustard and sesame.",4 months,57,180,"
AMRUD SNACK LIMITED
GALA NO.1, B2 & B3, BHARAT
COMPOUND, SURVEY NO.219, OPP. DODHIA
PETROL PUMP, KASHIMIRA, MIRA ROAD (E).
DIST. THANE, MAHARASHTRA- 401107

FSSAI Lic. No.11517020000417","50 for 57g  (per gm-0.87)

145 for 180g (per gm-0.8)",not_launched,100,540,6,56.66,1,,7.3,33,15.6,,0,,433.3,193.3,27,11.1,,24.3,49.3,70.9,,21.7,19.3
Launched products,Nacho Cheese Jowar Puffs,No palm oil | Source of protein | Source of dietary fibre | Roasted,"Jowar flour, rice grits, edible vegetable oil (rice bran oil), iodised salt.

Seasoning: Cheese powder, milk solids, spices & spice extracts (black pepper), acidity regulator (INS 330), anticaking agents (INS 341 (iii), INS 551), flavour enhancers (INS 627, INS 631). 
CONTAINS ADDED FLAVOUR (NATURAL AND NATURE IDENTICAL FLAVOURING SUBSTANCES)",35,"Contains milk & milk products. Manufactured in a facility that also processes wheat, peanuts, soybean, milk, nuts, mustard and sesame.",3 months,35,105,"AMRUD SNACK LIMITED
GALA NO.1, B2 & B3, BHARAT
COMPOUND, SURVEY NO.219, OPP. DODHIA
PETROL PUMP, KASHIMIRA, MIRA ROAD (E).
DIST. THANE, MAHARASHTRA- 401107

FSSAI Lic. No. 11517020000417","40 for 38g (1.05/- per gm)

115 for 105g (per gm-1.10/-)",not_launched,18,82.08,1.53,13.14,0.61,0,1,2.61,1.22,,0,0,132.2,,4.1,2.8,,3.3,4,5.5,,6.6,
Launched products,Nacho Cheese Jowar Puffs,No palm oil | Source of protein | Source of dietary fibre | Roasted,"Jowar flour, rice grits, edible vegetable oil (rice bran oil), iodised salt.

Seasoning: Cheese powder, milk solids, spices & spice extracts (black pepper), acidity regulator (INS 330), anticaking agents (INS 341 (iii), INS 551), flavour enhancers (INS 627, INS 631). 
CONTAINS ADDED FLAVOUR (NATURAL AND NATURE IDENTICAL FLAVOURING SUBSTANCES)",35,"Contains milk & milk products. Manufactured in a facility that also processes wheat, peanuts, soybean, milk, nuts, mustard and sesame.",3 months,35,105,"AMRUD SNACK LIMITED
GALA NO.1, B2 & B3, BHARAT
COMPOUND, SURVEY NO.219, OPP. DODHIA
PETROL PUMP, KASHIMIRA, MIRA ROAD (E).
DIST. THANE, MAHARASHTRA- 401107

FSSAI Lic. No. 11517020000417","40 for 38g (1.05/- per gm)

115 for 105g (per gm-1.10/-)",not_launched,25,114,2.12,18.25,0.85,0,1.37,3.62,1.76,,0,0,183.6,,5.7,3.9,,4.6,5.4,7.7,,9.2,
Launched products,Nacho Cheese Jowar Puffs,No palm oil | Source of protein | Source of dietary fibre | Roasted,"Jowar flour, rice grits, edible vegetable oil (rice bran oil), iodised salt.

Seasoning: Cheese powder, milk solids, spices & spice extracts (black pepper), acidity regulator (INS 330), anticaking agents (INS 341 (iii), INS 551), flavour enhancers (INS 627, INS 631). 
CONTAINS ADDED FLAVOUR (NATURAL AND NATURE IDENTICAL FLAVOURING SUBSTANCES)",35,"Contains milk & milk products. Manufactured in a facility that also processes wheat, peanuts, soybean, milk, nuts, mustard and sesame.",3 months,35,105,"AMRUD SNACK LIMITED
GALA NO.1, B2 & B3, BHARAT
COMPOUND, SURVEY NO.219, OPP. DODHIA
PETROL PUMP, KASHIMIRA, MIRA ROAD (E).
DIST. THANE, MAHARASHTRA- 401107

FSSAI Lic. No. 11517020000417","40 for 38g (1.05/- per gm)

115 for 105g (per gm-1.10/-)",not_launched,26,118.56,2.21,18.9,0.88,0,1.43,3.77,1.76,,0,0,191,,5.9,4.1,,4.7,5.6,8,,9.5,
Launched products,Nacho Cheese Jowar Puffs,No palm oil | Source of protein | Source of dietary fibre | Roasted,"Jowar flour, rice grits, edible vegetable oil (rice bran oil), iodised salt.

Seasoning: Cheese powder, milk solids, spices & spice extracts (black pepper), acidity regulator (INS 330), anticaking agents (INS 341 (iii), INS 551), flavour enhancers (INS 627, INS 631). 
CONTAINS ADDED FLAVOUR (NATURAL AND NATURE IDENTICAL FLAVOURING SUBSTANCES)",35,"Contains milk & milk products. Manufactured in a facility that also processes wheat, peanuts, soybean, milk, nuts, mustard and sesame.",3 months,35,105,"AMRUD SNACK LIMITED
GALA NO.1, B2 & B3, BHARAT
COMPOUND, SURVEY NO.219, OPP. DODHIA
PETROL PUMP, KASHIMIRA, MIRA ROAD (E).
DIST. THANE, MAHARASHTRA- 401107

FSSAI Lic. No. 11517020000417","40 for 38g (1.05/- per gm)

115 for 105g (per gm-1.10/-)",not_launched,30,136.8,2.55,21.9,1.02,0,1.65,4.35,2.04,,0,0,220.38,,6.8,4.7,,5.5,6.5,9.3,,11,
Launched products,Nacho Cheese Jowar Puffs,No palm oil | Source of protein | Source of dietary fibre | Roasted,"Jowar flour, rice grits, edible vegetable oil (rice bran oil), iodised salt.

Seasoning: Cheese powder, milk solids, spices & spice extracts (black pepper), acidity regulator (INS 330), anticaking agents (INS 341 (iii), INS 551), flavour enhancers (INS 627, INS 631). 
CONTAINS ADDED FLAVOUR (NATURAL AND NATURE IDENTICAL FLAVOURING SUBSTANCES)",35,"Contains milk & milk products. Manufactured in a facility that also processes wheat, peanuts, soybean, milk, nuts, mustard and sesame.",3 months,35,105,"AMRUD SNACK LIMITED
GALA NO.1, B2 & B3, BHARAT
COMPOUND, SURVEY NO.219, OPP. DODHIA
PETROL PUMP, KASHIMIRA, MIRA ROAD (E).
DIST. THANE, MAHARASHTRA- 401107

FSSAI Lic. No. 11517020000417","40 for 38g (1.05/- per gm)

115 for 105g (per gm-1.10/-)",not_launched,35,159.6,2.97,25.55,1.19,0,1.92,5.07,2.38,,0,0,257.11,,8,5.5,,6.4,7.6,10.8,,12.9,
Launched products,Nacho Cheese Jowar Puffs,No palm oil | Source of protein | Source of dietary fibre | Roasted,"Jowar flour, rice grits, edible vegetable oil (rice bran oil), iodised salt.

Seasoning: Cheese powder, milk solids, spices & spice extracts (black pepper), acidity regulator (INS 330), anticaking agents (INS 341 (iii), INS 551), flavour enhancers (INS 627, INS 631). 
CONTAINS ADDED FLAVOUR (NATURAL AND NATURE IDENTICAL FLAVOURING SUBSTANCES)",35,"Contains milk & milk products. Manufactured in a facility that also processes wheat, peanuts, soybean, milk, nuts, mustard and sesame.",3 months,35,105,"AMRUD SNACK LIMITED
GALA NO.1, B2 & B3, BHARAT
COMPOUND, SURVEY NO.219, OPP. DODHIA
PETROL PUMP, KASHIMIRA, MIRA ROAD (E).
DIST. THANE, MAHARASHTRA- 401107

FSSAI Lic. No. 11517020000417","40 for 38g (1.05/- per gm)

115 for 105g (per gm-1.10/-)",not_launched,38,173.28,3.23,27.74,1.292,0,2.09,5.51,2.54,,0,0,279.14,,8.7,6,,7,8.2,11.8,,14,
Launched products,Nacho Cheese Jowar Puffs,No palm oil | Source of protein | Source of dietary fibre | Roasted,"Jowar flour, rice grits, edible vegetable oil (rice bran oil), iodised salt.

Seasoning: Cheese powder, milk solids, spices & spice extracts (black pepper), acidity regulator (INS 330), anticaking agents (INS 341 (iii), INS 551), flavour enhancers (INS 627, INS 631). 
CONTAINS ADDED FLAVOUR (NATURAL AND NATURE IDENTICAL FLAVOURING SUBSTANCES)",35,"Contains milk & milk products. Manufactured in a facility that also processes wheat, peanuts, soybean, milk, nuts, mustard and sesame.",3 months,35,105,"AMRUD SNACK LIMITED
GALA NO.1, B2 & B3, BHARAT
COMPOUND, SURVEY NO.219, OPP. DODHIA
PETROL PUMP, KASHIMIRA, MIRA ROAD (E).
DIST. THANE, MAHARASHTRA- 401107

FSSAI Lic. No. 11517020000417","40 for 38g (1.05/- per gm)

115 for 105g (per gm-1.10/-)",not_launched,40,182.4,3.4,29.2,1.36,0,2.2,5.8,2.7,,0,0,293.84,,,,,,,,,,
Launched products,Nacho Cheese Jowar Puffs,No palm oil | Source of protein | Source of dietary fibre | Roasted,"Jowar flour, rice grits, edible vegetable oil (rice bran oil), iodised salt.

Seasoning: Cheese powder, milk solids, spices & spice extracts (black pepper), acidity regulator (INS 330), anticaking agents (INS 341 (iii), INS 551), flavour enhancers (INS 627, INS 631). 
CONTAINS ADDED FLAVOUR (NATURAL AND NATURE IDENTICAL FLAVOURING SUBSTANCES)",35,"Contains milk & milk products. Manufactured in a facility that also processes wheat, peanuts, soybean, milk, nuts, mustard and sesame.",3 months,35,105,"AMRUD SNACK LIMITED
GALA NO.1, B2 & B3, BHARAT
COMPOUND, SURVEY NO.219, OPP. DODHIA
PETROL PUMP, KASHIMIRA, MIRA ROAD (E).
DIST. THANE, MAHARASHTRA- 401107

FSSAI Lic. No. 11517020000417","40 for 38g (1.05/- per gm)

115 for 105g (per gm-1.10/-)",not_launched,60,273.6,5.1,43.8,2.04,0,3.3,8.7,4.08,,0,0,440.76,,,,,,,,,,
Launched products,Nacho Cheese Jowar Puffs,No palm oil | Source of protein | Source of dietary fibre | Roasted,"Jowar flour, rice grits, edible vegetable oil (rice bran oil), iodised salt.

Seasoning: Cheese powder, milk solids, spices & spice extracts (black pepper), acidity regulator (INS 330), anticaking agents (INS 341 (iii), INS 551), flavour enhancers (INS 627, INS 631). 
CONTAINS ADDED FLAVOUR (NATURAL AND NATURE IDENTICAL FLAVOURING SUBSTANCES)",35,"Contains milk & milk products. Manufactured in a facility that also processes wheat, peanuts, soybean, milk, nuts, mustard and sesame.",3 months,35,105,"AMRUD SNACK LIMITED
GALA NO.1, B2 & B3, BHARAT
COMPOUND, SURVEY NO.219, OPP. DODHIA
PETROL PUMP, KASHIMIRA, MIRA ROAD (E).
DIST. THANE, MAHARASHTRA- 401107

FSSAI Lic. No. 11517020000417","40 for 38g (1.05/- per gm)

115 for 105g (per gm-1.10/-)",not_launched,100,456,8.5,73,3.4,0,5.5,14.5,6.8,,0,0,734.6,,22.8,15.7,,18.3,21.6,31,,36.7,
Launched products,Nacho Cheese Jowar Puffs,No palm oil | Source of protein | Source of dietary fibre | Roasted,"Jowar flour, rice grits, edible vegetable oil (rice bran oil), iodised salt.

Seasoning: Cheese powder, milk solids, spices & spice extracts (black pepper), acidity regulator (INS 330), anticaking agents (INS 341 (iii), INS 551), flavour enhancers (INS 627, INS 631). 
CONTAINS ADDED FLAVOUR (NATURAL AND NATURE IDENTICAL FLAVOURING SUBSTANCES)",35,"Contains milk & milk products. Manufactured in a facility that also processes wheat, peanuts, soybean, milk, nuts, mustard and sesame.",3 months,35,105,"AMRUD SNACK LIMITED
GALA NO.1, B2 & B3, BHARAT
COMPOUND, SURVEY NO.219, OPP. DODHIA
PETROL PUMP, KASHIMIRA, MIRA ROAD (E).
DIST. THANE, MAHARASHTRA- 401107

FSSAI Lic. No. 11517020000417","40 for 38g (1.05/- per gm)

115 for 105g (per gm-1.10/-)",not_launched,105,478.8,8.925,76.65,3.57,0,5.775,15.225,7.14,,0,0,771.3,,,,,,,,,,
Launched products,Banana Chips,No Palm Oil | Source of Dietary fibre," Raw bananas, edible vegetable oil (rice bran oil), iodised salt and anticaking agent (INS 551).",30,,6 months,65,," 
 
         
Tierra Food India PVT. LTD.
Kinfra Food Processing Park
Elamanoor P.O.Adoor 
Pathanamthitta, Kerala- 691524

Fssai Lic. No. 10019041002004"," 
         
65gm for 70/- (per gm 1.07/-)",not_launched,23,112.38,0.78,14.84,0.34,0,1.15,5.3,1.32,,0,0,109.8,,5.6,1.4,0,3.8,7.9,6,0,5.5,
Launched products,Banana Chips,No Palm Oil | Source of Dietary fibre," Raw bananas, edible vegetable oil (rice bran oil), iodised salt and anticaking agent (INS 551).",30,,6 months,65,," 
 
         
Tierra Food India PVT. LTD.
Kinfra Food Processing Park
Elamanoor P.O.Adoor 
Pathanamthitta, Kerala- 691524

Fssai Lic. No. 10019041002004"," 
         
65gm for 70/- (per gm 1.07/-)",not_launched,25,122.15,0.85,16.125,0.37,0,1.25,5.75,1.44,,0,0,119.4,,6.1,1.6,0,4.16,8.58,6.56,0,5.97,
Launched products,Banana Chips,No Palm Oil | Source of Dietary fibre," Raw bananas, edible vegetable oil (rice bran oil), iodised salt and anticaking agent (INS 551).",30,,6 months,65,," 
 
         
Tierra Food India PVT. LTD.
Kinfra Food Processing Park
Elamanoor P.O.Adoor 
Pathanamthitta, Kerala- 691524

Fssai Lic. No. 10019041002004"," 
         
65gm for 70/- (per gm 1.07/-)",not_launched,30,146.6,1.02,19.4,0.45,0,1.5,6.5,1.73,,0,0,143.28,,7.33,1.9,0,5,10.3,7.9,0,7.2,
Launched products,Banana Chips,No Palm Oil | Source of Dietary fibre," Raw bananas, edible vegetable oil (rice bran oil), iodised salt and anticaking agent (INS 551).",30,,6 months,65,," 
 
         
Tierra Food India PVT. LTD.
Kinfra Food Processing Park
Elamanoor P.O.Adoor 
Pathanamthitta, Kerala- 691524

Fssai Lic. No. 10019041002004"," 
         
65gm for 70/- (per gm 1.07/-)",not_launched,40,195.44,1.36,25.8,0.6,0,2,9.2,2.31,,0,0,191.04,,9.8,2.5,0,6.7,13.7,10.5,0,9.55,
Launched products,Banana Chips,No Palm Oil | Source of Dietary fibre," Raw bananas, edible vegetable oil (rice bran oil), iodised salt and anticaking agent (INS 551).",30,,6 months,65,," 
 
         
Tierra Food India PVT. LTD.
Kinfra Food Processing Park
Elamanoor P.O.Adoor 
Pathanamthitta, Kerala- 691524

Fssai Lic. No. 10019041002004"," 
         
65gm for 70/- (per gm 1.07/-)",not_launched,65,317.59,2.21,41.92,0.97,0,3.25,14.95,3.75,,0,0,310.44,,,,,,,,,,
Launched products,Banana Chips,No Palm Oil | Source of Dietary fibre," Raw bananas, edible vegetable oil (rice bran oil), iodised salt and anticaking agent (INS 551).",30,,6 months,65,," 
 
         
Tierra Food India PVT. LTD.
Kinfra Food Processing Park
Elamanoor P.O.Adoor 
Pathanamthitta, Kerala- 691524

Fssai Lic. No. 10019041002004"," 
         
65gm for 70/- (per gm 1.07/-)",not_launched,70,342.02,2.38,45.15,1.05,0,3.5,16.1,4.04,,0,0,334.32,,17.2,4.4,0,11.7,24,18.4,0,16.7,
Launched products,Banana Chips,No Palm Oil | Source of Dietary fibre," Raw bananas, edible vegetable oil (rice bran oil), iodised salt and anticaking agent (INS 551).",30,,6 months,65,," 
 
         
Tierra Food India PVT. LTD.
Kinfra Food Processing Park
Elamanoor P.O.Adoor 
Pathanamthitta, Kerala- 691524

Fssai Lic. No. 10019041002004"," 
         
65gm for 70/- (per gm 1.07/-)",not_launched,72,351.8,2.448,46.4,1.08,0,3.6,16.56,4.16,,0,0,343.87,,,,,,,,,,
Launched products,Banana Chips,No Palm Oil | Source of Dietary fibre," Raw bananas, edible vegetable oil (rice bran oil), iodised salt and anticaking agent (INS 551).",30,,6 months,65,," 
 
         
Tierra Food India PVT. LTD.
Kinfra Food Processing Park
Elamanoor P.O.Adoor 
Pathanamthitta, Kerala- 691524

Fssai Lic. No. 10019041002004"," 
         
65gm for 70/- (per gm 1.07/-)",not_launched,100,488.6,3.4,64.5,1.5,0,5,23,5.78,,0,0,477.6,,24.4,6.3,0,16.7,34.3,26.3,0,23.9,
Launched products,Flaming Hot Cheese Quinoa Puff,Source of Protein | No Palm Oil | Rich in Dietary fibre,"Quinoa, corn, rice, jowar, oats, gram, potato flakes, edible vegetable oil (rice bran oil).

Seasoning : Spices and condiments (chilli, onion, garlic), cheese powder, tomato powder, refined wheat flour, sugar, iodized salt, whey powder, hydrolyzed vegetable protein (soya), refined vegetable oil (sunflower), anti-caking agent (INS 551),  acidity regulator (INS 330), flavour enhancers (INS 627, INS 631)
  
CONTAINS NATURAL, NATURE-IDENTICAL AND ARTIFICIAL FLAVOURING SUBSTANCE(S)- CHEESE",35,"Contains milk derivatives. Manufactured in a facility on shared equipment that also processes soya, peanuts, tree nuts, mustard, sesame, gluten, milk & milk products.",3 months,38,105,"
NUTROMODE SNACKS PRIVATE LIMITED
PLOT NO 203, BEHIND INDIAN OIL PETROL
PUMP, DHAKAMBE DINDORI, Nashik,
Maharashtra-422004

FSSAI Lic. No.11525999000526","38g for 60/-
(1.57 per gram)

105g for 155/-
(1.47 per gram)",not_launched,15,67.84,1.21,10.14,1.73,1.73,1.15,2.49,1.25,1.22,0,0,146.35,,3.4,2.2,3.5,3.8,3.7,5.7,,7.3,
Launched products,Flaming Hot Cheese Quinoa Puff,Source of Protein | No Palm Oil | Rich in Dietary fibre,"Quinoa, corn, rice, jowar, oats, gram, potato flakes, edible vegetable oil (rice bran oil).

Seasoning : Spices and condiments (chilli, onion, garlic), cheese powder, tomato powder, refined wheat flour, sugar, iodized salt, whey powder, hydrolyzed vegetable protein (soya), refined vegetable oil (sunflower), anti-caking agent (INS 551),  acidity regulator (INS 330), flavour enhancers (INS 627, INS 631)
  
CONTAINS NATURAL, NATURE-IDENTICAL AND ARTIFICIAL FLAVOURING SUBSTANCE(S)- CHEESE",35,"Contains milk derivatives. Manufactured in a facility on shared equipment that also processes soya, peanuts, tree nuts, mustard, sesame, gluten, milk & milk products.",3 months,38,105,"
NUTROMODE SNACKS PRIVATE LIMITED
PLOT NO 203, BEHIND INDIAN OIL PETROL
PUMP, DHAKAMBE DINDORI, Nashik,
Maharashtra-422004

FSSAI Lic. No.11525999000526","38g for 60/-
(1.57 per gram)

105g for 155/-
(1.47 per gram)",not_launched,20,90.46,1.62,13.52,2.31,2.31,1.53,3.32,1.67,1.63,0,0,195.1,,4.5,3,4.6,5.1,4.9,7.6,,9.7,
Launched products,Flaming Hot Cheese Quinoa Puff,Source of Protein | No Palm Oil | Rich in Dietary fibre,"Quinoa, corn, rice, jowar, oats, gram, potato flakes, edible vegetable oil (rice bran oil).

Seasoning : Spices and condiments (chilli, onion, garlic), cheese powder, tomato powder, refined wheat flour, sugar, iodized salt, whey powder, hydrolyzed vegetable protein (soya), refined vegetable oil (sunflower), anti-caking agent (INS 551),  acidity regulator (INS 330), flavour enhancers (INS 627, INS 631)
  
CONTAINS NATURAL, NATURE-IDENTICAL AND ARTIFICIAL FLAVOURING SUBSTANCE(S)- CHEESE",35,"Contains milk derivatives. Manufactured in a facility on shared equipment that also processes soya, peanuts, tree nuts, mustard, sesame, gluten, milk & milk products.",3 months,38,105,"
NUTROMODE SNACKS PRIVATE LIMITED
PLOT NO 203, BEHIND INDIAN OIL PETROL
PUMP, DHAKAMBE DINDORI, Nashik,
Maharashtra-422004

FSSAI Lic. No.11525999000526","38g for 60/-
(1.57 per gram)

105g for 155/-
(1.47 per gram)",not_launched,35,158.3,2.83,23.67,4.04,4.04,2.68,5.82,2.93,2.85,0,0,341.5,,7.9,5.3,8.1,8.9,8.7,13.3,,17.1,
Launched products,Flaming Hot Cheese Quinoa Puff,Source of Protein | No Palm Oil | Rich in Dietary fibre,"Quinoa, corn, rice, jowar, oats, gram, potato flakes, edible vegetable oil (rice bran oil).

Seasoning : Spices and condiments (chilli, onion, garlic), cheese powder, tomato powder, refined wheat flour, sugar, iodized salt, whey powder, hydrolyzed vegetable protein (soya), refined vegetable oil (sunflower), anti-caking agent (INS 551),  acidity regulator (INS 330), flavour enhancers (INS 627, INS 631)
  
CONTAINS NATURAL, NATURE-IDENTICAL AND ARTIFICIAL FLAVOURING SUBSTANCE(S)- CHEESE",35,"Contains milk derivatives. Manufactured in a facility on shared equipment that also processes soya, peanuts, tree nuts, mustard, sesame, gluten, milk & milk products.",3 months,38,105,"
NUTROMODE SNACKS PRIVATE LIMITED
PLOT NO 203, BEHIND INDIAN OIL PETROL
PUMP, DHAKAMBE DINDORI, Nashik,
Maharashtra-422004

FSSAI Lic. No.11525999000526","38g for 60/-
(1.57 per gram)

105g for 155/-
(1.47 per gram)",not_launched,38,171.87,3.07,25.69,4.39,4.39,2.91,6.31,3.18,3.09,0,0,370.76,,,,,,,,,,
Launched products,Flaming Hot Cheese Quinoa Puff,Source of Protein | No Palm Oil | Rich in Dietary fibre,"Quinoa, corn, rice, jowar, oats, gram, potato flakes, edible vegetable oil (rice bran oil).

Seasoning : Spices and condiments (chilli, onion, garlic), cheese powder, tomato powder, refined wheat flour, sugar, iodized salt, whey powder, hydrolyzed vegetable protein (soya), refined vegetable oil (sunflower), anti-caking agent (INS 551),  acidity regulator (INS 330), flavour enhancers (INS 627, INS 631)
  
CONTAINS NATURAL, NATURE-IDENTICAL AND ARTIFICIAL FLAVOURING SUBSTANCE(S)- CHEESE",35,"Contains milk derivatives. Manufactured in a facility on shared equipment that also processes soya, peanuts, tree nuts, mustard, sesame, gluten, milk & milk products.",3 months,38,105,"
NUTROMODE SNACKS PRIVATE LIMITED
PLOT NO 203, BEHIND INDIAN OIL PETROL
PUMP, DHAKAMBE DINDORI, Nashik,
Maharashtra-422004

FSSAI Lic. No.11525999000526","38g for 60/-
(1.57 per gram)

105g for 155/-
(1.47 per gram)",not_launched,55,248.76,4.45,37.19,6.36,6.36,4.21,9.14,4.61,4.48,0,0,536.63,,,,,,,,,,
Launched products,Flaming Hot Cheese Quinoa Puff,Source of Protein | No Palm Oil | Rich in Dietary fibre,"Quinoa, corn, rice, jowar, oats, gram, potato flakes, edible vegetable oil (rice bran oil).

Seasoning : Spices and condiments (chilli, onion, garlic), cheese powder, tomato powder, refined wheat flour, sugar, iodized salt, whey powder, hydrolyzed vegetable protein (soya), refined vegetable oil (sunflower), anti-caking agent (INS 551),  acidity regulator (INS 330), flavour enhancers (INS 627, INS 631)
  
CONTAINS NATURAL, NATURE-IDENTICAL AND ARTIFICIAL FLAVOURING SUBSTANCE(S)- CHEESE",35,"Contains milk derivatives. Manufactured in a facility on shared equipment that also processes soya, peanuts, tree nuts, mustard, sesame, gluten, milk & milk products.",3 months,38,105,"
NUTROMODE SNACKS PRIVATE LIMITED
PLOT NO 203, BEHIND INDIAN OIL PETROL
PUMP, DHAKAMBE DINDORI, Nashik,
Maharashtra-422004

FSSAI Lic. No.11525999000526","38g for 60/-
(1.57 per gram)

105g for 155/-
(1.47 per gram)",not_launched,100,452.3,8.1,67.63,11.57,11.57,7.67,16.63,8.39,8.15,0,0,975.7,,22.6,15,23.1,25.6,24.8,38.1,,48.8,
Launched products,Flaming Hot Cheese Quinoa Puff,Source of Protein | No Palm Oil | Rich in Dietary fibre,"Quinoa, corn, rice, jowar, oats, gram, potato flakes, edible vegetable oil (rice bran oil).

Seasoning : Spices and condiments (chilli, onion, garlic), cheese powder, tomato powder, refined wheat flour, sugar, iodized salt, whey powder, hydrolyzed vegetable protein (soya), refined vegetable oil (sunflower), anti-caking agent (INS 551),  acidity regulator (INS 330), flavour enhancers (INS 627, INS 631)
  
CONTAINS NATURAL, NATURE-IDENTICAL AND ARTIFICIAL FLAVOURING SUBSTANCE(S)- CHEESE",35,"Contains milk derivatives. Manufactured in a facility on shared equipment that also processes soya, peanuts, tree nuts, mustard, sesame, gluten, milk & milk products.",3 months,38,105,"
NUTROMODE SNACKS PRIVATE LIMITED
PLOT NO 203, BEHIND INDIAN OIL PETROL
PUMP, DHAKAMBE DINDORI, Nashik,
Maharashtra-422004

FSSAI Lic. No.11525999000526","38g for 60/-
(1.57 per gram)

105g for 155/-
(1.47 per gram)",not_launched,120,542.76,9.72,81.15,13.88,13.88,9.24,19.95,10.06,9.78,0,0,1170.84,,,,,,,,,,
Launched products,Ragi chips Chatpata crunch,Source of  Dietary Fibre | Source of Protein | No Palm Oil,"  
         
Ragi flour, tapioca starch, rice flour, white lentil flour, gram flour, iodised salt, edible vegetable oil (rice bran oil).

Seasoning - Dehydrated vegetable powder (tomato, garlic, lemon & onion), dry mango powder, ginger powder, clove powder, cumin powder, fennel powder, coriander powder, yeast extract powder, dextrose, glucose powder, sugar, maltodextrin, acidity regulators (INS 330, INS 296), anticaking agent (INS 551), flavour enhancer (INS 635), paprika oleoresin (INS 160c).
CONTAINS NATURAL & NATURE IDENTICAL FLAVOURING SUBSTANCE(S).",30,"Manufactured in a facility that also processes wheat, peanut, soybean, milk, nuts, mustard and sesame.",4 months,60,180,"AMRUD SNACK LIMITED
GALA NO.1, B2 & B3, BHARAT
COMPOUND, SURVEY NO.219, OPP. DODHIA
PETROL PUMP, KASHIMIRA, MIRA ROAD (E).
DIST. THANE, MAHARASHTRA- 401107

FSSAI Lic. No. 11517020000417","60gm for 50/-
(per gram 0.83/-)
180gm for 145/-
(per gram for 0.80/-)",not_launched,20,100.38,1.58,12.48,0.26,0,1.14,4.9,1.59,,0,0,283.08,19.48,5,2.9,0.2,3.8,7.3,7.2,0.5,9.4,2
Launched products,Ragi chips Chatpata crunch,Source of  Dietary Fibre | Source of Protein | No Palm Oil,"  
         
Ragi flour, tapioca starch, rice flour, white lentil flour, gram flour, iodised salt, edible vegetable oil (rice bran oil).

Seasoning - Dehydrated vegetable powder (tomato, garlic, lemon & onion), dry mango powder, ginger powder, clove powder, cumin powder, fennel powder, coriander powder, yeast extract powder, dextrose, glucose powder, sugar, maltodextrin, acidity regulators (INS 330, INS 296), anticaking agent (INS 551), flavour enhancer (INS 635), paprika oleoresin (INS 160c).
CONTAINS NATURAL & NATURE IDENTICAL FLAVOURING SUBSTANCE(S).",30,"Manufactured in a facility that also processes wheat, peanut, soybean, milk, nuts, mustard and sesame.",4 months,60,180,"AMRUD SNACK LIMITED
GALA NO.1, B2 & B3, BHARAT
COMPOUND, SURVEY NO.219, OPP. DODHIA
PETROL PUMP, KASHIMIRA, MIRA ROAD (E).
DIST. THANE, MAHARASHTRA- 401107

FSSAI Lic. No. 11517020000417","60gm for 50/-
(per gram 0.83/-)
180gm for 145/-
(per gram for 0.80/-)",not_launched,30,150.57,2.37,18.73,0.4,0,1.71,7.35,2.38,,0,0,283.08,29.22,7.5,4.4,0.3,5.7,11,10.8,0.75,14.1,2.9
Launched products,Ragi chips Chatpata crunch,Source of  Dietary Fibre | Source of Protein | No Palm Oil,"  
         
Ragi flour, tapioca starch, rice flour, white lentil flour, gram flour, iodised salt, edible vegetable oil (rice bran oil).

Seasoning - Dehydrated vegetable powder (tomato, garlic, lemon & onion), dry mango powder, ginger powder, clove powder, cumin powder, fennel powder, coriander powder, yeast extract powder, dextrose, glucose powder, sugar, maltodextrin, acidity regulators (INS 330, INS 296), anticaking agent (INS 551), flavour enhancer (INS 635), paprika oleoresin (INS 160c).
CONTAINS NATURAL & NATURE IDENTICAL FLAVOURING SUBSTANCE(S).",30,"Manufactured in a facility that also processes wheat, peanut, soybean, milk, nuts, mustard and sesame.",4 months,60,180,"AMRUD SNACK LIMITED
GALA NO.1, B2 & B3, BHARAT
COMPOUND, SURVEY NO.219, OPP. DODHIA
PETROL PUMP, KASHIMIRA, MIRA ROAD (E).
DIST. THANE, MAHARASHTRA- 401107

FSSAI Lic. No. 11517020000417","60gm for 50/-
(per gram 0.83/-)
180gm for 145/-
(per gram for 0.80/-)",not_launched,55,276.04,4.34,34.34,0.72,,3.14,13.48,4.37,,0,0,518.98,53.57,13.8,8.1,,11.5,20.1,19.9,1.38,26,5.4
Launched products,Ragi chips Chatpata crunch,Source of  Dietary Fibre | Source of Protein | No Palm Oil,"  
         
Ragi flour, tapioca starch, rice flour, white lentil flour, gram flour, iodised salt, edible vegetable oil (rice bran oil).

Seasoning - Dehydrated vegetable powder (tomato, garlic, lemon & onion), dry mango powder, ginger powder, clove powder, cumin powder, fennel powder, coriander powder, yeast extract powder, dextrose, glucose powder, sugar, maltodextrin, acidity regulators (INS 330, INS 296), anticaking agent (INS 551), flavour enhancer (INS 635), paprika oleoresin (INS 160c).
CONTAINS NATURAL & NATURE IDENTICAL FLAVOURING SUBSTANCE(S).",30,"Manufactured in a facility that also processes wheat, peanut, soybean, milk, nuts, mustard and sesame.",4 months,60,180,"AMRUD SNACK LIMITED
GALA NO.1, B2 & B3, BHARAT
COMPOUND, SURVEY NO.219, OPP. DODHIA
PETROL PUMP, KASHIMIRA, MIRA ROAD (E).
DIST. THANE, MAHARASHTRA- 401107

FSSAI Lic. No. 11517020000417","60gm for 50/-
(per gram 0.83/-)
180gm for 145/-
(per gram for 0.80/-)",not_launched,57,286.1,4.5,35.59,0.75,0,3.26,13.97,4.53,,0,0,537.85,55.51,,,,,,,,,
Launched products,Ragi chips Chatpata crunch,Source of  Dietary Fibre | Source of Protein | No Palm Oil,"  
         
Ragi flour, tapioca starch, rice flour, white lentil flour, gram flour, iodised salt, edible vegetable oil (rice bran oil).

Seasoning - Dehydrated vegetable powder (tomato, garlic, lemon & onion), dry mango powder, ginger powder, clove powder, cumin powder, fennel powder, coriander powder, yeast extract powder, dextrose, glucose powder, sugar, maltodextrin, acidity regulators (INS 330, INS 296), anticaking agent (INS 551), flavour enhancer (INS 635), paprika oleoresin (INS 160c).
CONTAINS NATURAL & NATURE IDENTICAL FLAVOURING SUBSTANCE(S).",30,"Manufactured in a facility that also processes wheat, peanut, soybean, milk, nuts, mustard and sesame.",4 months,60,180,"AMRUD SNACK LIMITED
GALA NO.1, B2 & B3, BHARAT
COMPOUND, SURVEY NO.219, OPP. DODHIA
PETROL PUMP, KASHIMIRA, MIRA ROAD (E).
DIST. THANE, MAHARASHTRA- 401107

FSSAI Lic. No. 11517020000417","60gm for 50/-
(per gram 0.83/-)
180gm for 145/-
(per gram for 0.80/-)",not_launched,60,301.14,4.74,37.46,0.79,0,3.43,14.7,4.77,,0,0,566.16,58.44,,,,,,,,,
Launched products,Ragi chips Chatpata crunch,Source of  Dietary Fibre | Source of Protein | No Palm Oil,"  
         
Ragi flour, tapioca starch, rice flour, white lentil flour, gram flour, iodised salt, edible vegetable oil (rice bran oil).

Seasoning - Dehydrated vegetable powder (tomato, garlic, lemon & onion), dry mango powder, ginger powder, clove powder, cumin powder, fennel powder, coriander powder, yeast extract powder, dextrose, glucose powder, sugar, maltodextrin, acidity regulators (INS 330, INS 296), anticaking agent (INS 551), flavour enhancer (INS 635), paprika oleoresin (INS 160c).
CONTAINS NATURAL & NATURE IDENTICAL FLAVOURING SUBSTANCE(S).",30,"Manufactured in a facility that also processes wheat, peanut, soybean, milk, nuts, mustard and sesame.",4 months,60,180,"AMRUD SNACK LIMITED
GALA NO.1, B2 & B3, BHARAT
COMPOUND, SURVEY NO.219, OPP. DODHIA
PETROL PUMP, KASHIMIRA, MIRA ROAD (E).
DIST. THANE, MAHARASHTRA- 401107

FSSAI Lic. No. 11517020000417","60gm for 50/-
(per gram 0.83/-)
180gm for 145/-
(per gram for 0.80/-)",not_launched,100,501.9,7.9,62.44,1.32,0,5.72,24.51,7.95,,0,0,943.6,97.4,25.1,14.6,1,19.1,36.6,36.1,2.5,47.2,9.74
Launched products,Ragi chips Chatpata crunch,Source of  Dietary Fibre | Source of Protein | No Palm Oil,"  
         
Ragi flour, tapioca starch, rice flour, white lentil flour, gram flour, iodised salt, edible vegetable oil (rice bran oil).

Seasoning - Dehydrated vegetable powder (tomato, garlic, lemon & onion), dry mango powder, ginger powder, clove powder, cumin powder, fennel powder, coriander powder, yeast extract powder, dextrose, glucose powder, sugar, maltodextrin, acidity regulators (INS 330, INS 296), anticaking agent (INS 551), flavour enhancer (INS 635), paprika oleoresin (INS 160c).
CONTAINS NATURAL & NATURE IDENTICAL FLAVOURING SUBSTANCE(S).",30,"Manufactured in a facility that also processes wheat, peanut, soybean, milk, nuts, mustard and sesame.",4 months,60,180,"AMRUD SNACK LIMITED
GALA NO.1, B2 & B3, BHARAT
COMPOUND, SURVEY NO.219, OPP. DODHIA
PETROL PUMP, KASHIMIRA, MIRA ROAD (E).
DIST. THANE, MAHARASHTRA- 401107

FSSAI Lic. No. 11517020000417","60gm for 50/-
(per gram 0.83/-)
180gm for 145/-
(per gram for 0.80/-)",not_launched,170,853.23,13.43,106.1,2.24,0,9.72,41.66,13.51,,0,0,1604.12,165.58,,,,,,,,,
Launched products,Multigrain chips (Cheese and Herb),Source of Protein | Source of Dietery Fibre | No Palm Oil | Baked,"Red rice, corn grit, foxtail millet, chickpea, jowar, edible vegetable oil (rice bran oil) and iodised salt.

Seasoning: Garlic, onion, spice extract, cheese powder, tomato powder, milk solids, yeast extract, dehydrated herbs, iodised salt, sugar, maltodextrin, corn flour, flavour enhancers (INS 627, INS 631), thickener (INS 415), anticaking agent (INS 551), acidity regulators (INS 270, INS 330), antioxidant (INS 300).
CONTAINS ADDED FLAVOUR (NATURAL AND NATURE IDENTICAL FLAVOURING SUBSTANCES).",40,"Contains milk & milk products.                                          Processed in a facility that also handles soya, wheat and treenuts.",4 Months ,43,125,"Rebala Nutri Foodee PVT. LTD. 
Survey no:9/1, Door no:1/374- A1,
Andipalayam post,
Tiruchengode Taluk,
Namakkal, Tamil Nadu-637214.

FSSAI Lic. No. 10016042002549","43gm for 45/- (per gm 1.04/-)
125gm for 110/- (per gm 0.88/-)",not_launched,20,91.4,1.26,14.66,2.51,1.24,1.02,3.08,0.38,2.83,0,0,209.6,,4.6,2.3,2.5,3.4,4.6,1.76,,10.5,
Launched products,Multigrain chips (Cheese and Herb),Source of Protein | Source of Dietery Fibre | No Palm Oil | Baked,"Red rice, corn grit, foxtail millet, chickpea, jowar, edible vegetable oil (rice bran oil) and iodised salt.

Seasoning: Garlic, onion, spice extract, cheese powder, tomato powder, milk solids, yeast extract, dehydrated herbs, iodised salt, sugar, maltodextrin, corn flour, flavour enhancers (INS 627, INS 631), thickener (INS 415), anticaking agent (INS 551), acidity regulators (INS 270, INS 330), antioxidant (INS 300).
CONTAINS ADDED FLAVOUR (NATURAL AND NATURE IDENTICAL FLAVOURING SUBSTANCES).",40,"Contains milk & milk products.                                          Processed in a facility that also handles soya, wheat and treenuts.",4 Months ,43,125,"Rebala Nutri Foodee PVT. LTD. 
Survey no:9/1, Door no:1/374- A1,
Andipalayam post,
Tiruchengode Taluk,
Namakkal, Tamil Nadu-637214.

FSSAI Lic. No. 10016042002549","43gm for 45/- (per gm 1.04/-)
125gm for 110/- (per gm 0.88/-)",not_launched,25,114.2,1.57,18.32,3.13,1.55,1.27,3.85,0.48,3.54,0,0,262,,5.7,2.9,3.1,4.25,5.75,2.2,,13.1,
Launched products,Multigrain chips (Cheese and Herb),Source of Protein | Source of Dietery Fibre | No Palm Oil | Baked,"Red rice, corn grit, foxtail millet, chickpea, jowar, edible vegetable oil (rice bran oil) and iodised salt.

Seasoning: Garlic, onion, spice extract, cheese powder, tomato powder, milk solids, yeast extract, dehydrated herbs, iodised salt, sugar, maltodextrin, corn flour, flavour enhancers (INS 627, INS 631), thickener (INS 415), anticaking agent (INS 551), acidity regulators (INS 270, INS 330), antioxidant (INS 300).
CONTAINS ADDED FLAVOUR (NATURAL AND NATURE IDENTICAL FLAVOURING SUBSTANCES).",40,"Contains milk & milk products.                                          Processed in a facility that also handles soya, wheat and treenuts.",4 Months ,43,125,"Rebala Nutri Foodee PVT. LTD. 
Survey no:9/1, Door no:1/374- A1,
Andipalayam post,
Tiruchengode Taluk,
Namakkal, Tamil Nadu-637214.

FSSAI Lic. No. 10016042002549","43gm for 45/- (per gm 1.04/-)
125gm for 110/- (per gm 0.88/-)",not_launched,33,150.8,2.07,24.1,4.14,2.04,1.68,5.08,0.64,4.67,0,0,345.84,,7.5,3.8,4.1,5.6,7.5,2.9,,17.2,
Launched products,Multigrain chips (Cheese and Herb),Source of Protein | Source of Dietery Fibre | No Palm Oil | Baked,"Red rice, corn grit, foxtail millet, chickpea, jowar, edible vegetable oil (rice bran oil) and iodised salt.

Seasoning: Garlic, onion, spice extract, cheese powder, tomato powder, milk solids, yeast extract, dehydrated herbs, iodised salt, sugar, maltodextrin, corn flour, flavour enhancers (INS 627, INS 631), thickener (INS 415), anticaking agent (INS 551), acidity regulators (INS 270, INS 330), antioxidant (INS 300).
CONTAINS ADDED FLAVOUR (NATURAL AND NATURE IDENTICAL FLAVOURING SUBSTANCES).",40,"Contains milk & milk products.                                          Processed in a facility that also handles soya, wheat and treenuts.",4 Months ,43,125,"Rebala Nutri Foodee PVT. LTD. 
Survey no:9/1, Door no:1/374- A1,
Andipalayam post,
Tiruchengode Taluk,
Namakkal, Tamil Nadu-637214.

FSSAI Lic. No. 10016042002549","43gm for 45/- (per gm 1.04/-)
125gm for 110/- (per gm 0.88/-)",not_launched,40,182.8,2.52,29.32,5.02,2.48,2.04,6.16,0.77,5.6,0,0,419.2,,9.1,4.7,1.24,6.8,9.2,3.5,,21,
Launched products,Multigrain chips (Cheese and Herb),Source of Protein | Source of Dietery Fibre | No Palm Oil | Baked,"Red rice, corn grit, foxtail millet, chickpea, jowar, edible vegetable oil (rice bran oil) and iodised salt.

Seasoning: Garlic, onion, spice extract, cheese powder, tomato powder, milk solids, yeast extract, dehydrated herbs, iodised salt, sugar, maltodextrin, corn flour, flavour enhancers (INS 627, INS 631), thickener (INS 415), anticaking agent (INS 551), acidity regulators (INS 270, INS 330), antioxidant (INS 300).
CONTAINS ADDED FLAVOUR (NATURAL AND NATURE IDENTICAL FLAVOURING SUBSTANCES).",40,"Contains milk & milk products.                                          Processed in a facility that also handles soya, wheat and treenuts.",4 Months ,43,125,"Rebala Nutri Foodee PVT. LTD. 
Survey no:9/1, Door no:1/374- A1,
Andipalayam post,
Tiruchengode Taluk,
Namakkal, Tamil Nadu-637214.

FSSAI Lic. No. 10016042002549","43gm for 45/- (per gm 1.04/-)
125gm for 110/- (per gm 0.88/-)",not_launched,42,191.94,2.646,30.786,5.271,2.604,2.142,6.468,0.8148,5.95,0,0,440.16,,,,,,,,,,
Launched products,Multigrain chips (Cheese and Herb),Source of Protein | Source of Dietery Fibre | No Palm Oil | Baked,"Red rice, corn grit, foxtail millet, chickpea, jowar, edible vegetable oil (rice bran oil) and iodised salt.

Seasoning: Garlic, onion, spice extract, cheese powder, tomato powder, milk solids, yeast extract, dehydrated herbs, iodised salt, sugar, maltodextrin, corn flour, flavour enhancers (INS 627, INS 631), thickener (INS 415), anticaking agent (INS 551), acidity regulators (INS 270, INS 330), antioxidant (INS 300).
CONTAINS ADDED FLAVOUR (NATURAL AND NATURE IDENTICAL FLAVOURING SUBSTANCES).",40,"Contains milk & milk products.                                          Processed in a facility that also handles soya, wheat and treenuts.",4 Months ,43,125,"Rebala Nutri Foodee PVT. LTD. 
Survey no:9/1, Door no:1/374- A1,
Andipalayam post,
Tiruchengode Taluk,
Namakkal, Tamil Nadu-637214.

FSSAI Lic. No. 10016042002549","43gm for 45/- (per gm 1.04/-)
125gm for 110/- (per gm 0.88/-)",not_launched,43,191.94,2.646,30.786,5.271,2.604,2.142,6.468,0.8148,5.95,0,0,440.16,,,,,,,,,,
Launched products,Multigrain chips (Cheese and Herb),Source of Protein | Source of Dietery Fibre | No Palm Oil | Baked,"Red rice, corn grit, foxtail millet, chickpea, jowar, edible vegetable oil (rice bran oil) and iodised salt.

Seasoning: Garlic, onion, spice extract, cheese powder, tomato powder, milk solids, yeast extract, dehydrated herbs, iodised salt, sugar, maltodextrin, corn flour, flavour enhancers (INS 627, INS 631), thickener (INS 415), anticaking agent (INS 551), acidity regulators (INS 270, INS 330), antioxidant (INS 300).
CONTAINS ADDED FLAVOUR (NATURAL AND NATURE IDENTICAL FLAVOURING SUBSTANCES).",40,"Contains milk & milk products.                                          Processed in a facility that also handles soya, wheat and treenuts.",4 Months ,43,125,"Rebala Nutri Foodee PVT. LTD. 
Survey no:9/1, Door no:1/374- A1,
Andipalayam post,
Tiruchengode Taluk,
Namakkal, Tamil Nadu-637214.

FSSAI Lic. No. 10016042002549","43gm for 45/- (per gm 1.04/-)
125gm for 110/- (per gm 0.88/-)",not_launched,100,457,6.3,73.3,12.55,6.2,5.1,15.4,1.94,14.17,0,0,1048,,22.9,11.7,12.4,17,23,8.8,,52.4,
Launched products,Multigrain chips (Cheese and Herb),Source of Protein | Source of Dietery Fibre | No Palm Oil | Baked,"Red rice, corn grit, foxtail millet, chickpea, jowar, edible vegetable oil (rice bran oil) and iodised salt.

Seasoning: Garlic, onion, spice extract, cheese powder, tomato powder, milk solids, yeast extract, dehydrated herbs, iodised salt, sugar, maltodextrin, corn flour, flavour enhancers (INS 627, INS 631), thickener (INS 415), anticaking agent (INS 551), acidity regulators (INS 270, INS 330), antioxidant (INS 300).
CONTAINS ADDED FLAVOUR (NATURAL AND NATURE IDENTICAL FLAVOURING SUBSTANCES).",40,"Contains milk & milk products.                                          Processed in a facility that also handles soya, wheat and treenuts.",4 Months ,43,125,"Rebala Nutri Foodee PVT. LTD. 
Survey no:9/1, Door no:1/374- A1,
Andipalayam post,
Tiruchengode Taluk,
Namakkal, Tamil Nadu-637214.

FSSAI Lic. No. 10016042002549","43gm for 45/- (per gm 1.04/-)
125gm for 110/- (per gm 0.88/-)",not_launched,125,571.25,7.87,91.62,15.68,7.75,6.37,19.25,2.42,17.71,0,0,1310,,,,,,,,,,
Launched products,Multigrain chips (Sour Cream and Onion),Source of Protein | Source of Dietery Fibre | No Palm oil | Baked,"Red rice, corn grit, foxtail millet, chickpea, jowar, edible vegetable oil (rice bran oil) and iodised salt

Seasoning: Dehydrated herb, onion powder, dehydrated potato flour, milk solids, iodised salt, sugar, flavour enhancers (INS 627, INS 331), anti-caking agent (INS 551), acidity regulator (INS 270, INS 330), antioxidants (INS 330, INS 319).
CONTAINS ADDED FLAVOUR (NATURAL AND NATURE IDENTICAL FLAVOURING SUBSTANCES)",40,"Contains milk & milk products 
Processed in a facility that also handles soya,wheat and tree nuts.",4 Months ,43,125,"Rebala Nutri Foodee PVT. LTD.
Survey no:9/1, Door no:1/374- A1,
Andipalayam post,
Tiruchengode Taluk,
Namakkal, Tamil Nadu-637214

FSSAI Lic. No.10016042002549","43gm for 45/- (per gm 1.04/-)

125gm for 110/- (per gm 0.88/-)",not_launched,25,113.78,1.72,17.99,1.43,0,1.3,3.88,0.46,3.11,0,0,258.6,,5.69,3.19,,4.3,5.8,2.1,,12.9,
Launched products,Multigrain chips (Sour Cream and Onion),Source of Protein | Source of Dietery Fibre | No Palm oil | Baked,"Red rice, corn grit, foxtail millet, chickpea, jowar, edible vegetable oil (rice bran oil) and iodised salt

Seasoning: Dehydrated herb, onion powder, dehydrated potato flour, milk solids, iodised salt, sugar, flavour enhancers (INS 627, INS 331), anti-caking agent (INS 551), acidity regulator (INS 270, INS 330), antioxidants (INS 330, INS 319).
CONTAINS ADDED FLAVOUR (NATURAL AND NATURE IDENTICAL FLAVOURING SUBSTANCES)",40,"Contains milk & milk products 
Processed in a facility that also handles soya,wheat and tree nuts.",4 Months ,43,125,"Rebala Nutri Foodee PVT. LTD.
Survey no:9/1, Door no:1/374- A1,
Andipalayam post,
Tiruchengode Taluk,
Namakkal, Tamil Nadu-637214

FSSAI Lic. No.10016042002549","43gm for 45/- (per gm 1.04/-)

125gm for 110/- (per gm 0.88/-)",not_launched,40,182.05,2.752,28.78,2.28,0,2.08,6.212,0.74,4.97,0,0,413.8,,9.1,5.09,,6.9,9.3,3.4,,20.7,
Launched products,Multigrain chips (Sour Cream and Onion),Source of Protein | Source of Dietery Fibre | No Palm oil | Baked,"Red rice, corn grit, foxtail millet, chickpea, jowar, edible vegetable oil (rice bran oil) and iodised salt

Seasoning: Dehydrated herb, onion powder, dehydrated potato flour, milk solids, iodised salt, sugar, flavour enhancers (INS 627, INS 331), anti-caking agent (INS 551), acidity regulator (INS 270, INS 330), antioxidants (INS 330, INS 319).
CONTAINS ADDED FLAVOUR (NATURAL AND NATURE IDENTICAL FLAVOURING SUBSTANCES)",40,"Contains milk & milk products 
Processed in a facility that also handles soya,wheat and tree nuts.",4 Months ,43,125,"Rebala Nutri Foodee PVT. LTD.
Survey no:9/1, Door no:1/374- A1,
Andipalayam post,
Tiruchengode Taluk,
Namakkal, Tamil Nadu-637214

FSSAI Lic. No.10016042002549","43gm for 45/- (per gm 1.04/-)

125gm for 110/- (per gm 0.88/-)",not_launched,43,195.7,2.96,30.9,2.45,0,2.236,6.68,0.8,5.34,0,0,444.9,,,,,,,,,,
Launched products,Multigrain chips (Sour Cream and Onion),Source of Protein | Source of Dietery Fibre | No Palm oil | Baked,"Red rice, corn grit, foxtail millet, chickpea, jowar, edible vegetable oil (rice bran oil) and iodised salt

Seasoning: Dehydrated herb, onion powder, dehydrated potato flour, milk solids, iodised salt, sugar, flavour enhancers (INS 627, INS 331), anti-caking agent (INS 551), acidity regulator (INS 270, INS 330), antioxidants (INS 330, INS 319).
CONTAINS ADDED FLAVOUR (NATURAL AND NATURE IDENTICAL FLAVOURING SUBSTANCES)",40,"Contains milk & milk products 
Processed in a facility that also handles soya,wheat and tree nuts.",4 Months ,43,125,"Rebala Nutri Foodee PVT. LTD.
Survey no:9/1, Door no:1/374- A1,
Andipalayam post,
Tiruchengode Taluk,
Namakkal, Tamil Nadu-637214

FSSAI Lic. No.10016042002549","43gm for 45/- (per gm 1.04/-)

125gm for 110/- (per gm 0.88/-)",not_launched,70,318.59,4.81,50.37,4,0,3.64,10.87,1.3,8.7,0,0,724.2,,,,,,,,,,
Launched products,Multigrain chips (Sour Cream and Onion),Source of Protein | Source of Dietery Fibre | No Palm oil | Baked,"Red rice, corn grit, foxtail millet, chickpea, jowar, edible vegetable oil (rice bran oil) and iodised salt

Seasoning: Dehydrated herb, onion powder, dehydrated potato flour, milk solids, iodised salt, sugar, flavour enhancers (INS 627, INS 331), anti-caking agent (INS 551), acidity regulator (INS 270, INS 330), antioxidants (INS 330, INS 319).
CONTAINS ADDED FLAVOUR (NATURAL AND NATURE IDENTICAL FLAVOURING SUBSTANCES)",40,"Contains milk & milk products 
Processed in a facility that also handles soya,wheat and tree nuts.",4 Months ,43,125,"Rebala Nutri Foodee PVT. LTD.
Survey no:9/1, Door no:1/374- A1,
Andipalayam post,
Tiruchengode Taluk,
Namakkal, Tamil Nadu-637214

FSSAI Lic. No.10016042002549","43gm for 45/- (per gm 1.04/-)

125gm for 110/- (per gm 0.88/-)",not_launched,100,455.13,6.88,71.96,5.72,0,5.2,15.53,1.86,12.44,0,0,1034.6,,22.8,12.74,,17.3,23.2,8.5,,1034.6,
Launched products,Multigrain chips (Sour Cream and Onion),Source of Protein | Source of Dietery Fibre | No Palm oil | Baked,"Red rice, corn grit, foxtail millet, chickpea, jowar, edible vegetable oil (rice bran oil) and iodised salt

Seasoning: Dehydrated herb, onion powder, dehydrated potato flour, milk solids, iodised salt, sugar, flavour enhancers (INS 627, INS 331), anti-caking agent (INS 551), acidity regulator (INS 270, INS 330), antioxidants (INS 330, INS 319).
CONTAINS ADDED FLAVOUR (NATURAL AND NATURE IDENTICAL FLAVOURING SUBSTANCES)",40,"Contains milk & milk products 
Processed in a facility that also handles soya,wheat and tree nuts.",4 Months ,43,125,"Rebala Nutri Foodee PVT. LTD.
Survey no:9/1, Door no:1/374- A1,
Andipalayam post,
Tiruchengode Taluk,
Namakkal, Tamil Nadu-637214

FSSAI Lic. No.10016042002549","43gm for 45/- (per gm 1.04/-)

125gm for 110/- (per gm 0.88/-)",not_launched,125,568.9,8.6,89.95,7.15,0,5.2,19.4125,2.325,15.55,0,0,1293.25,,,,,,,,,,
Launched products,Cheesy Jalapeno Quinoa Puffs,Source of Protein | Roasted | Made with Whole Grains | No Palm oil,"Quinoa, corn, rice, jowar, oats, gram, potato flakes, edible vegetable oil (rice bran oil).

Seasoning :  Spices & condiments (onion, black pepper, jalapeno, garlic, ginger), corn starch, sugar, iodised salt, milk solids, hydrolyzed vegetable protein (soya), cheese powder, soya sauce powder, yeast extract powder, acidity regulators (INS 262(i), INS 296), anticaking agent (INS 551), edible vegetable oil (sunflower), flavour enhancers (INS 627, INS 631), antioxidant (INS 319).
CONTAINS NATURAL & NATURE IDENTICAL FLAVOURING SUBSTANCE(S).",35,"Contains soya, milk and milk products. Manufactured in a facility on shared equipments that also handles peanuts, tree nuts, mustard, sesame, gluten.",3 months,35,100,"

SNACKSMITHS PVT. LTD. 
UNIT NO. 104, FIRST FLOOR, BLDG. NO. 5, SQUARE INDUSTRIAL PARK, NATIONAL HIGHWAY - 8, NEAR TUNGARESHWAR PHATA, VASAI (EAST) - 401208 , MAHARASHTRA, INDIA
FSSAI Lic. No. 115190190000642","38g for 60/-
(1.57 per gram)

105g for 155/-
(1.47 per gram)",not_launched,20,88.3,1.72,12.9,0.64,,,2.68,,,,,,,4.4,,,,4,,,,
Launched products,Cheesy Jalapeno Quinoa Puffs,Source of Protein | Roasted | Made with Whole Grains | No Palm oil,"Quinoa, corn, rice, jowar, oats, gram, potato flakes, edible vegetable oil (rice bran oil).

Seasoning :  Spices & condiments (onion, black pepper, jalapeno, garlic, ginger), corn starch, sugar, iodised salt, milk solids, hydrolyzed vegetable protein (soya), cheese powder, soya sauce powder, yeast extract powder, acidity regulators (INS 262(i), INS 296), anticaking agent (INS 551), edible vegetable oil (sunflower), flavour enhancers (INS 627, INS 631), antioxidant (INS 319).
CONTAINS NATURAL & NATURE IDENTICAL FLAVOURING SUBSTANCE(S).",35,"Contains soya, milk and milk products. Manufactured in a facility on shared equipments that also handles peanuts, tree nuts, mustard, sesame, gluten.",3 months,35,100,"

SNACKSMITHS PVT. LTD. 
UNIT NO. 104, FIRST FLOOR, BLDG. NO. 5, SQUARE INDUSTRIAL PARK, NATIONAL HIGHWAY - 8, NEAR TUNGARESHWAR PHATA, VASAI (EAST) - 401208 , MAHARASHTRA, INDIA
FSSAI Lic. No. 115190190000642","38g for 60/-
(1.57 per gram)

105g for 155/-
(1.47 per gram)",not_launched,30,132.4,2.6,19.4,0.9,,,4.02,,,,,,,6.6,,,,6,,,,
Launched products,Cheesy Jalapeno Quinoa Puffs,Source of Protein | Roasted | Made with Whole Grains | No Palm oil,"Quinoa, corn, rice, jowar, oats, gram, potato flakes, edible vegetable oil (rice bran oil).

Seasoning :  Spices & condiments (onion, black pepper, jalapeno, garlic, ginger), corn starch, sugar, iodised salt, milk solids, hydrolyzed vegetable protein (soya), cheese powder, soya sauce powder, yeast extract powder, acidity regulators (INS 262(i), INS 296), anticaking agent (INS 551), edible vegetable oil (sunflower), flavour enhancers (INS 627, INS 631), antioxidant (INS 319).
CONTAINS NATURAL & NATURE IDENTICAL FLAVOURING SUBSTANCE(S).",35,"Contains soya, milk and milk products. Manufactured in a facility on shared equipments that also handles peanuts, tree nuts, mustard, sesame, gluten.",3 months,35,100,"

SNACKSMITHS PVT. LTD. 
UNIT NO. 104, FIRST FLOOR, BLDG. NO. 5, SQUARE INDUSTRIAL PARK, NATIONAL HIGHWAY - 8, NEAR TUNGARESHWAR PHATA, VASAI (EAST) - 401208 , MAHARASHTRA, INDIA
FSSAI Lic. No. 115190190000642","38g for 60/-
(1.57 per gram)

105g for 155/-
(1.47 per gram)",not_launched,35,154.5,3.01,22.71,1.12,,,4.69,,,,,,,7.7,,,,7,,,,
Launched products,Cheesy Jalapeno Quinoa Puffs,Source of Protein | Roasted | Made with Whole Grains | No Palm oil,"Quinoa, corn, rice, jowar, oats, gram, potato flakes, edible vegetable oil (rice bran oil).

Seasoning :  Spices & condiments (onion, black pepper, jalapeno, garlic, ginger), corn starch, sugar, iodised salt, milk solids, hydrolyzed vegetable protein (soya), cheese powder, soya sauce powder, yeast extract powder, acidity regulators (INS 262(i), INS 296), anticaking agent (INS 551), edible vegetable oil (sunflower), flavour enhancers (INS 627, INS 631), antioxidant (INS 319).
CONTAINS NATURAL & NATURE IDENTICAL FLAVOURING SUBSTANCE(S).",35,"Contains soya, milk and milk products. Manufactured in a facility on shared equipments that also handles peanuts, tree nuts, mustard, sesame, gluten.",3 months,35,100,"

SNACKSMITHS PVT. LTD. 
UNIT NO. 104, FIRST FLOOR, BLDG. NO. 5, SQUARE INDUSTRIAL PARK, NATIONAL HIGHWAY - 8, NEAR TUNGARESHWAR PHATA, VASAI (EAST) - 401208 , MAHARASHTRA, INDIA
FSSAI Lic. No. 115190190000642","38g for 60/-
(1.57 per gram)

105g for 155/-
(1.47 per gram)",not_launched,38,167.77,3.268,24.662,1.21,,,5.09,,,,,,,,,,,,,,,
Launched products,Cheesy Jalapeno Quinoa Puffs,Source of Protein | Roasted | Made with Whole Grains | No Palm oil,"Quinoa, corn, rice, jowar, oats, gram, potato flakes, edible vegetable oil (rice bran oil).

Seasoning :  Spices & condiments (onion, black pepper, jalapeno, garlic, ginger), corn starch, sugar, iodised salt, milk solids, hydrolyzed vegetable protein (soya), cheese powder, soya sauce powder, yeast extract powder, acidity regulators (INS 262(i), INS 296), anticaking agent (INS 551), edible vegetable oil (sunflower), flavour enhancers (INS 627, INS 631), antioxidant (INS 319).
CONTAINS NATURAL & NATURE IDENTICAL FLAVOURING SUBSTANCE(S).",35,"Contains soya, milk and milk products. Manufactured in a facility on shared equipments that also handles peanuts, tree nuts, mustard, sesame, gluten.",3 months,35,100,"

SNACKSMITHS PVT. LTD. 
UNIT NO. 104, FIRST FLOOR, BLDG. NO. 5, SQUARE INDUSTRIAL PARK, NATIONAL HIGHWAY - 8, NEAR TUNGARESHWAR PHATA, VASAI (EAST) - 401208 , MAHARASHTRA, INDIA
FSSAI Lic. No. 115190190000642","38g for 60/-
(1.57 per gram)

105g for 155/-
(1.47 per gram)",not_launched,100,441.5,8.6,64.9,3.2,,,13.4,,,,,,,,,,,,,,,
Launched products,Cheesy Jalapeno Quinoa Puffs,Source of Protein | Roasted | Made with Whole Grains | No Palm oil,"Quinoa, corn, rice, jowar, oats, gram, potato flakes, edible vegetable oil (rice bran oil).

Seasoning :  Spices & condiments (onion, black pepper, jalapeno, garlic, ginger), corn starch, sugar, iodised salt, milk solids, hydrolyzed vegetable protein (soya), cheese powder, soya sauce powder, yeast extract powder, acidity regulators (INS 262(i), INS 296), anticaking agent (INS 551), edible vegetable oil (sunflower), flavour enhancers (INS 627, INS 631), antioxidant (INS 319).
CONTAINS NATURAL & NATURE IDENTICAL FLAVOURING SUBSTANCE(S).",35,"Contains soya, milk and milk products. Manufactured in a facility on shared equipments that also handles peanuts, tree nuts, mustard, sesame, gluten.",3 months,35,100,"

SNACKSMITHS PVT. LTD. 
UNIT NO. 104, FIRST FLOOR, BLDG. NO. 5, SQUARE INDUSTRIAL PARK, NATIONAL HIGHWAY - 8, NEAR TUNGARESHWAR PHATA, VASAI (EAST) - 401208 , MAHARASHTRA, INDIA
FSSAI Lic. No. 115190190000642","38g for 60/-
(1.57 per gram)

105g for 155/-
(1.47 per gram)",not_launched,105,463.6,9.03,68.145,3.36,,,14.07,,,,,,,,,,,,,,,
Launched products,Truffle chickpea popped chips,Rich in Protein | Source of Dietary Fibre | No Palm Oil,"Chickpeas, rice, potato, starch, edible vegetable oil (sunflower oil), salt.

Seasoning:Spices and spice extract (black pepper, mustard), dehydrated vegetable powders and extract (onion, garlic), cheese powder, milk solids (whole milk powder, whey powder), truffle, yeast extract powder, sunflower oil, common salt, maltodextrin, corn starch, flavour enhancers (INS 627, INS 631), anti-caking agents (INS 341(iii), INS 551 ), acidity regulator (INS 330). 

CONTAINS NATURAL & NATURE IDENTICAL FLAVOURING SUBSTANCES (TRUFFLE, MUSHROOM, CHEESE, MUSTARD).",30,"Contains milk and milk products, and mushroom.",6 months,32,63,"MADON PURE FOODS PVT LTD     
AW 104 – 106, Rajlaxmi Commercial Complex, Opposite Haldiram Red Gate, Kahler, Bhiwandi, 421302, India.

FSSAI Lic. No: 11517018000565","32 gm for 60/- (per gm 1.87/-)
63 gm for 115/- (per gm1.82/-) ",not_launched,22,106.7,2.53,13.57,1.37,1.04,1.3,4.3,2.16,2.1,0,0,250.1,,5.3,4.68,2.1,4.3,6.4,9.8,,12.6,
Launched products,Truffle chickpea popped chips,Rich in Protein | Source of Dietary Fibre | No Palm Oil,"Chickpeas, rice, potato, starch, edible vegetable oil (sunflower oil), salt.

Seasoning:Spices and spice extract (black pepper, mustard), dehydrated vegetable powders and extract (onion, garlic), cheese powder, milk solids (whole milk powder, whey powder), truffle, yeast extract powder, sunflower oil, common salt, maltodextrin, corn starch, flavour enhancers (INS 627, INS 631), anti-caking agents (INS 341(iii), INS 551 ), acidity regulator (INS 330). 

CONTAINS NATURAL & NATURE IDENTICAL FLAVOURING SUBSTANCES (TRUFFLE, MUSHROOM, CHEESE, MUSTARD).",30,"Contains milk and milk products, and mushroom.",6 months,32,63,"MADON PURE FOODS PVT LTD     
AW 104 – 106, Rajlaxmi Commercial Complex, Opposite Haldiram Red Gate, Kahler, Bhiwandi, 421302, India.

FSSAI Lic. No: 11517018000565","32 gm for 60/- (per gm 1.87/-)
63 gm for 115/- (per gm1.82/-) ",not_launched,30,145.5,3.45,18.51,1.88,1.42,1.77,5.85,2.94,2.86,0,0,342.3,,7.3,6.38,2.8,5.9,8.7,13.4,,17.1,
Launched products,Truffle chickpea popped chips,Rich in Protein | Source of Dietary Fibre | No Palm Oil,"Chickpeas, rice, potato, starch, edible vegetable oil (sunflower oil), salt.

Seasoning:Spices and spice extract (black pepper, mustard), dehydrated vegetable powders and extract (onion, garlic), cheese powder, milk solids (whole milk powder, whey powder), truffle, yeast extract powder, sunflower oil, common salt, maltodextrin, corn starch, flavour enhancers (INS 627, INS 631), anti-caking agents (INS 341(iii), INS 551 ), acidity regulator (INS 330). 

CONTAINS NATURAL & NATURE IDENTICAL FLAVOURING SUBSTANCES (TRUFFLE, MUSHROOM, CHEESE, MUSTARD).",30,"Contains milk and milk products, and mushroom.",6 months,32,63,"MADON PURE FOODS PVT LTD     
AW 104 – 106, Rajlaxmi Commercial Complex, Opposite Haldiram Red Gate, Kahler, Bhiwandi, 421302, India.

FSSAI Lic. No: 11517018000565","32 gm for 60/- (per gm 1.87/-)
63 gm for 115/- (per gm1.82/-) ",not_launched,32,155.2,3.68,19.74,2,1.52,1.89,6.24,3.14,3.05,0,0,365.08,,,,,,,,,,
Launched products,Truffle chickpea popped chips,Rich in Protein | Source of Dietary Fibre | No Palm Oil,"Chickpeas, rice, potato, starch, edible vegetable oil (sunflower oil), salt.

Seasoning:Spices and spice extract (black pepper, mustard), dehydrated vegetable powders and extract (onion, garlic), cheese powder, milk solids (whole milk powder, whey powder), truffle, yeast extract powder, sunflower oil, common salt, maltodextrin, corn starch, flavour enhancers (INS 627, INS 631), anti-caking agents (INS 341(iii), INS 551 ), acidity regulator (INS 330). 

CONTAINS NATURAL & NATURE IDENTICAL FLAVOURING SUBSTANCES (TRUFFLE, MUSHROOM, CHEESE, MUSTARD).",30,"Contains milk and milk products, and mushroom.",6 months,32,63,"MADON PURE FOODS PVT LTD     
AW 104 – 106, Rajlaxmi Commercial Complex, Opposite Haldiram Red Gate, Kahler, Bhiwandi, 421302, India.

FSSAI Lic. No: 11517018000565","32 gm for 60/- (per gm 1.87/-)
63 gm for 115/- (per gm1.82/-) ",not_launched,60,291,6.9,37.03,3.76,2.85,3.55,11.7,5.89,5.73,0,0,684.5,,,,,,,,,,
Launched products,Truffle chickpea popped chips,Rich in Protein | Source of Dietary Fibre | No Palm Oil,"Chickpeas, rice, potato, starch, edible vegetable oil (sunflower oil), salt.

Seasoning:Spices and spice extract (black pepper, mustard), dehydrated vegetable powders and extract (onion, garlic), cheese powder, milk solids (whole milk powder, whey powder), truffle, yeast extract powder, sunflower oil, common salt, maltodextrin, corn starch, flavour enhancers (INS 627, INS 631), anti-caking agents (INS 341(iii), INS 551 ), acidity regulator (INS 330). 

CONTAINS NATURAL & NATURE IDENTICAL FLAVOURING SUBSTANCES (TRUFFLE, MUSHROOM, CHEESE, MUSTARD).",30,"Contains milk and milk products, and mushroom.",6 months,32,63,"MADON PURE FOODS PVT LTD     
AW 104 – 106, Rajlaxmi Commercial Complex, Opposite Haldiram Red Gate, Kahler, Bhiwandi, 421302, India.

FSSAI Lic. No: 11517018000565","32 gm for 60/- (per gm 1.87/-)
63 gm for 115/- (per gm1.82/-) ",not_launched,63,305.5,7.24,38.87,3.94,2.99,3.72,12.28,6.18,6.01,0,0,718.7,,,,,,,,,,
Launched products,Truffle chickpea popped chips,Rich in Protein | Source of Dietary Fibre | No Palm Oil,"Chickpeas, rice, potato, starch, edible vegetable oil (sunflower oil), salt.

Seasoning:Spices and spice extract (black pepper, mustard), dehydrated vegetable powders and extract (onion, garlic), cheese powder, milk solids (whole milk powder, whey powder), truffle, yeast extract powder, sunflower oil, common salt, maltodextrin, corn starch, flavour enhancers (INS 627, INS 631), anti-caking agents (INS 341(iii), INS 551 ), acidity regulator (INS 330). 

CONTAINS NATURAL & NATURE IDENTICAL FLAVOURING SUBSTANCES (TRUFFLE, MUSHROOM, CHEESE, MUSTARD).",30,"Contains milk and milk products, and mushroom.",6 months,32,63,"MADON PURE FOODS PVT LTD     
AW 104 – 106, Rajlaxmi Commercial Complex, Opposite Haldiram Red Gate, Kahler, Bhiwandi, 421302, India.

FSSAI Lic. No: 11517018000565","32 gm for 60/- (per gm 1.87/-)
63 gm for 115/- (per gm1.82/-) ",not_launched,100,485,11.5,61.71,6.26,4.75,5.92,19.5,9.82,9.55,0,0,1140.9,,,,,,,,,,
Launched products,Lime & Sriracha Chickpea Puffs,No Palm Oil | Rich in Dietary fibre | Rich in Protein | Roasted,"Chickpea flour (50%), rice grits, gram flour, edible vegetable oil (rice bran oil).

Seasoning: Dehydrated vegetable powder (onion, garlic), spices and spice extracts (coriander, chilli), soy sauce powder, hydrolysed vegetable protein, iodised salt, sugar, maltodextrin, sodium salt (INS 262(i)), flavour enhancers (INS 627, INS 631), anti-caking agent (INS 551), acidity regulators (INS 330, INS 334).
CONTAINS NATURAL & NATURE IDENTICAL FLAVOURING SUBSTANCES (schezwan, bell pepper, lime).",35,"Manufactured in a facility on shared equipments that also handles soya products, peanuts, tree nuts and mustard.",4 Months ,38,105,"
NUTROMODE SNACKS PVT. LTD.
PLOT NO 203, BEHIND INDIAN OIL PETROL
PUMP, DHAKAMBE DINDORI, Nashik,
Maharashtra-422004.

FSSAI Lic. No. 11525999000526","50/- for 38gms (per gm 1.31/-)
135/- for 105gms (per gm 1.28/-)",not_launched,20,86.88,2.53,13.65,0.34,0,1.44,2.46,1.09,1.36,0,0,160.88,,4.3,4.7,0.04,4.8,3.67,5,5,8,
Launched products,Lime & Sriracha Chickpea Puffs,No Palm Oil | Rich in Dietary fibre | Rich in Protein | Roasted,"Chickpea flour (50%), rice grits, gram flour, edible vegetable oil (rice bran oil).

Seasoning: Dehydrated vegetable powder (onion, garlic), spices and spice extracts (coriander, chilli), soy sauce powder, hydrolysed vegetable protein, iodised salt, sugar, maltodextrin, sodium salt (INS 262(i)), flavour enhancers (INS 627, INS 631), anti-caking agent (INS 551), acidity regulators (INS 330, INS 334).
CONTAINS NATURAL & NATURE IDENTICAL FLAVOURING SUBSTANCES (schezwan, bell pepper, lime).",35,"Manufactured in a facility on shared equipments that also handles soya products, peanuts, tree nuts and mustard.",4 Months ,38,105,"
NUTROMODE SNACKS PVT. LTD.
PLOT NO 203, BEHIND INDIAN OIL PETROL
PUMP, DHAKAMBE DINDORI, Nashik,
Maharashtra-422004.

FSSAI Lic. No. 11525999000526","50/- for 38gms (per gm 1.31/-)
135/- for 105gms (per gm 1.28/-)",not_launched,30,130.3,3.78,20.47,0.51,0,2.16,3.69,1.638,2.05,0,0,241.3,,6.52,7.03,0.06,7.2,5.5,7.45,7.5,12.1,
Launched products,Lime & Sriracha Chickpea Puffs,No Palm Oil | Rich in Dietary fibre | Rich in Protein | Roasted,"Chickpea flour (50%), rice grits, gram flour, edible vegetable oil (rice bran oil).

Seasoning: Dehydrated vegetable powder (onion, garlic), spices and spice extracts (coriander, chilli), soy sauce powder, hydrolysed vegetable protein, iodised salt, sugar, maltodextrin, sodium salt (INS 262(i)), flavour enhancers (INS 627, INS 631), anti-caking agent (INS 551), acidity regulators (INS 330, INS 334).
CONTAINS NATURAL & NATURE IDENTICAL FLAVOURING SUBSTANCES (schezwan, bell pepper, lime).",35,"Manufactured in a facility on shared equipments that also handles soya products, peanuts, tree nuts and mustard.",4 Months ,38,105,"
NUTROMODE SNACKS PVT. LTD.
PLOT NO 203, BEHIND INDIAN OIL PETROL
PUMP, DHAKAMBE DINDORI, Nashik,
Maharashtra-422004.

FSSAI Lic. No. 11525999000526","50/- for 38gms (per gm 1.31/-)
135/- for 105gms (per gm 1.28/-)",not_launched,35,152.04,4.43,23.88,0.59,0,2.52,4.3,1.91,2.39,0,0,281.5,,7.6,8.2,0.06,8.4,6.4,8.7,8.75,14.1,
Launched products,Lime & Sriracha Chickpea Puffs,No Palm Oil | Rich in Dietary fibre | Rich in Protein | Roasted,"Chickpea flour (50%), rice grits, gram flour, edible vegetable oil (rice bran oil).

Seasoning: Dehydrated vegetable powder (onion, garlic), spices and spice extracts (coriander, chilli), soy sauce powder, hydrolysed vegetable protein, iodised salt, sugar, maltodextrin, sodium salt (INS 262(i)), flavour enhancers (INS 627, INS 631), anti-caking agent (INS 551), acidity regulators (INS 330, INS 334).
CONTAINS NATURAL & NATURE IDENTICAL FLAVOURING SUBSTANCES (schezwan, bell pepper, lime).",35,"Manufactured in a facility on shared equipments that also handles soya products, peanuts, tree nuts and mustard.",4 Months ,38,105,"
NUTROMODE SNACKS PVT. LTD.
PLOT NO 203, BEHIND INDIAN OIL PETROL
PUMP, DHAKAMBE DINDORI, Nashik,
Maharashtra-422004.

FSSAI Lic. No. 11525999000526","50/- for 38gms (per gm 1.31/-)
135/- for 105gms (per gm 1.28/-)",not_launched,100,434.4,12.66,68.25,1.71,0,7.2,12.3,5.46,6.84,0,0,804.4,,,,,,,,,,
Launched products,Herb & Cheese Chickpea Puffs,Rich In Dietary Fibre | Rich In Protein | No Palm Oil,"Chickpeas, rice, tapioca starch, corn flour, edible vegetable oil (rice bran oil), milk solids, salt
Seasoning: Cheese powder, garlic, onion, dehydrated herbs, spice extract, yeast extract, sugar, maltodextrin, flavour enhancers (INS 627, INS 631), acidity regulators (INS 330, INS 270), anti-caking agent (INS 551), thickener (INS 415), antioxidant (INS 300)

CONTAINS NATURAL & NATURE IDENTICAL FLAVOURING SUBSTANCE(S).",35,"Contains milk & milk products and manufactured in a facility on shared equipment that also processes soya, peanuts, tree nuts, mustard, sesame, gluten, milk & milk products.",3 months,35,100,"SNACKSMITHS PRIVATE LIMITED 

Unit No. 104, First Floor, Bldg. No. 5, Square Industrial Park, National Highway - 8, Near Tungareshwar Phata, Vasai (East) - 401208, Maharashtra, India 
FSSAI Lic. No 115190190000642","50 for 38g (per gm-1.31/-)

135 for 105g(per gm- 1.28/-)",not_launched,35,168,4,25.7,1.7,,3.11,4.69,0.59,,0,0,370.68,,8.4,7.5,,10.4,,2.7,,18.5,
Launched products,Herb & Cheese Chickpea Puffs,Rich In Dietary Fibre | Rich In Protein | No Palm Oil,"Chickpeas, rice, tapioca starch, corn flour, edible vegetable oil (rice bran oil), milk solids, salt
Seasoning: Cheese powder, garlic, onion, dehydrated herbs, spice extract, yeast extract, sugar, maltodextrin, flavour enhancers (INS 627, INS 631), acidity regulators (INS 330, INS 270), anti-caking agent (INS 551), thickener (INS 415), antioxidant (INS 300)

CONTAINS NATURAL & NATURE IDENTICAL FLAVOURING SUBSTANCE(S).",35,"Contains milk & milk products and manufactured in a facility on shared equipment that also processes soya, peanuts, tree nuts, mustard, sesame, gluten, milk & milk products.",3 months,35,100,"SNACKSMITHS PRIVATE LIMITED 

Unit No. 104, First Floor, Bldg. No. 5, Square Industrial Park, National Highway - 8, Near Tungareshwar Phata, Vasai (East) - 401208, Maharashtra, India 
FSSAI Lic. No 115190190000642","50 for 38g (per gm-1.31/-)

135 for 105g(per gm- 1.28/-)",not_launched,38,182.4,4.37342,27.9794,1.8544,,3.11,4.69,0.6498,,0,0,402.458,,,,,,,,,,
Launched products,Herb & Cheese Chickpea Puffs,Rich In Dietary Fibre | Rich In Protein | No Palm Oil,"Chickpeas, rice, tapioca starch, corn flour, edible vegetable oil (rice bran oil), milk solids, salt
Seasoning: Cheese powder, garlic, onion, dehydrated herbs, spice extract, yeast extract, sugar, maltodextrin, flavour enhancers (INS 627, INS 631), acidity regulators (INS 330, INS 270), anti-caking agent (INS 551), thickener (INS 415), antioxidant (INS 300)

CONTAINS NATURAL & NATURE IDENTICAL FLAVOURING SUBSTANCE(S).",35,"Contains milk & milk products and manufactured in a facility on shared equipment that also processes soya, peanuts, tree nuts, mustard, sesame, gluten, milk & milk products.",3 months,35,100,"SNACKSMITHS PRIVATE LIMITED 

Unit No. 104, First Floor, Bldg. No. 5, Square Industrial Park, National Highway - 8, Near Tungareshwar Phata, Vasai (East) - 401208, Maharashtra, India 
FSSAI Lic. No 115190190000642","50 for 38g (per gm-1.31/-)

135 for 105g(per gm- 1.28/-)",not_launched,100,480,11.509,73.63,4.88,,8.9,13.4,1.71,,0,0,1059.1,,24,21.3,,29.7,20,7.8,,9.7,
Launched products,Herb & Cheese Chickpea Puffs,Rich In Dietary Fibre | Rich In Protein | No Palm Oil,"Chickpeas, rice, tapioca starch, corn flour, edible vegetable oil (rice bran oil), milk solids, salt
Seasoning: Cheese powder, garlic, onion, dehydrated herbs, spice extract, yeast extract, sugar, maltodextrin, flavour enhancers (INS 627, INS 631), acidity regulators (INS 330, INS 270), anti-caking agent (INS 551), thickener (INS 415), antioxidant (INS 300)

CONTAINS NATURAL & NATURE IDENTICAL FLAVOURING SUBSTANCE(S).",35,"Contains milk & milk products and manufactured in a facility on shared equipment that also processes soya, peanuts, tree nuts, mustard, sesame, gluten, milk & milk products.",3 months,35,100,"SNACKSMITHS PRIVATE LIMITED 

Unit No. 104, First Floor, Bldg. No. 5, Square Industrial Park, National Highway - 8, Near Tungareshwar Phata, Vasai (East) - 401208, Maharashtra, India 
FSSAI Lic. No 115190190000642","50 for 38g (per gm-1.31/-)

135 for 105g(per gm- 1.28/-)",not_launched,105,504,12.08445,77.3115,5.124,,9.345,14.07,1.7955,,0,0,1112.055,,,,,,,,,,
Launched products,Roasted moong Jor,Rich in Protein | Roasted | Source of fibre | No Palm oil,"Green moong, raw salt & edible vegetable oil (cotton seed oil).",40,-,3 months,85,250,"Hemraj Foods
E – 3, Karni Nagar (Lallgarh), Bikaner – 334001, Rajasthan
Fssai Lic. No. 12220017000323",90g for 80/- (per gm-0.88/-)                                                                              265g for 225/-   (per gm-0.84/-),not_launched,35,298.5,18.7,17.29,0,,1.45,1.01,,,,,78.7,,5.2,12.1,,4.8,1.5,,,3.9,
Launched products,Roasted moong Jor,Rich in Protein | Roasted | Source of fibre | No Palm oil,"Green moong, raw salt & edible vegetable oil (cotton seed oil).",40,-,3 months,85,250,"Hemraj Foods
E – 3, Karni Nagar (Lallgarh), Bikaner – 334001, Rajasthan
Fssai Lic. No. 12220017000323",90g for 80/- (per gm-0.88/-)                                                                              265g for 225/-   (per gm-0.84/-),not_launched,40,0,0,19.76,0,,,0,,,,,,,,,,,,,,,
Launched products,Cheese Dosa Khakhra,Source of Protein | Rich in Dietary fibre | No Palm oil | Roasted,"Rice, ragi, urad dal, edible vegetable oil (rice bran oil), salt.

Seasoning- Milk powder, whey powder, salt, glucose powder, dextrose monohydrate, acidity regulator (INS 330), anticaking agent (INS 551), natural color (160c).",50,Contains milk and milk products. ,4 Months ,50,100,"Jain Food Product

Milkat No-5555, Near Tuljabhavani Mandir, Tardal, Ichalkaranji, District-Kolhapur-416121

FSSAI Lic. No. 11515043000121","100gm for 115/- (per gm 1.15/-)
50 gm for 60/- (per gm 1.2/-) ",not_launched,25,127.99,2.07,16.09,1.53,0.32,1.7,6.13,5.3,0.45,0,0,219.6,,6.4,3.8,0.6,5.7,9.2,24.1,,11,
Launched products,Cheese Dosa Khakhra,Source of Protein | Rich in Dietary fibre | No Palm oil | Roasted,"Rice, ragi, urad dal, edible vegetable oil (rice bran oil), salt.

Seasoning- Milk powder, whey powder, salt, glucose powder, dextrose monohydrate, acidity regulator (INS 330), anticaking agent (INS 551), natural color (160c).",50,Contains milk and milk products. ,4 Months ,50,100,"Jain Food Product

Milkat No-5555, Near Tuljabhavani Mandir, Tardal, Ichalkaranji, District-Kolhapur-416121

FSSAI Lic. No. 11515043000121","100gm for 115/- (per gm 1.15/-)
50 gm for 60/- (per gm 1.2/-) ",not_launched,50,255.99,4.14,32.18,3.06,0.64,3.41,12.26,10.6,0.91,0,0,439.2,,12.8,7.7,1.3,16.4,18.3,48.2,,22,
Launched products,Cheese Dosa Khakhra,Source of Protein | Rich in Dietary fibre | No Palm oil | Roasted,"Rice, ragi, urad dal, edible vegetable oil (rice bran oil), salt.

Seasoning- Milk powder, whey powder, salt, glucose powder, dextrose monohydrate, acidity regulator (INS 330), anticaking agent (INS 551), natural color (160c).",50,Contains milk and milk products. ,4 Months ,50,100,"Jain Food Product

Milkat No-5555, Near Tuljabhavani Mandir, Tardal, Ichalkaranji, District-Kolhapur-416121

FSSAI Lic. No. 11515043000121","100gm for 115/- (per gm 1.15/-)
50 gm for 60/- (per gm 1.2/-) ",not_launched,100,511.98,8.29,64.36,6.12,1.28,6.82,24.52,21.2,1.83,0,0,878.3,,25.6,15.4,2.6,32.7,36.6,96.4,,43.9,
Launched products,Butterscotch Dip with biscuit sticks,Baked | No Refined Sugar/Made with jaggery | No palm oil,"Biscuit Sticks-Whole wheat flour, refined wheat flour, jaggery, edible vegetable oil (sunflower oil), sodium bicarbonate, ammonium bicarbonate, lecithin, salt.

Butterscotch Dip- Edible vegetable oil (sunflower oil), jaggery, milk solids, maltodextrin (INS1400), cashew, cocoa solids, edible vegetable fat (hydrogenated), emulsifier (INS 322(i)- lecithin of soya origin).
CONTAINS ADDED NATURE IDENTICAL (BUTTERSCOTCH) FLAVOURING SUBSTANCES.

REVISED INGREDIENTS: (Applicable after next slot of printing)
Edible vegetable oil (sunflower oil), jaggery, milk solids, maltodextrin (INS1400), cashew, cocoa solids, hydrogenated rapeseed oil,emulsifier (INS322(i)- lecithin of soya origin, nature identical (butterscotch) flavouring substances.

CONTAINS ADDED NATURE IDENTICAL (BUTTERSCOTCH) FLAVOURING SUBSTANCES.
",34,"Contains gluten, milk and milk derivatives and soya (Lecithin of soya origin).",Best Before 4.5 months from the date of packaging ,34,, ,34gm-35/- (per gm-1.02/-),not_launched,15,86.1,1.1,7.95,5.7,4.2,0.59,5.5,0.86,0.11,0.009,0,10.5,,4.3,2,8.4,,8.2,3.9,0,0.5,
Launched products,Butterscotch Dip with biscuit sticks,Baked | No Refined Sugar/Made with jaggery | No palm oil,"Biscuit Sticks-Whole wheat flour, refined wheat flour, jaggery, edible vegetable oil (sunflower oil), sodium bicarbonate, ammonium bicarbonate, lecithin, salt.

Butterscotch Dip- Edible vegetable oil (sunflower oil), jaggery, milk solids, maltodextrin (INS1400), cashew, cocoa solids, edible vegetable fat (hydrogenated), emulsifier (INS 322(i)- lecithin of soya origin).
CONTAINS ADDED NATURE IDENTICAL (BUTTERSCOTCH) FLAVOURING SUBSTANCES.

REVISED INGREDIENTS: (Applicable after next slot of printing)
Edible vegetable oil (sunflower oil), jaggery, milk solids, maltodextrin (INS1400), cashew, cocoa solids, hydrogenated rapeseed oil,emulsifier (INS322(i)- lecithin of soya origin, nature identical (butterscotch) flavouring substances.

CONTAINS ADDED NATURE IDENTICAL (BUTTERSCOTCH) FLAVOURING SUBSTANCES.
",34,"Contains gluten, milk and milk derivatives and soya (Lecithin of soya origin).",Best Before 4.5 months from the date of packaging ,34,, ,34gm-35/- (per gm-1.02/-),not_launched,17,97.58,1.24,9.01,6.46,4.76,0.66,6.29,0.97,0.12,0.01,0,11.9,,4.9,2.3,9.5,,9.4,4.4,0.5,0.6,
Launched products,Spicy Mayo Dip & Jalapeno Ragi Chips,Ragi Chips - Rich in dietary fibre | source of protein | no palm oil | Dips - No palm oil,"Jalapeno ragi Chips- Ragi flour, tapioca starch, rice flour, white lentil flour, gram flour, iodised salt, edible vegetable oil (Rice bran oil), spray‑dried jalapeno pepper powder, dehydrated garlic powder, dehydrated onion powder, red chilli powder, sugar, black salt, anti‑caking agent (INS 170(i)), maltodextrin, acidity regulators (INS 330, INS 296), flavour enhancers (INS 627, INS 631), paprika oleoresin (INS 160c). 
CONTAINS NATURE IDENTICAL FLAVOURING SUBSTANCE(S)- JALAPENO.

Spicy Mayo Dip- Refined soyabean oil, sugar, spices and condiments, milk solids, iodised salt, thickeners & stabilizers (INS 1450, INS 442, INS 415, INS 412), acidity regulator (INS 260, INS 330, INS 270), natural flavouring substances, preservatives (INS 211, INS 202), lemon powder, sequestrant (INS 385) and antioxidant (INS 319).
CONTAINS NATURAL & NATURE IDENTICAL FLAVOURING SUBSTANCE(S).

REVISED INGREDIENT:

Spicy Mayo Dip- Water, refined soyabean oil, synthetic vinegar [water, acetic acid (INS 260)], sugar, milk solids, spices and condiments [mixed spices & condiments, dehydrated chillies,cumin powder, dehydrated garlic ], emulsifiers & stabilizers (INS 1450, INS 1442, INS 415 ), iodised salt, herbs, acidity regulator (INS 330),  preservatives (INS 211, INS 202), nature identical flavouring substances, antioxidant(INS 319), sequestrant (INS 385).
CONTAINS NATURAL & NATURE IDENTICAL FLAVOURING SUBSTANCE(S).",60,"Contains soya and milk derivatives. Manufactured in a facility that also processes wheat, peanuts, soybean, milk, nuts, mustard and sesame.",Best Before 4.5 months from the date of manufacturing.,60,,"For Jalapeno Ragi Chips 

Amrud Snack Limited
Gala No.1, B2 & B3, Bharat
Compound, Survey No.219, Opp. Dodhia
Petrol Pump, Kashimira, Mira Road (E).
Dist. Thane, Maharashtra- 401107
FSSAI Lic. No. 11517020000417



","60gm for 50/-
(0.83/- per gram) ",not_launched,28,163,1.7,15.9,0.3,2.38,2.1,9.77,4.59,,0,,126,55,7.6,3,,6.5,13.6,19.5,0,5.9,5.1
Launched products,Cheesy Jalapeno Dip & Peri peri chips,Ragi Chips - | Rich in dietary fibre | Source of protein | no palm oil | Dips - No palm oil,"Peri-peri Chips- Ragi flour, tapioca starch, rice flour, white lentil flour, gram flour, iodised salt, edible vegetable oil (ricebran oil), peri peri seasoning (red chilli powder, dehydrated garlic powder, onion, ginger powder), dextrose, tamarind, dried oregano, sugar, acidity regulator (INS 330), anticaking agent INS (170 (i)), maltodextrin, paprika oleoresin (INS 160c), flavour enhancers (INS 627, INS 631). 
CONTAINS NATURE IDENTICAL FLAVOUR -PERI PERI.

Chessy Jalapeno Dip-  Refined soyabean oil (35.0%), water, synthetic vinegar (water, acetic acid (INS 260), jalapeno (4.3%), sugar, permitted emulsifiers and  stabilizers (INS 1442, INS 1450, INS 415), milk solids, cheese (24%), iodized salt, tomato paste, spices & condiments, permitted acidity regulator (INS 330), permitted preservatives (INS 211, INS 202), permitted antioxidant (INS 319) and permitted sequestrant (INS 385). 
CONTAINS ADDED FLAVOURS (NATURE IDENTICAL FLAVOURING SUBSTANCES).

Revised Ingredient list
Cheesy Jalapeno Dip- Refined soyabean oil, water, synthetic vinegar [water, acetic acid (INS 260)],  sugar, jalapeno, permitted emulsifiers and  stabilizers (INS 1442, INS 1450, INS 415), milk solids, cheese powder, iodized salt, tomato paste, spices & condiments, permitted acidity regulator (INS 330), permitted preservatives (INS 211, INS 202), permitted antioxidant (INS 319) and permitted sequestrant (INS 385). 
CONTAINS ADDED FLAVOURS (NATURE IDENTICAL FLAVOURING SUBSTANCES).",60,"Contains soya and milk derivatives. Manufactured in a facility that also processes wheat, peanuts, soybean, milk, nuts, mustard and sesame.",Best Before 4.5 months from the date of manufacturing.,60,,"For Peri Peri Ragi Chips 
Amrud Snack Limited
Gala No.1, B2 & B3, Bharat
Compound, Survey No.219, Opp. Dodhia
Petrol Pump, Kashimira, Mira Road (E).
Dist. Thane, Maharashtra- 401107
FSSAI Lic. No. 11517020000417

","60gm for 50/-
(0.83/- per gram) ",not_launched,28,134.43,2.74,17.71,0.91,0.28,2.82,5.84,1.67,,0.03,0.28,215.24,43.59,5.3,1.1,2.5,9.4,14.8,7.4,0,15.7,4.4
Launched products,Cheesy Jalapeno Dip & Peri peri chips,Ragi Chips - | Rich in dietary fibre | Source of protein | no palm oil | Dips - No palm oil,"Peri-peri Chips- Ragi flour, tapioca starch, rice flour, white lentil flour, gram flour, iodised salt, edible vegetable oil (ricebran oil), peri peri seasoning (red chilli powder, dehydrated garlic powder, onion, ginger powder), dextrose, tamarind, dried oregano, sugar, acidity regulator (INS 330), anticaking agent INS (170 (i)), maltodextrin, paprika oleoresin (INS 160c), flavour enhancers (INS 627, INS 631). 
CONTAINS NATURE IDENTICAL FLAVOUR -PERI PERI.

Chessy Jalapeno Dip-  Refined soyabean oil (35.0%), water, synthetic vinegar (water, acetic acid (INS 260), jalapeno (4.3%), sugar, permitted emulsifiers and  stabilizers (INS 1442, INS 1450, INS 415), milk solids, cheese (24%), iodized salt, tomato paste, spices & condiments, permitted acidity regulator (INS 330), permitted preservatives (INS 211, INS 202), permitted antioxidant (INS 319) and permitted sequestrant (INS 385). 
CONTAINS ADDED FLAVOURS (NATURE IDENTICAL FLAVOURING SUBSTANCES).

Revised Ingredient list
Cheesy Jalapeno Dip- Refined soyabean oil, water, synthetic vinegar [water, acetic acid (INS 260)],  sugar, jalapeno, permitted emulsifiers and  stabilizers (INS 1442, INS 1450, INS 415), milk solids, cheese powder, iodized salt, tomato paste, spices & condiments, permitted acidity regulator (INS 330), permitted preservatives (INS 211, INS 202), permitted antioxidant (INS 319) and permitted sequestrant (INS 385). 
CONTAINS ADDED FLAVOURS (NATURE IDENTICAL FLAVOURING SUBSTANCES).",60,"Contains soya and milk derivatives. Manufactured in a facility that also processes wheat, peanuts, soybean, milk, nuts, mustard and sesame.",Best Before 4.5 months from the date of manufacturing.,60,,"For Peri Peri Ragi Chips 
Amrud Snack Limited
Gala No.1, B2 & B3, Bharat
Compound, Survey No.219, Opp. Dodhia
Petrol Pump, Kashimira, Mira Road (E).
Dist. Thane, Maharashtra- 401107
FSSAI Lic. No. 11517020000417

","60gm for 50/-
(0.83/- per gram) ",not_launched,30,113.4,0.66,3.72,1.78,1.35,3.03,10.65,1.73,,0.03,0.3,336,46.71,5.6,1.2,2.7,10.1,16,7.8,0,16.8,4.7
Launched products,Chocolatey Dip with Sticks,Baked | No Refined Sugar/Made with jaggery,"Biscuit Sticks-Whole wheat flour, refined wheat flour, jaggery, edible vegetable oil (sunflower oil), sodium bicarbonate, ammonium bicarbonate, lecithin, salt.

Chocolatey Dip- Edible vegetable oil (sunflower oil), jaggery, milk solids, maltodextrin (INS1400), cocoa solids, edible vegetable fat (hydrogenated), emulsifier (INS322(i)- lecithin of soya origin).
CONTAINS ADDED NATURE IDENTICAL (VANILLA) FLAVOURING SUBSTANCES. 

REVISED INGREDIENTS:(Applicable after next slot of printing)
Ingredients: Edible vegetable oil (Sunflower oil), jaggery, maltodextrin (INS 1400), milk solids, cocoa solids, whey powder, hydrogenated rapeseed oil, emulsifier [(INS 322 (i) - lecithin of soya origin)], nature identical (vanilla) flavouring substances.

CONTAINS ADDED NATURE IDENTICAL (VANILLIN) FLAVOURING SUBSTANCES.",34,"Contains gluten, milk and milk derivatives and soya (lecithin of soya origin)",Best Before 4.5 months from the date of packaging ,34,,"For Biscuit Sticks 
Samrat Food Products
 32, Industrial Area, Behind Pawai Petrol Pump, Ulhasnagar- 421004
FSSAI Lic. No. 11518022000277



",34gm-35/- (per gm-1.02),not_launched,15,88.05,0.86,7.65,5.55,3.75,0.59,6,1.1,0.11,0.009,0,12,,4.4,1.6,7.5,,9,5,0.45,0.6,
Launched products,Chocolatey Dip with Sticks,Baked | No Refined Sugar/Made with jaggery,"Biscuit Sticks-Whole wheat flour, refined wheat flour, jaggery, edible vegetable oil (sunflower oil), sodium bicarbonate, ammonium bicarbonate, lecithin, salt.

Chocolatey Dip- Edible vegetable oil (sunflower oil), jaggery, milk solids, maltodextrin (INS1400), cocoa solids, edible vegetable fat (hydrogenated), emulsifier (INS322(i)- lecithin of soya origin).
CONTAINS ADDED NATURE IDENTICAL (VANILLA) FLAVOURING SUBSTANCES. 

REVISED INGREDIENTS:(Applicable after next slot of printing)
Ingredients: Edible vegetable oil (Sunflower oil), jaggery, maltodextrin (INS 1400), milk solids, cocoa solids, whey powder, hydrogenated rapeseed oil, emulsifier [(INS 322 (i) - lecithin of soya origin)], nature identical (vanilla) flavouring substances.

CONTAINS ADDED NATURE IDENTICAL (VANILLIN) FLAVOURING SUBSTANCES.",34,"Contains gluten, milk and milk derivatives and soya (lecithin of soya origin)",Best Before 4.5 months from the date of packaging ,34,,"For Biscuit Sticks 
Samrat Food Products
 32, Industrial Area, Behind Pawai Petrol Pump, Ulhasnagar- 421004
FSSAI Lic. No. 11518022000277



",34gm-35/- (per gm-1.02),not_launched,17,99.79,0.97,8.67,6.29,4.25,0.66,6.8,1.24,0.12,0.01,0,13.6,,5,1.8,8.5,,10.2,5.7,0.5,0.7,
Launched products,Pista Dip with Sticks,Baked | No Refined Sugar/Made with jaggery | No palm oil,"Biscuit Sticks- Whole wheat flour, refined wheat flour, jaggery, edible vegetable oil (sunflower oil), sodium bicarbonate, ammonium bicarbonate, lecithin, salt.

 Pista Dip- Edible vegetable oil (sunflower oil), jaggery, maltodextrin (INS1400), milk solids, pista, edible vegetable fat (hydrogenated), chlorophyll L- OS [vegetable oil, chlorophylls (INS 140) and antioxidant (INS 307b)] and emulsifier (INS 322(i) - lecithin of soya origin).
CONTAINS NATURE IDENTICAL (PISTA) FLAVOURING SUBSTANCE(S).

REVISED INGREDIENTS: (Applicable after next slot of printing)
Edible vegetable oil (sunflower oil), jaggery, maltodextrin (INS1400), milk solids, pista, hydrogenated rapeseed oil, chlorophyll L- OS [vegetable oil, chlorophylls (INS 140) and antioxidant (INS 307b)], nature identical (pista) flavouring substances and emulsifier (INS 322(i) - lecithin of soya origin)

CONTAINS ADDED NATURE IDENTICAL (PISTA) FLAVOURING SUBSTANCES.",34,"Contains gluten, nuts, milk and milk derivatives and soya (lecithin of soya origin).",Best Before 4.5 months from the date of packaging ,44,,"For Biscuit Sticks 
Samrat Food Products
 32, Industrial Area, Behind Pawai Petrol Pump, Ulhasnagar- 421004
FSSAI Lic. No. 11518022000277


",60/- for 44 grams (1.36/- per gram),not_launched,20,119.8,1.48,9.6,6.8,4.6,0.04,8.4,1.4,0.14,0.014,2,18,,6,2.74,9.2,0.1,12.5,6.4,0.7,0.9,
Launched products,Pista Dip with Sticks,Baked | No Refined Sugar/Made with jaggery | No palm oil,"Biscuit Sticks- Whole wheat flour, refined wheat flour, jaggery, edible vegetable oil (sunflower oil), sodium bicarbonate, ammonium bicarbonate, lecithin, salt.

 Pista Dip- Edible vegetable oil (sunflower oil), jaggery, maltodextrin (INS1400), milk solids, pista, edible vegetable fat (hydrogenated), chlorophyll L- OS [vegetable oil, chlorophylls (INS 140) and antioxidant (INS 307b)] and emulsifier (INS 322(i) - lecithin of soya origin).
CONTAINS NATURE IDENTICAL (PISTA) FLAVOURING SUBSTANCE(S).

REVISED INGREDIENTS: (Applicable after next slot of printing)
Edible vegetable oil (sunflower oil), jaggery, maltodextrin (INS1400), milk solids, pista, hydrogenated rapeseed oil, chlorophyll L- OS [vegetable oil, chlorophylls (INS 140) and antioxidant (INS 307b)], nature identical (pista) flavouring substances and emulsifier (INS 322(i) - lecithin of soya origin)

CONTAINS ADDED NATURE IDENTICAL (PISTA) FLAVOURING SUBSTANCES.",34,"Contains gluten, nuts, milk and milk derivatives and soya (lecithin of soya origin).",Best Before 4.5 months from the date of packaging ,44,,"For Biscuit Sticks 
Samrat Food Products
 32, Industrial Area, Behind Pawai Petrol Pump, Ulhasnagar- 421004
FSSAI Lic. No. 11518022000277


",60/- for 44 grams (1.36/- per gram),not_launched,22,131.7,1.62,10.5,7.4,5,0.04,9.24,1.54,0.15,0.01,2.2,19.8,,6.6,3,10.1,0.15,13.8,7,0.6,1,
Launched products,Cheddar Cheese Makhana,Roasted | Rich in Fibre | Source of Protein | No Palm oil,"Makhana (popped water lily seeds/ foxnuts), edible vegetable oil (rice bran oil), maltodextrin, whole wheat flour, whey (from milk). 

Seasoning: Spices and spice extracts, sugar, salt, cheddar cheese (microbial), modified starch (INS 1450),  artificial flavour (milk), autolysed yeast extract, acidity regulators (sodium phosphate (INS 339), (INS 330), (INS 270)), enzyme (microbial), paprika oleoresin (INS 160c).

CONTAINS PERMITTED NATURAL COLOURS AND ADDED FLAVOURS.",30,"Contains milk and milk derivatives. Manufactured in a facility on shared equipments that also handles soya products, peanuts,tree nuts and mustard.",3 months,30,70,"

SNACKSMITHS PRIVATE LIMITED 
UNIT NO. 104, FIRST FLOOR, BLDG. NO. 5, SQUARE INDUSTRIAL PARK, NATIONAL HIGHWAY - 8, NEAR TUNGARESHWAR PHATA, VASAI (EAST) - 401208 , MAHARASHTRA, INDIA
FSSAI Lic. No.115190190000642","Rs. 95/- for 30g ( per gm-3.2/-)

Rs. 220/- for 70g (per gm- 3.1/-)",not_launched,15,71.7,1.22,10.29,2.37,,1.425,2.84,0.8175,,0,0,118.9,,3.6,2.3,,4.7,4.3,3.7,,6,
Launched products,Cheddar Cheese Makhana,Roasted | Rich in Fibre | Source of Protein | No Palm oil,"Makhana (popped water lily seeds/ foxnuts), edible vegetable oil (rice bran oil), maltodextrin, whole wheat flour, whey (from milk). 

Seasoning: Spices and spice extracts, sugar, salt, cheddar cheese (microbial), modified starch (INS 1450),  artificial flavour (milk), autolysed yeast extract, acidity regulators (sodium phosphate (INS 339), (INS 330), (INS 270)), enzyme (microbial), paprika oleoresin (INS 160c).

CONTAINS PERMITTED NATURAL COLOURS AND ADDED FLAVOURS.",30,"Contains milk and milk derivatives. Manufactured in a facility on shared equipments that also handles soya products, peanuts,tree nuts and mustard.",3 months,30,70,"

SNACKSMITHS PRIVATE LIMITED 
UNIT NO. 104, FIRST FLOOR, BLDG. NO. 5, SQUARE INDUSTRIAL PARK, NATIONAL HIGHWAY - 8, NEAR TUNGARESHWAR PHATA, VASAI (EAST) - 401208 , MAHARASHTRA, INDIA
FSSAI Lic. No.115190190000642","Rs. 95/- for 30g ( per gm-3.2/-)

Rs. 220/- for 70g (per gm- 3.1/-)",not_launched,25,119.5,2.03,17.16,3.95,,2.3,4.74,1.36,,0,0,198.225,,6,3.8,,7.9,7.1,6.2,,9.9,
Launched products,Cheddar Cheese Makhana,Roasted | Rich in Fibre | Source of Protein | No Palm oil,"Makhana (popped water lily seeds/ foxnuts), edible vegetable oil (rice bran oil), maltodextrin, whole wheat flour, whey (from milk). 

Seasoning: Spices and spice extracts, sugar, salt, cheddar cheese (microbial), modified starch (INS 1450),  artificial flavour (milk), autolysed yeast extract, acidity regulators (sodium phosphate (INS 339), (INS 330), (INS 270)), enzyme (microbial), paprika oleoresin (INS 160c).

CONTAINS PERMITTED NATURAL COLOURS AND ADDED FLAVOURS.",30,"Contains milk and milk derivatives. Manufactured in a facility on shared equipments that also handles soya products, peanuts,tree nuts and mustard.",3 months,30,70,"

SNACKSMITHS PRIVATE LIMITED 
UNIT NO. 104, FIRST FLOOR, BLDG. NO. 5, SQUARE INDUSTRIAL PARK, NATIONAL HIGHWAY - 8, NEAR TUNGARESHWAR PHATA, VASAI (EAST) - 401208 , MAHARASHTRA, INDIA
FSSAI Lic. No.115190190000642","Rs. 95/- for 30g ( per gm-3.2/-)

Rs. 220/- for 70g (per gm- 3.1/-)",not_launched,30,143.4,2.44,20.6,4.74,,2.85,5.7,1.635,,0,0,237.87,,7.2,4.5,,9.5,8.5,7.4,,11.9,
Launched products,Cheddar Cheese Makhana,Roasted | Rich in Fibre | Source of Protein | No Palm oil,"Makhana (popped water lily seeds/ foxnuts), edible vegetable oil (rice bran oil), maltodextrin, whole wheat flour, whey (from milk). 

Seasoning: Spices and spice extracts, sugar, salt, cheddar cheese (microbial), modified starch (INS 1450),  artificial flavour (milk), autolysed yeast extract, acidity regulators (sodium phosphate (INS 339), (INS 330), (INS 270)), enzyme (microbial), paprika oleoresin (INS 160c).

CONTAINS PERMITTED NATURAL COLOURS AND ADDED FLAVOURS.",30,"Contains milk and milk derivatives. Manufactured in a facility on shared equipments that also handles soya products, peanuts,tree nuts and mustard.",3 months,30,70,"

SNACKSMITHS PRIVATE LIMITED 
UNIT NO. 104, FIRST FLOOR, BLDG. NO. 5, SQUARE INDUSTRIAL PARK, NATIONAL HIGHWAY - 8, NEAR TUNGARESHWAR PHATA, VASAI (EAST) - 401208 , MAHARASHTRA, INDIA
FSSAI Lic. No.115190190000642","Rs. 95/- for 30g ( per gm-3.2/-)

Rs. 220/- for 70g (per gm- 3.1/-)",not_launched,35,167.3,2.84,24.02,5.53,,3.32,6.64,1.9,,0,0,277.51,,,,,,,,,,
Launched products,Cheddar Cheese Makhana,Roasted | Rich in Fibre | Source of Protein | No Palm oil,"Makhana (popped water lily seeds/ foxnuts), edible vegetable oil (rice bran oil), maltodextrin, whole wheat flour, whey (from milk). 

Seasoning: Spices and spice extracts, sugar, salt, cheddar cheese (microbial), modified starch (INS 1450),  artificial flavour (milk), autolysed yeast extract, acidity regulators (sodium phosphate (INS 339), (INS 330), (INS 270)), enzyme (microbial), paprika oleoresin (INS 160c).

CONTAINS PERMITTED NATURAL COLOURS AND ADDED FLAVOURS.",30,"Contains milk and milk derivatives. Manufactured in a facility on shared equipments that also handles soya products, peanuts,tree nuts and mustard.",3 months,30,70,"

SNACKSMITHS PRIVATE LIMITED 
UNIT NO. 104, FIRST FLOOR, BLDG. NO. 5, SQUARE INDUSTRIAL PARK, NATIONAL HIGHWAY - 8, NEAR TUNGARESHWAR PHATA, VASAI (EAST) - 401208 , MAHARASHTRA, INDIA
FSSAI Lic. No.115190190000642","Rs. 95/- for 30g ( per gm-3.2/-)

Rs. 220/- for 70g (per gm- 3.1/-)",not_launched,70,334.6,5.684,48.05,11.06,,6.65,13.293,3.815,,0,0,555.03,,,,,,,,,,
Launched products,Cheddar Cheese Makhana,Roasted | Rich in Fibre | Source of Protein | No Palm oil,"Makhana (popped water lily seeds/ foxnuts), edible vegetable oil (rice bran oil), maltodextrin, whole wheat flour, whey (from milk). 

Seasoning: Spices and spice extracts, sugar, salt, cheddar cheese (microbial), modified starch (INS 1450),  artificial flavour (milk), autolysed yeast extract, acidity regulators (sodium phosphate (INS 339), (INS 330), (INS 270)), enzyme (microbial), paprika oleoresin (INS 160c).

CONTAINS PERMITTED NATURAL COLOURS AND ADDED FLAVOURS.",30,"Contains milk and milk derivatives. Manufactured in a facility on shared equipments that also handles soya products, peanuts,tree nuts and mustard.",3 months,30,70,"

SNACKSMITHS PRIVATE LIMITED 
UNIT NO. 104, FIRST FLOOR, BLDG. NO. 5, SQUARE INDUSTRIAL PARK, NATIONAL HIGHWAY - 8, NEAR TUNGARESHWAR PHATA, VASAI (EAST) - 401208 , MAHARASHTRA, INDIA
FSSAI Lic. No.115190190000642","Rs. 95/- for 30g ( per gm-3.2/-)

Rs. 220/- for 70g (per gm- 3.1/-)",not_launched,100,478,8.12,68.65,15.8,,9.5,18.99,5.45,,0,0,792.9,,24,15,,31.7,28.3,24.8,,39.7,
Launched products,Pudina Makhana,Roasted | Rich in dietary  fibre | Source of protein,"Makhana (popped water lily seeds/ foxnuts), edible oil (rice bran oil).

Seasoning:  Spices & spice extracts (corriander, chilli, cumin, turmeric, mustard), maize starch, dehydrated vegetable powders (garlic, onion, tamarind, dry mango), maltodextrin, black salt, iodised salt, hydrolyzed vegetable protein (soya), acidity regulator (INS 330), anti-caking agents (INS 551, INS 341(iii)), flavour enhancers (INS 627, INS 631)
CONTAINS NATURAL & NATURE IDENTICAL FLAVOURING SUBSTANCES.",30,"Manufactured in a facility on shared equipments that also handles soya products, peanuts, tree nuts and mustard.",3 months,30,70,"

Snacksmiths Private Limited
Unit No. 104, First Floor, Bldg. No. 5, Square Industrial Park, National Highway - 8, Near Tungareshwar Phata, Vasai (East) - 401208, Maharashtra, India
FSSAI LIC : 115190190000642","Rs. 115/- for 30g ( per gm-3.83/-)

Rs. 220/- for 70g (per gm- 3.1/-)",not_launched,25,114.5,1.89,17.19,0,,2.25,4.22,0.58,,0,0,275.35,,,,,,,,,,
Launched products,Pudina Makhana,Roasted | Rich in dietary  fibre | Source of protein,"Makhana (popped water lily seeds/ foxnuts), edible oil (rice bran oil).

Seasoning:  Spices & spice extracts (corriander, chilli, cumin, turmeric, mustard), maize starch, dehydrated vegetable powders (garlic, onion, tamarind, dry mango), maltodextrin, black salt, iodised salt, hydrolyzed vegetable protein (soya), acidity regulator (INS 330), anti-caking agents (INS 551, INS 341(iii)), flavour enhancers (INS 627, INS 631)
CONTAINS NATURAL & NATURE IDENTICAL FLAVOURING SUBSTANCES.",30,"Manufactured in a facility on shared equipments that also handles soya products, peanuts, tree nuts and mustard.",3 months,30,70,"

Snacksmiths Private Limited
Unit No. 104, First Floor, Bldg. No. 5, Square Industrial Park, National Highway - 8, Near Tungareshwar Phata, Vasai (East) - 401208, Maharashtra, India
FSSAI LIC : 115190190000642","Rs. 115/- for 30g ( per gm-3.83/-)

Rs. 220/- for 70g (per gm- 3.1/-)",not_launched,30,137.4,2.27,20.63,0.3,,2.7,5.07,0.69,,0,0,330.42,,6.9,4.2,,9,7.6,3.1,,16.5,
Launched products,Pudina Makhana,Roasted | Rich in dietary  fibre | Source of protein,"Makhana (popped water lily seeds/ foxnuts), edible oil (rice bran oil).

Seasoning:  Spices & spice extracts (corriander, chilli, cumin, turmeric, mustard), maize starch, dehydrated vegetable powders (garlic, onion, tamarind, dry mango), maltodextrin, black salt, iodised salt, hydrolyzed vegetable protein (soya), acidity regulator (INS 330), anti-caking agents (INS 551, INS 341(iii)), flavour enhancers (INS 627, INS 631)
CONTAINS NATURAL & NATURE IDENTICAL FLAVOURING SUBSTANCES.",30,"Manufactured in a facility on shared equipments that also handles soya products, peanuts, tree nuts and mustard.",3 months,30,70,"

Snacksmiths Private Limited
Unit No. 104, First Floor, Bldg. No. 5, Square Industrial Park, National Highway - 8, Near Tungareshwar Phata, Vasai (East) - 401208, Maharashtra, India
FSSAI LIC : 115190190000642","Rs. 115/- for 30g ( per gm-3.83/-)

Rs. 220/- for 70g (per gm- 3.1/-)",not_launched,70,320.6,5.29,48.15,0.72,,6.3,11.83,1.62,,0,0,770.98,,,,,,,,,,
Launched products,Pudina Makhana,Roasted | Rich in dietary  fibre | Source of protein,"Makhana (popped water lily seeds/ foxnuts), edible oil (rice bran oil).

Seasoning:  Spices & spice extracts (corriander, chilli, cumin, turmeric, mustard), maize starch, dehydrated vegetable powders (garlic, onion, tamarind, dry mango), maltodextrin, black salt, iodised salt, hydrolyzed vegetable protein (soya), acidity regulator (INS 330), anti-caking agents (INS 551, INS 341(iii)), flavour enhancers (INS 627, INS 631)
CONTAINS NATURAL & NATURE IDENTICAL FLAVOURING SUBSTANCES.",30,"Manufactured in a facility on shared equipments that also handles soya products, peanuts, tree nuts and mustard.",3 months,30,70,"

Snacksmiths Private Limited
Unit No. 104, First Floor, Bldg. No. 5, Square Industrial Park, National Highway - 8, Near Tungareshwar Phata, Vasai (East) - 401208, Maharashtra, India
FSSAI LIC : 115190190000642","Rs. 115/- for 30g ( per gm-3.83/-)

Rs. 220/- for 70g (per gm- 3.1/-)",not_launched,100,458,7.57,68.79,1.03,,9,16.9,2.32,,0,0,1101.4,,23,14,,30,25.2,10.6,,55,
Launched products,Bombay Chaat Makhana,Rich in Protein | Rich in Dietary Fibre | No palm oil,"Makhana (popped water lily seeds/ foxnuts), edible vegetable oil (rice bran oil).

Seasoning:  Spices & spice extracts (chilli powder, coriander powder, pepper powder, nutmeg powder, anise seed powder),  dehydrated vegetable powder (garlic, onion, tomato), sugar, whey powder, yeast extract, acidity regulator (INS 330),  paprika extract (INS 160c), anticaking agent (INS 551), flavour enhancer (INS 635).
CONTAINS NATURAL & NATURE IDENTICAL FLAVOURING SUBSTANCE(S).   ",30,"Contains milk & milk products. Manufactured in a facility on shared equipments that also handles soya products, peanuts, tree nuts and mustard.",3 months,30,70,"SNACKSMITHS PRIVATE LIMITED 
Unit No. 104, First Floor, Bldg. No. 5, Square Industrial Park, National Highway - 8, Near Tungareshwar Phata, Vasai (East) - 401208 , Maharashtra, India 
FSSAI Lic. No.115190190000642","Rs. 95/- for 30g ( per gm-3.2/-)

Rs. 220/- for 70g (per gm- 3.1/-)",not_launched,30,135.6,3.48,20.298,0.84,0.032,1.77,4.57,0.66,,0,0,357.57,,6.8,6.2,0.6,5.9,,3,,17.9,
Launched products,Bombay Chaat Makhana,Rich in Protein | Rich in Dietary Fibre | No palm oil,"Makhana (popped water lily seeds/ foxnuts), edible vegetable oil (rice bran oil).

Seasoning:  Spices & spice extracts (chilli powder, coriander powder, pepper powder, nutmeg powder, anise seed powder),  dehydrated vegetable powder (garlic, onion, tomato), sugar, whey powder, yeast extract, acidity regulator (INS 330),  paprika extract (INS 160c), anticaking agent (INS 551), flavour enhancer (INS 635).
CONTAINS NATURAL & NATURE IDENTICAL FLAVOURING SUBSTANCE(S).   ",30,"Contains milk & milk products. Manufactured in a facility on shared equipments that also handles soya products, peanuts, tree nuts and mustard.",3 months,30,70,"SNACKSMITHS PRIVATE LIMITED 
Unit No. 104, First Floor, Bldg. No. 5, Square Industrial Park, National Highway - 8, Near Tungareshwar Phata, Vasai (East) - 401208 , Maharashtra, India 
FSSAI Lic. No.115190190000642","Rs. 95/- for 30g ( per gm-3.2/-)

Rs. 220/- for 70g (per gm- 3.1/-)",not_launched,70,316.4,8.12,47.36,1.96,0.075,4.13,10.66,1.54,,0,0,834.33,,,,,,,,,,
Launched products,Bombay Chaat Makhana,Rich in Protein | Rich in Dietary Fibre | No palm oil,"Makhana (popped water lily seeds/ foxnuts), edible vegetable oil (rice bran oil).

Seasoning:  Spices & spice extracts (chilli powder, coriander powder, pepper powder, nutmeg powder, anise seed powder),  dehydrated vegetable powder (garlic, onion, tomato), sugar, whey powder, yeast extract, acidity regulator (INS 330),  paprika extract (INS 160c), anticaking agent (INS 551), flavour enhancer (INS 635).
CONTAINS NATURAL & NATURE IDENTICAL FLAVOURING SUBSTANCE(S).   ",30,"Contains milk & milk products. Manufactured in a facility on shared equipments that also handles soya products, peanuts, tree nuts and mustard.",3 months,30,70,"SNACKSMITHS PRIVATE LIMITED 
Unit No. 104, First Floor, Bldg. No. 5, Square Industrial Park, National Highway - 8, Near Tungareshwar Phata, Vasai (East) - 401208 , Maharashtra, India 
FSSAI Lic. No.115190190000642","Rs. 95/- for 30g ( per gm-3.2/-)

Rs. 220/- for 70g (per gm- 3.1/-)",not_launched,100,452,11.16,67.66,2.8,0.1,5.9,15.24,2.2,,0,0,1191.9,,22.6,20.7,0.2,19.7,,10,,59.7,
Launched products,Truffle Peanuts,1) No Palm oil | 2) 8gm protein per serving | 3) Rich in dietary fibre | 4) Rich in Protein,"Peanuts, edible vegetable oil (sunflower oil).

Seasoning - Spice and spice extract (black pepper, mustard), dehydrated vegetable powder and extract (onion, garlic), cheese powder, milk solids (whole milk powder, whey powder), maltodextrin, corn starch, common salt,  sunflower oil, anticaking agents (INS 341(iii), INS 551, INS 330), yeast extract powder, flavour enhancers (INS 627, INS 631), truffle.                                                                                                    
CONTAINS NATURAL & NATURE IDENTICAL FLAVOURING SUBSTANCES (TRUFFLE, MUSHROOM, CHEESE, MUSTARD)",30,"Contains nuts and mushroom.
Manufactured in a facility that also processes wheat, soybean, milk, nuts, mustard and sesame.",3 Months ,60,135,"Panjwani Food Product
Haribhau Sailaji, 71/571, Motilal Nagar No.1, Rupavate Marg,
beside Bit Police Chowki, Goregoan West,
Mumbai, Maharashtra-400104

FSSAI Lic. No.11522009000162","60 gm for 50/-
(per gm 0.83/-)

135gm for 99/- 
(per gm 0.73/-)

40gm for 35/-
(per gm 0.87/-)",not_launched,30,188.73,8.18,5.13,0.61,0,2.74,15.06,2.82,12.23,0,0,109.68,,9.4,15.1,0.3,9.1,22.5,12.8,0.8,5.5,
Launched products,Truffle Peanuts,1) No Palm oil | 2) 8gm protein per serving | 3) Rich in dietary fibre | 4) Rich in Protein,"Peanuts, edible vegetable oil (sunflower oil).

Seasoning - Spice and spice extract (black pepper, mustard), dehydrated vegetable powder and extract (onion, garlic), cheese powder, milk solids (whole milk powder, whey powder), maltodextrin, corn starch, common salt,  sunflower oil, anticaking agents (INS 341(iii), INS 551, INS 330), yeast extract powder, flavour enhancers (INS 627, INS 631), truffle.                                                                                                    
CONTAINS NATURAL & NATURE IDENTICAL FLAVOURING SUBSTANCES (TRUFFLE, MUSHROOM, CHEESE, MUSTARD)",30,"Contains nuts and mushroom.
Manufactured in a facility that also processes wheat, soybean, milk, nuts, mustard and sesame.",3 Months ,60,135,"Panjwani Food Product
Haribhau Sailaji, 71/571, Motilal Nagar No.1, Rupavate Marg,
beside Bit Police Chowki, Goregoan West,
Mumbai, Maharashtra-400104

FSSAI Lic. No.11522009000162","60 gm for 50/-
(per gm 0.83/-)

135gm for 99/- 
(per gm 0.73/-)

40gm for 35/-
(per gm 0.87/-)",not_launched,35,220.18,9.54,5.98,0.7,0,3.12,17.56,3.3,14.27,0,0,127.9,,,,,,,,,,
Launched products,Truffle Peanuts,1) No Palm oil | 2) 8gm protein per serving | 3) Rich in dietary fibre | 4) Rich in Protein,"Peanuts, edible vegetable oil (sunflower oil).

Seasoning - Spice and spice extract (black pepper, mustard), dehydrated vegetable powder and extract (onion, garlic), cheese powder, milk solids (whole milk powder, whey powder), maltodextrin, corn starch, common salt,  sunflower oil, anticaking agents (INS 341(iii), INS 551, INS 330), yeast extract powder, flavour enhancers (INS 627, INS 631), truffle.                                                                                                    
CONTAINS NATURAL & NATURE IDENTICAL FLAVOURING SUBSTANCES (TRUFFLE, MUSHROOM, CHEESE, MUSTARD)",30,"Contains nuts and mushroom.
Manufactured in a facility that also processes wheat, soybean, milk, nuts, mustard and sesame.",3 Months ,60,135,"Panjwani Food Product
Haribhau Sailaji, 71/571, Motilal Nagar No.1, Rupavate Marg,
beside Bit Police Chowki, Goregoan West,
Mumbai, Maharashtra-400104

FSSAI Lic. No.11522009000162","60 gm for 50/-
(per gm 0.83/-)

135gm for 99/- 
(per gm 0.73/-)

40gm for 35/-
(per gm 0.87/-)",not_launched,60,377.46,16.36,10.26,1.21,0,5.48,30.11,5.65,24.47,0,0,219.36,,,,,,,,,,
Launched products,Truffle Peanuts,1) No Palm oil | 2) 8gm protein per serving | 3) Rich in dietary fibre | 4) Rich in Protein,"Peanuts, edible vegetable oil (sunflower oil).

Seasoning - Spice and spice extract (black pepper, mustard), dehydrated vegetable powder and extract (onion, garlic), cheese powder, milk solids (whole milk powder, whey powder), maltodextrin, corn starch, common salt,  sunflower oil, anticaking agents (INS 341(iii), INS 551, INS 330), yeast extract powder, flavour enhancers (INS 627, INS 631), truffle.                                                                                                    
CONTAINS NATURAL & NATURE IDENTICAL FLAVOURING SUBSTANCES (TRUFFLE, MUSHROOM, CHEESE, MUSTARD)",30,"Contains nuts and mushroom.
Manufactured in a facility that also processes wheat, soybean, milk, nuts, mustard and sesame.",3 Months ,60,135,"Panjwani Food Product
Haribhau Sailaji, 71/571, Motilal Nagar No.1, Rupavate Marg,
beside Bit Police Chowki, Goregoan West,
Mumbai, Maharashtra-400104

FSSAI Lic. No.11522009000162","60 gm for 50/-
(per gm 0.83/-)

135gm for 99/- 
(per gm 0.73/-)

40gm for 35/-
(per gm 0.87/-)",not_launched,65,408.9,17.71,11.1,1.31,0,6,32.62,6.1,26.5,0,0,237.6,,,,,,,,,,
Launched products,Truffle Peanuts,1) No Palm oil | 2) 8gm protein per serving | 3) Rich in dietary fibre | 4) Rich in Protein,"Peanuts, edible vegetable oil (sunflower oil).

Seasoning - Spice and spice extract (black pepper, mustard), dehydrated vegetable powder and extract (onion, garlic), cheese powder, milk solids (whole milk powder, whey powder), maltodextrin, corn starch, common salt,  sunflower oil, anticaking agents (INS 341(iii), INS 551, INS 330), yeast extract powder, flavour enhancers (INS 627, INS 631), truffle.                                                                                                    
CONTAINS NATURAL & NATURE IDENTICAL FLAVOURING SUBSTANCES (TRUFFLE, MUSHROOM, CHEESE, MUSTARD)",30,"Contains nuts and mushroom.
Manufactured in a facility that also processes wheat, soybean, milk, nuts, mustard and sesame.",3 Months ,60,135,"Panjwani Food Product
Haribhau Sailaji, 71/571, Motilal Nagar No.1, Rupavate Marg,
beside Bit Police Chowki, Goregoan West,
Mumbai, Maharashtra-400104

FSSAI Lic. No.11522009000162","60 gm for 50/-
(per gm 0.83/-)

135gm for 99/- 
(per gm 0.73/-)

40gm for 35/-
(per gm 0.87/-)",not_launched,100,629.1,27.26,17.1,2.02,0,9.14,50.19,9.41,40.78,0,0,365.6,,,,,,,,,,
Launched products,Korean bbq Peanuts,1) No Palm oil | 2) 8gm protein per serve | 3) Rich in dietary fibre | 4) Rich in Protein,"Peanuts, edible vegetable oil (sunflower oil).

Seasoning -  Spices and spice extract (chilli, ginger), dehydrated vegetable powder and extract (garlic, onion), sugar, common salt, maltodextrin, soya sauce powder, acidity regulators (INS 262(ii), INS 270, INS 330), hydrolysed vegetable protein (soya base), anticaking agents (INS 551, INS 341(iii)), flavour enhancers (INS 627, INS 631), paprika extract (INS 160c).       
CONTAINS NATURAL & NATURE IDENTICAL FLAVORING SUBSTANCES (BARBEQUE, SMOKE, GARLIC).",30,"Contains nuts.
Manufactured in a facility that also processes wheat, soybean, milk, nuts, mustard and sesame",3 Months ,60,135,"Panjwani Food Product
Haribhau Sailaji, 71/571, Motilal Nagar No.1, Rupavate Marg,
beside Bit Police Chowki, Goregoan West,
Mumbai, Maharashtra-400104

FSSAI Lic. No.11522009000162","40gm for 35/-
(per gm 0.87/-)

60 gm for 50/-
(per gm 0.83/-)

135gm for 99/- 
(per gm 0.73/-)",not_launched,30,191.8,8.18,4.89,0.7,0,2.83,15.5,3.02,12.48,0,0,76.89,,9.6,15.1,0.3,9.4,,13.7,0.7,3.8,
Launched products,Korean bbq Peanuts,1) No Palm oil | 2) 8gm protein per serve | 3) Rich in dietary fibre | 4) Rich in Protein,"Peanuts, edible vegetable oil (sunflower oil).

Seasoning -  Spices and spice extract (chilli, ginger), dehydrated vegetable powder and extract (garlic, onion), sugar, common salt, maltodextrin, soya sauce powder, acidity regulators (INS 262(ii), INS 270, INS 330), hydrolysed vegetable protein (soya base), anticaking agents (INS 551, INS 341(iii)), flavour enhancers (INS 627, INS 631), paprika extract (INS 160c).       
CONTAINS NATURAL & NATURE IDENTICAL FLAVORING SUBSTANCES (BARBEQUE, SMOKE, GARLIC).",30,"Contains nuts.
Manufactured in a facility that also processes wheat, soybean, milk, nuts, mustard and sesame",3 Months ,60,135,"Panjwani Food Product
Haribhau Sailaji, 71/571, Motilal Nagar No.1, Rupavate Marg,
beside Bit Police Chowki, Goregoan West,
Mumbai, Maharashtra-400104

FSSAI Lic. No.11522009000162","40gm for 35/-
(per gm 0.87/-)

60 gm for 50/-
(per gm 0.83/-)

135gm for 99/- 
(per gm 0.73/-)",not_launched,35,223.7,9.53,5.7,0.8,0,3.3,18.08,3.52,14.56,0,0,89.7,,,,,,,,,,
Launched products,Korean bbq Peanuts,1) No Palm oil | 2) 8gm protein per serve | 3) Rich in dietary fibre | 4) Rich in Protein,"Peanuts, edible vegetable oil (sunflower oil).

Seasoning -  Spices and spice extract (chilli, ginger), dehydrated vegetable powder and extract (garlic, onion), sugar, common salt, maltodextrin, soya sauce powder, acidity regulators (INS 262(ii), INS 270, INS 330), hydrolysed vegetable protein (soya base), anticaking agents (INS 551, INS 341(iii)), flavour enhancers (INS 627, INS 631), paprika extract (INS 160c).       
CONTAINS NATURAL & NATURE IDENTICAL FLAVORING SUBSTANCES (BARBEQUE, SMOKE, GARLIC).",30,"Contains nuts.
Manufactured in a facility that also processes wheat, soybean, milk, nuts, mustard and sesame",3 Months ,60,135,"Panjwani Food Product
Haribhau Sailaji, 71/571, Motilal Nagar No.1, Rupavate Marg,
beside Bit Police Chowki, Goregoan West,
Mumbai, Maharashtra-400104

FSSAI Lic. No.11522009000162","40gm for 35/-
(per gm 0.87/-)

60 gm for 50/-
(per gm 0.83/-)

135gm for 99/- 
(per gm 0.73/-)",not_launched,40,255.68,10.9,6.52,0.94,0,3.77,20.7,4.02,16.64,0,0,102.52,,12.8,20.2,0.4,12.6,,18.3,1,5.1,
Launched products,Korean bbq Peanuts,1) No Palm oil | 2) 8gm protein per serve | 3) Rich in dietary fibre | 4) Rich in Protein,"Peanuts, edible vegetable oil (sunflower oil).

Seasoning -  Spices and spice extract (chilli, ginger), dehydrated vegetable powder and extract (garlic, onion), sugar, common salt, maltodextrin, soya sauce powder, acidity regulators (INS 262(ii), INS 270, INS 330), hydrolysed vegetable protein (soya base), anticaking agents (INS 551, INS 341(iii)), flavour enhancers (INS 627, INS 631), paprika extract (INS 160c).       
CONTAINS NATURAL & NATURE IDENTICAL FLAVORING SUBSTANCES (BARBEQUE, SMOKE, GARLIC).",30,"Contains nuts.
Manufactured in a facility that also processes wheat, soybean, milk, nuts, mustard and sesame",3 Months ,60,135,"Panjwani Food Product
Haribhau Sailaji, 71/571, Motilal Nagar No.1, Rupavate Marg,
beside Bit Police Chowki, Goregoan West,
Mumbai, Maharashtra-400104

FSSAI Lic. No.11522009000162","40gm for 35/-
(per gm 0.87/-)

60 gm for 50/-
(per gm 0.83/-)

135gm for 99/- 
(per gm 0.73/-)",not_launched,60,383.5,16.35,9.77,1.4,0,5.6,31,6.03,24.96,0,0,153.78,,,,,,,,,,
Launched products,Korean bbq Peanuts,1) No Palm oil | 2) 8gm protein per serve | 3) Rich in dietary fibre | 4) Rich in Protein,"Peanuts, edible vegetable oil (sunflower oil).

Seasoning -  Spices and spice extract (chilli, ginger), dehydrated vegetable powder and extract (garlic, onion), sugar, common salt, maltodextrin, soya sauce powder, acidity regulators (INS 262(ii), INS 270, INS 330), hydrolysed vegetable protein (soya base), anticaking agents (INS 551, INS 341(iii)), flavour enhancers (INS 627, INS 631), paprika extract (INS 160c).       
CONTAINS NATURAL & NATURE IDENTICAL FLAVORING SUBSTANCES (BARBEQUE, SMOKE, GARLIC).",30,"Contains nuts.
Manufactured in a facility that also processes wheat, soybean, milk, nuts, mustard and sesame",3 Months ,60,135,"Panjwani Food Product
Haribhau Sailaji, 71/571, Motilal Nagar No.1, Rupavate Marg,
beside Bit Police Chowki, Goregoan West,
Mumbai, Maharashtra-400104

FSSAI Lic. No.11522009000162","40gm for 35/-
(per gm 0.87/-)

60 gm for 50/-
(per gm 0.83/-)

135gm for 99/- 
(per gm 0.73/-)",not_launched,65,415.48,17.71,10.59,1.52,0,6.12,33.58,6.53,27.04,0,0,166.6,,,,,,,,,,
Launched products,Korean bbq Peanuts,1) No Palm oil | 2) 8gm protein per serve | 3) Rich in dietary fibre | 4) Rich in Protein,"Peanuts, edible vegetable oil (sunflower oil).

Seasoning -  Spices and spice extract (chilli, ginger), dehydrated vegetable powder and extract (garlic, onion), sugar, common salt, maltodextrin, soya sauce powder, acidity regulators (INS 262(ii), INS 270, INS 330), hydrolysed vegetable protein (soya base), anticaking agents (INS 551, INS 341(iii)), flavour enhancers (INS 627, INS 631), paprika extract (INS 160c).       
CONTAINS NATURAL & NATURE IDENTICAL FLAVORING SUBSTANCES (BARBEQUE, SMOKE, GARLIC).",30,"Contains nuts.
Manufactured in a facility that also processes wheat, soybean, milk, nuts, mustard and sesame",3 Months ,60,135,"Panjwani Food Product
Haribhau Sailaji, 71/571, Motilal Nagar No.1, Rupavate Marg,
beside Bit Police Chowki, Goregoan West,
Mumbai, Maharashtra-400104

FSSAI Lic. No.11522009000162","40gm for 35/-
(per gm 0.87/-)

60 gm for 50/-
(per gm 0.83/-)

135gm for 99/- 
(per gm 0.73/-)",not_launched,68,434.65,18.53,11.07,1.59,0,6.41,35.13,6.84,28.29,0,0,174.28,,,,,,,,,,
Launched products,Korean bbq Peanuts,1) No Palm oil | 2) 8gm protein per serve | 3) Rich in dietary fibre | 4) Rich in Protein,"Peanuts, edible vegetable oil (sunflower oil).

Seasoning -  Spices and spice extract (chilli, ginger), dehydrated vegetable powder and extract (garlic, onion), sugar, common salt, maltodextrin, soya sauce powder, acidity regulators (INS 262(ii), INS 270, INS 330), hydrolysed vegetable protein (soya base), anticaking agents (INS 551, INS 341(iii)), flavour enhancers (INS 627, INS 631), paprika extract (INS 160c).       
CONTAINS NATURAL & NATURE IDENTICAL FLAVORING SUBSTANCES (BARBEQUE, SMOKE, GARLIC).",30,"Contains nuts.
Manufactured in a facility that also processes wheat, soybean, milk, nuts, mustard and sesame",3 Months ,60,135,"Panjwani Food Product
Haribhau Sailaji, 71/571, Motilal Nagar No.1, Rupavate Marg,
beside Bit Police Chowki, Goregoan West,
Mumbai, Maharashtra-400104

FSSAI Lic. No.11522009000162","40gm for 35/-
(per gm 0.87/-)

60 gm for 50/-
(per gm 0.83/-)

135gm for 99/- 
(per gm 0.73/-)",not_launched,100,639.2,27.25,16.29,2.34,0,9.43,51.67,10.06,41.61,0,0,256.3,,,,,,,,,,
Launched products,Himalayan Pink Salt Peanuts,1) No Palm oil | 2) 8gm protein per serve | 3) Rich in dietary fibre | 4) Rich in Protein,"Peanuts, edible vegetable oil (sunflower oil), himalayan pink salt and black salt.",30,"Contains nuts.
Manufactured in a facility that also processes wheat, soybean, milk, nuts, mustard and sesame",3 Months ,60,135,"Panjwani Food Product
Haribhau Sailaji, 71/571, Motilal Nagar No.1, Rupavate Marg,
beside Bit Police Chowki, Goregoan West,
Mumbai, Maharashtra-400104

FSSAI Lic. No.11522009000162","60 gm for 50/-
(per gm 0.83/-)

135 gm for 99/- 
(per gm 0.73/-)

40gm for 35/- 
(per gm 0.87/-)",not_launched,30,188.2,8.18,5.78,0.56,0,2.78,14.7,2.54,12.16,0,0,56.91,,9.4,15.2,0.3,9.3,,11.6,0.7,2.9,
Launched products,Himalayan Pink Salt Peanuts,1) No Palm oil | 2) 8gm protein per serve | 3) Rich in dietary fibre | 4) Rich in Protein,"Peanuts, edible vegetable oil (sunflower oil), himalayan pink salt and black salt.",30,"Contains nuts.
Manufactured in a facility that also processes wheat, soybean, milk, nuts, mustard and sesame",3 Months ,60,135,"Panjwani Food Product
Haribhau Sailaji, 71/571, Motilal Nagar No.1, Rupavate Marg,
beside Bit Police Chowki, Goregoan West,
Mumbai, Maharashtra-400104

FSSAI Lic. No.11522009000162","60 gm for 50/-
(per gm 0.83/-)

135 gm for 99/- 
(per gm 0.73/-)

40gm for 35/- 
(per gm 0.87/-)",not_launched,35,219.5,9.54,6.74,0.64,0,3.24,17.1,2.96,14.18,0,0,66.3,,,,,,,,,,
Launched products,Himalayan Pink Salt Peanuts,1) No Palm oil | 2) 8gm protein per serve | 3) Rich in dietary fibre | 4) Rich in Protein,"Peanuts, edible vegetable oil (sunflower oil), himalayan pink salt and black salt.",30,"Contains nuts.
Manufactured in a facility that also processes wheat, soybean, milk, nuts, mustard and sesame",3 Months ,60,135,"Panjwani Food Product
Haribhau Sailaji, 71/571, Motilal Nagar No.1, Rupavate Marg,
beside Bit Police Chowki, Goregoan West,
Mumbai, Maharashtra-400104

FSSAI Lic. No.11522009000162","60 gm for 50/-
(per gm 0.83/-)

135 gm for 99/- 
(per gm 0.73/-)

40gm for 35/- 
(per gm 0.87/-)",not_launched,40,250.92,10.9,7.7,0.74,0,3.7,19.6,3.39,16.2,0,0,75.9,,,,,,,,,,
Launched products,Himalayan Pink Salt Peanuts,1) No Palm oil | 2) 8gm protein per serve | 3) Rich in dietary fibre | 4) Rich in Protein,"Peanuts, edible vegetable oil (sunflower oil), himalayan pink salt and black salt.",30,"Contains nuts.
Manufactured in a facility that also processes wheat, soybean, milk, nuts, mustard and sesame",3 Months ,60,135,"Panjwani Food Product
Haribhau Sailaji, 71/571, Motilal Nagar No.1, Rupavate Marg,
beside Bit Police Chowki, Goregoan West,
Mumbai, Maharashtra-400104

FSSAI Lic. No.11522009000162","60 gm for 50/-
(per gm 0.83/-)

135 gm for 99/- 
(per gm 0.73/-)

40gm for 35/- 
(per gm 0.87/-)",not_launched,60,376.38,16.36,11.55,1.11,0,5.55,29.4,5.08,24.3,0,0,113.82,,,,,,,,,,
Launched products,Himalayan Pink Salt Peanuts,1) No Palm oil | 2) 8gm protein per serve | 3) Rich in dietary fibre | 4) Rich in Protein,"Peanuts, edible vegetable oil (sunflower oil), himalayan pink salt and black salt.",30,"Contains nuts.
Manufactured in a facility that also processes wheat, soybean, milk, nuts, mustard and sesame",3 Months ,60,135,"Panjwani Food Product
Haribhau Sailaji, 71/571, Motilal Nagar No.1, Rupavate Marg,
beside Bit Police Chowki, Goregoan West,
Mumbai, Maharashtra-400104

FSSAI Lic. No.11522009000162","60 gm for 50/-
(per gm 0.83/-)

135 gm for 99/- 
(per gm 0.73/-)

40gm for 35/- 
(per gm 0.87/-)",not_launched,65,407.74,17.72,12.52,1.2,0,6.02,31.86,5.51,26.34,0,0,123.3,,,,,,,,,,
Launched products,Himalayan Pink Salt Peanuts,1) No Palm oil | 2) 8gm protein per serve | 3) Rich in dietary fibre | 4) Rich in Protein,"Peanuts, edible vegetable oil (sunflower oil), himalayan pink salt and black salt.",30,"Contains nuts.
Manufactured in a facility that also processes wheat, soybean, milk, nuts, mustard and sesame",3 Months ,60,135,"Panjwani Food Product
Haribhau Sailaji, 71/571, Motilal Nagar No.1, Rupavate Marg,
beside Bit Police Chowki, Goregoan West,
Mumbai, Maharashtra-400104

FSSAI Lic. No.11522009000162","60 gm for 50/-
(per gm 0.83/-)

135 gm for 99/- 
(per gm 0.73/-)

40gm for 35/- 
(per gm 0.87/-)",not_launched,68,426.56,18.54,13.1,1.26,0,6.29,33.32,5.77,27.54,0,0,128.9,,,,,,,,,,
Launched products,Himalayan Pink Salt Peanuts,1) No Palm oil | 2) 8gm protein per serve | 3) Rich in dietary fibre | 4) Rich in Protein,"Peanuts, edible vegetable oil (sunflower oil), himalayan pink salt and black salt.",30,"Contains nuts.
Manufactured in a facility that also processes wheat, soybean, milk, nuts, mustard and sesame",3 Months ,60,135,"Panjwani Food Product
Haribhau Sailaji, 71/571, Motilal Nagar No.1, Rupavate Marg,
beside Bit Police Chowki, Goregoan West,
Mumbai, Maharashtra-400104

FSSAI Lic. No.11522009000162","60 gm for 50/-
(per gm 0.83/-)

135 gm for 99/- 
(per gm 0.73/-)

40gm for 35/- 
(per gm 0.87/-)",not_launched,100,627.3,27.27,19.26,1.85,0,9.26,49.01,8.48,40.53,0,0,189.7,,,,,,,,,,
Launched products,Himalayan Pink Salt Peanuts,1) No Palm oil | 2) 8gm protein per serve | 3) Rich in dietary fibre | 4) Rich in Protein,"Peanuts, edible vegetable oil (sunflower oil), himalayan pink salt and black salt.",30,"Contains nuts.
Manufactured in a facility that also processes wheat, soybean, milk, nuts, mustard and sesame",3 Months ,60,135,"Panjwani Food Product
Haribhau Sailaji, 71/571, Motilal Nagar No.1, Rupavate Marg,
beside Bit Police Chowki, Goregoan West,
Mumbai, Maharashtra-400104

FSSAI Lic. No.11522009000162","60 gm for 50/-
(per gm 0.83/-)

135 gm for 99/- 
(per gm 0.73/-)

40gm for 35/- 
(per gm 0.87/-)",not_launched,145,909.6,39.5,27.9,2.68,0,13.4,71.06,12.29,58.76,0,0,275,,,,,,,,,,
Launched products,Mini Baked Samosa,No refined sugar | No maida/refined wheat flour | No palm oil | Baked,"Wheat flour, gram flour, carom seeds, coriander seeds, fennel seeds, cloves, asafoetida, black pepper, spices, salt, jaggery, edible vegetable oil (rice bran oil), raising agent. ",50,Contains gluten,3 Months ,55,155,"Krrunch It

Address: 65, Hathroi Fort, Harikishan Somani Marg, Jaipur, Rajasthan - 302001

FSSAI: 22220041000627","55gm for 60/- (per gm 1.09/-)
155gm for 180/-  (per gm 1.16/-)",not_launched,50,203,2.6,37.77,1.26,,0.57,4.6,,,,,128,,10.2,2.6,,,,,,6.4,
Launched products,Mini Baked Samosa,No refined sugar | No maida/refined wheat flour | No palm oil | Baked,"Wheat flour, gram flour, carom seeds, coriander seeds, fennel seeds, cloves, asafoetida, black pepper, spices, salt, jaggery, edible vegetable oil (rice bran oil), raising agent. ",50,Contains gluten,3 Months ,55,155,"Krrunch It

Address: 65, Hathroi Fort, Harikishan Somani Marg, Jaipur, Rajasthan - 302001

FSSAI: 22220041000627","55gm for 60/- (per gm 1.09/-)
155gm for 180/-  (per gm 1.16/-)",not_launched,55,223.3,2.86,41.54,1.38,,0.62,5.08,,,,,140.8,,,,,,,,,,
Launched products,Mini Baked Samosa,No refined sugar | No maida/refined wheat flour | No palm oil | Baked,"Wheat flour, gram flour, carom seeds, coriander seeds, fennel seeds, cloves, asafoetida, black pepper, spices, salt, jaggery, edible vegetable oil (rice bran oil), raising agent. ",50,Contains gluten,3 Months ,55,155,"Krrunch It

Address: 65, Hathroi Fort, Harikishan Somani Marg, Jaipur, Rajasthan - 302001

FSSAI: 22220041000627","55gm for 60/- (per gm 1.09/-)
155gm for 180/-  (per gm 1.16/-)",not_launched,100,406,5.21,75.53,2.52,,1.14,9.24,,,,,256,,,,,,,,,,
Launched products,Mini Baked Samosa,No refined sugar | No maida/refined wheat flour | No palm oil | Baked,"Wheat flour, gram flour, carom seeds, coriander seeds, fennel seeds, cloves, asafoetida, black pepper, spices, salt, jaggery, edible vegetable oil (rice bran oil), raising agent. ",50,Contains gluten,3 Months ,55,155,"Krrunch It

Address: 65, Hathroi Fort, Harikishan Somani Marg, Jaipur, Rajasthan - 302001

FSSAI: 22220041000627","55gm for 60/- (per gm 1.09/-)
155gm for 180/-  (per gm 1.16/-)",not_launched,155,629.3,8.07,117.1,3.9,,1.76,14.32,,,,,396.8,,,,,,,,,,
Launched products,Ragi sticks (Spicy garlic),Source of Dietary Fibre | Source of Protein | No Palm oil | Baked,"Ragi flour, little millet flour, tapioca starch, corn grit, edible vegetable oil (rice bran oil) and iodised salt.
Seasonings: Spices & condiments (mustard, fenugreek, turmeric,chilli), onion, mango powder, garlic powder (garlic, calcium stearate INS 470(i)), iodised salt, maltodextrin, sugar, corn starch, acidity regulators (INS 330, INS 296), hydrolysed vegetable protein, anticaking agent (INS 551), flavour enhancers (INS 627, INS 631).
CONTAINS NATURAL AND NATURE-IDENTICAL FLAVOURING SUBSTANCE(S).",40,"Processed in a facility that also handles soya, wheat and treenuts",4 Months ,43,115,"Rebala Nutri Foodee PVT. LTD.
Survey no:9/1, Door no:1/374- A1,
Andipalayam post,
Tiruchengode Taluk,
Namakkal, TamilNadu-637214

FSSAI Lic. No.: 10016042002549","43gm for 45/- (per gm 1.04/-)
115gm for 120/- (per gm 1.04/-)",not_launched,20,87.02,1.3,14.5,1.39,0.2,1,2.63,0.31,2.11,0,0,262.38,,4.3,2.4,0.4,3.3,4,1.4,,13.1,
Launched products,Ragi sticks (Spicy garlic),Source of Dietary Fibre | Source of Protein | No Palm oil | Baked,"Ragi flour, little millet flour, tapioca starch, corn grit, edible vegetable oil (rice bran oil) and iodised salt.
Seasonings: Spices & condiments (mustard, fenugreek, turmeric,chilli), onion, mango powder, garlic powder (garlic, calcium stearate INS 470(i)), iodised salt, maltodextrin, sugar, corn starch, acidity regulators (INS 330, INS 296), hydrolysed vegetable protein, anticaking agent (INS 551), flavour enhancers (INS 627, INS 631).
CONTAINS NATURAL AND NATURE-IDENTICAL FLAVOURING SUBSTANCE(S).",40,"Processed in a facility that also handles soya, wheat and treenuts",4 Months ,43,115,"Rebala Nutri Foodee PVT. LTD.
Survey no:9/1, Door no:1/374- A1,
Andipalayam post,
Tiruchengode Taluk,
Namakkal, TamilNadu-637214

FSSAI Lic. No.: 10016042002549","43gm for 45/- (per gm 1.04/-)
115gm for 120/- (per gm 1.04/-)",not_launched,35,152.3,2.28,25.4,2.43,0.35,1.75,4.61,0.55,3.69,0,0,459.16,,7.6,4.2,0.7,5.9,6.9,2.5,,23,
Launched products,Ragi sticks (Spicy garlic),Source of Dietary Fibre | Source of Protein | No Palm oil | Baked,"Ragi flour, little millet flour, tapioca starch, corn grit, edible vegetable oil (rice bran oil) and iodised salt.
Seasonings: Spices & condiments (mustard, fenugreek, turmeric,chilli), onion, mango powder, garlic powder (garlic, calcium stearate INS 470(i)), iodised salt, maltodextrin, sugar, corn starch, acidity regulators (INS 330, INS 296), hydrolysed vegetable protein, anticaking agent (INS 551), flavour enhancers (INS 627, INS 631).
CONTAINS NATURAL AND NATURE-IDENTICAL FLAVOURING SUBSTANCE(S).",40,"Processed in a facility that also handles soya, wheat and treenuts",4 Months ,43,115,"Rebala Nutri Foodee PVT. LTD.
Survey no:9/1, Door no:1/374- A1,
Andipalayam post,
Tiruchengode Taluk,
Namakkal, TamilNadu-637214

FSSAI Lic. No.: 10016042002549","43gm for 45/- (per gm 1.04/-)
115gm for 120/- (per gm 1.04/-)",not_launched,40,174.06,2.62,29.04,2.78,0.4,2.01,5.27,0.63,4.22,0,0,524.7,,8.7,4.8,0.8,6.7,7.9,2.9,,26.2,
Launched products,Ragi sticks (Spicy garlic),Source of Dietary Fibre | Source of Protein | No Palm oil | Baked,"Ragi flour, little millet flour, tapioca starch, corn grit, edible vegetable oil (rice bran oil) and iodised salt.
Seasonings: Spices & condiments (mustard, fenugreek, turmeric,chilli), onion, mango powder, garlic powder (garlic, calcium stearate INS 470(i)), iodised salt, maltodextrin, sugar, corn starch, acidity regulators (INS 330, INS 296), hydrolysed vegetable protein, anticaking agent (INS 551), flavour enhancers (INS 627, INS 631).
CONTAINS NATURAL AND NATURE-IDENTICAL FLAVOURING SUBSTANCE(S).",40,"Processed in a facility that also handles soya, wheat and treenuts",4 Months ,43,115,"Rebala Nutri Foodee PVT. LTD.
Survey no:9/1, Door no:1/374- A1,
Andipalayam post,
Tiruchengode Taluk,
Namakkal, TamilNadu-637214

FSSAI Lic. No.: 10016042002549","43gm for 45/- (per gm 1.04/-)
115gm for 120/- (per gm 1.04/-)",not_launched,43,187.1,2.81,31.2,2.99,0.43,2.15,5.66,0.67,4.54,0,0,564.1,,,,,,,,,,
Launched products,Ragi sticks (Spicy garlic),Source of Dietary Fibre | Source of Protein | No Palm oil | Baked,"Ragi flour, little millet flour, tapioca starch, corn grit, edible vegetable oil (rice bran oil) and iodised salt.
Seasonings: Spices & condiments (mustard, fenugreek, turmeric,chilli), onion, mango powder, garlic powder (garlic, calcium stearate INS 470(i)), iodised salt, maltodextrin, sugar, corn starch, acidity regulators (INS 330, INS 296), hydrolysed vegetable protein, anticaking agent (INS 551), flavour enhancers (INS 627, INS 631).
CONTAINS NATURAL AND NATURE-IDENTICAL FLAVOURING SUBSTANCE(S).",40,"Processed in a facility that also handles soya, wheat and treenuts",4 Months ,43,115,"Rebala Nutri Foodee PVT. LTD.
Survey no:9/1, Door no:1/374- A1,
Andipalayam post,
Tiruchengode Taluk,
Namakkal, TamilNadu-637214

FSSAI Lic. No.: 10016042002549","43gm for 45/- (per gm 1.04/-)
115gm for 120/- (per gm 1.04/-)",not_launched,75,326.35,4.9,54.44,5.22,0.75,3.75,9.88,1.18,7.92,0,0,983.92,,,,,,,,,,
Launched products,Ragi sticks (Spicy garlic),Source of Dietary Fibre | Source of Protein | No Palm oil | Baked,"Ragi flour, little millet flour, tapioca starch, corn grit, edible vegetable oil (rice bran oil) and iodised salt.
Seasonings: Spices & condiments (mustard, fenugreek, turmeric,chilli), onion, mango powder, garlic powder (garlic, calcium stearate INS 470(i)), iodised salt, maltodextrin, sugar, corn starch, acidity regulators (INS 330, INS 296), hydrolysed vegetable protein, anticaking agent (INS 551), flavour enhancers (INS 627, INS 631).
CONTAINS NATURAL AND NATURE-IDENTICAL FLAVOURING SUBSTANCE(S).",40,"Processed in a facility that also handles soya, wheat and treenuts",4 Months ,43,115,"Rebala Nutri Foodee PVT. LTD.
Survey no:9/1, Door no:1/374- A1,
Andipalayam post,
Tiruchengode Taluk,
Namakkal, TamilNadu-637214

FSSAI Lic. No.: 10016042002549","43gm for 45/- (per gm 1.04/-)
115gm for 120/- (per gm 1.04/-)",not_launched,100,435.14,6.54,72.59,6.96,1.01,5.01,13.18,1.58,10.56,0,0,1311.9,,,,,,,,,,
Launched products,Ragi sticks (Spicy garlic),Source of Dietary Fibre | Source of Protein | No Palm oil | Baked,"Ragi flour, little millet flour, tapioca starch, corn grit, edible vegetable oil (rice bran oil) and iodised salt.
Seasonings: Spices & condiments (mustard, fenugreek, turmeric,chilli), onion, mango powder, garlic powder (garlic, calcium stearate INS 470(i)), iodised salt, maltodextrin, sugar, corn starch, acidity regulators (INS 330, INS 296), hydrolysed vegetable protein, anticaking agent (INS 551), flavour enhancers (INS 627, INS 631).
CONTAINS NATURAL AND NATURE-IDENTICAL FLAVOURING SUBSTANCE(S).",40,"Processed in a facility that also handles soya, wheat and treenuts",4 Months ,43,115,"Rebala Nutri Foodee PVT. LTD.
Survey no:9/1, Door no:1/374- A1,
Andipalayam post,
Tiruchengode Taluk,
Namakkal, TamilNadu-637214

FSSAI Lic. No.: 10016042002549","43gm for 45/- (per gm 1.04/-)
115gm for 120/- (per gm 1.04/-)",not_launched,115,500.25,7.521,83.47,8,1.16,5.76,15.15,1.81,12.14,0,0,1508.6,,,,,,,,,,
Launched products,Ragi sticks (Achari Masala),Source of Dietery Fibre | Source of Protein | No Palm oil | Baked,"Ragi flour, little millet flour, tapioca starch, corn grit, edible vegetable oil (rice bran oil), and iodised salt.

Seasonings: Spices and condiments (mustard, aniseed, chilli, fenugreek, kalonji, turmeric), onion powder, mango powder, iodised salt, sugar, dextrose, maltodextrin, corn starch, hydrolysed vegetable protein, yeast extract, calcium stearate (INS 470(i)), acidity regulator (INS 330), anti-caking agent (INS 551), antioxidant (INS 300).
",40,"Processed in a facility that also handles soya, wheat and tree nuts",4  Months ,43,115,"Rebala Nutri Foodee PVT. LTD.

Survey no:9/1, Door no:1/374- A1,
Andipalayam post,
Tiruchengode Taluk,
Namakkal, Tamil Nadu-637214

FSSAI Lic. No. 10016042002549","43gm for 45/- (per gm 1.04/-)
115gm for 120/- (per gm 1.04/-)",not_launched,20,91.71,1.33,13.71,3.45,1.9,1.07,3.51,0.42,2.82,0,0,284.38,,4.59,2.5,3.8,3.6,4.64,1.9,,14.2,
Launched products,Ragi sticks (Achari Masala),Source of Dietery Fibre | Source of Protein | No Palm oil | Baked,"Ragi flour, little millet flour, tapioca starch, corn grit, edible vegetable oil (rice bran oil), and iodised salt.

Seasonings: Spices and condiments (mustard, aniseed, chilli, fenugreek, kalonji, turmeric), onion powder, mango powder, iodised salt, sugar, dextrose, maltodextrin, corn starch, hydrolysed vegetable protein, yeast extract, calcium stearate (INS 470(i)), acidity regulator (INS 330), anti-caking agent (INS 551), antioxidant (INS 300).
",40,"Processed in a facility that also handles soya, wheat and tree nuts",4  Months ,43,115,"Rebala Nutri Foodee PVT. LTD.

Survey no:9/1, Door no:1/374- A1,
Andipalayam post,
Tiruchengode Taluk,
Namakkal, Tamil Nadu-637214

FSSAI Lic. No. 10016042002549","43gm for 45/- (per gm 1.04/-)
115gm for 120/- (per gm 1.04/-)",not_launched,40,183.42,2.66,27.412,6.89,3.8,2.136,7.012,0.84,5.64,0,0,568.8,,9.2,5,7.6,7.1,10.5,3.8,,28.4,
Launched products,Ragi sticks (Achari Masala),Source of Dietery Fibre | Source of Protein | No Palm oil | Baked,"Ragi flour, little millet flour, tapioca starch, corn grit, edible vegetable oil (rice bran oil), and iodised salt.

Seasonings: Spices and condiments (mustard, aniseed, chilli, fenugreek, kalonji, turmeric), onion powder, mango powder, iodised salt, sugar, dextrose, maltodextrin, corn starch, hydrolysed vegetable protein, yeast extract, calcium stearate (INS 470(i)), acidity regulator (INS 330), anti-caking agent (INS 551), antioxidant (INS 300).
",40,"Processed in a facility that also handles soya, wheat and tree nuts",4  Months ,43,115,"Rebala Nutri Foodee PVT. LTD.

Survey no:9/1, Door no:1/374- A1,
Andipalayam post,
Tiruchengode Taluk,
Namakkal, Tamil Nadu-637214

FSSAI Lic. No. 10016042002549","43gm for 45/- (per gm 1.04/-)
115gm for 120/- (per gm 1.04/-)",not_launched,43,197.18,2.86,29.46,7.41,4.08,2.29,7.53,0.9,6.07,0,0,611.41,,,,,,,,,,
Launched products,Ragi sticks (Achari Masala),Source of Dietery Fibre | Source of Protein | No Palm oil | Baked,"Ragi flour, little millet flour, tapioca starch, corn grit, edible vegetable oil (rice bran oil), and iodised salt.

Seasonings: Spices and condiments (mustard, aniseed, chilli, fenugreek, kalonji, turmeric), onion powder, mango powder, iodised salt, sugar, dextrose, maltodextrin, corn starch, hydrolysed vegetable protein, yeast extract, calcium stearate (INS 470(i)), acidity regulator (INS 330), anti-caking agent (INS 551), antioxidant (INS 300).
",40,"Processed in a facility that also handles soya, wheat and tree nuts",4  Months ,43,115,"Rebala Nutri Foodee PVT. LTD.

Survey no:9/1, Door no:1/374- A1,
Andipalayam post,
Tiruchengode Taluk,
Namakkal, Tamil Nadu-637214

FSSAI Lic. No. 10016042002549","43gm for 45/- (per gm 1.04/-)
115gm for 120/- (per gm 1.04/-)",not_launched,100,458.57,6.67,68.53,17.24,9.5,5.34,17.53,2.1,14.12,0,0,1421.9,,,,,,,,,,
Launched products,Ragi sticks (Achari Masala),Source of Dietery Fibre | Source of Protein | No Palm oil | Baked,"Ragi flour, little millet flour, tapioca starch, corn grit, edible vegetable oil (rice bran oil), and iodised salt.

Seasonings: Spices and condiments (mustard, aniseed, chilli, fenugreek, kalonji, turmeric), onion powder, mango powder, iodised salt, sugar, dextrose, maltodextrin, corn starch, hydrolysed vegetable protein, yeast extract, calcium stearate (INS 470(i)), acidity regulator (INS 330), anti-caking agent (INS 551), antioxidant (INS 300).
",40,"Processed in a facility that also handles soya, wheat and tree nuts",4  Months ,43,115,"Rebala Nutri Foodee PVT. LTD.

Survey no:9/1, Door no:1/374- A1,
Andipalayam post,
Tiruchengode Taluk,
Namakkal, Tamil Nadu-637214

FSSAI Lic. No. 10016042002549","43gm for 45/- (per gm 1.04/-)
115gm for 120/- (per gm 1.04/-)",not_launched,115,527.35,7.67,78.8,19.82,10.92,6.14,20.15,2.41,16.23,0,0,1635.18,,,,,,,,,,
Launched products,Tomato Dosa Khakra Not QC By bhargavi,1) Source of Protein | 2) Rich in Dietary fibre | 3) No Palm oil | 4) Roasted,"Rice, ragi, urad dal, edible vegetable oil (rice bran oil), salt      
                
Seasoning- Tomato powder, sugar, salt, chilli powder, acidity regulators (INS 330, INS 296), flavour enhancer (INS 636), anticaking agent (INS 551)",50,-,4 Months ,50,100,"Jain Food Product

Milkat No-5555, Near Tuljabhavani Mandir, Tardal, Ichalkaranji, District-Kolhapur-416121

FSSAI.NO- 11515043000121","100gm for 115/- (per gm 1.15/-)
50 gm for 60/- (per gm 1.2/-) ",not_launched,25,126.5,2.03,16.04,2.08,1.05,1.8,6.04,5.22,0.45,0,0,161.4,,6.3,3.7,2.1,6,9,23.7,,8.1,
Launched products,Tomato Dosa Khakra Not QC By bhargavi,1) Source of Protein | 2) Rich in Dietary fibre | 3) No Palm oil | 4) Roasted,"Rice, ragi, urad dal, edible vegetable oil (rice bran oil), salt      
                
Seasoning- Tomato powder, sugar, salt, chilli powder, acidity regulators (INS 330, INS 296), flavour enhancer (INS 636), anticaking agent (INS 551)",50,-,4 Months ,50,100,"Jain Food Product

Milkat No-5555, Near Tuljabhavani Mandir, Tardal, Ichalkaranji, District-Kolhapur-416121

FSSAI.NO- 11515043000121","100gm for 115/- (per gm 1.15/-)
50 gm for 60/- (per gm 1.2/-) ",not_launched,50,253,4.06,32.08,4.16,2.06,3.6,12.09,10.45,0.91,0,0,322.7,,12.6,7.5,4.2,12,18,47.5,,16.1,
Launched products,Tomato Dosa Khakra Not QC By bhargavi,1) Source of Protein | 2) Rich in Dietary fibre | 3) No Palm oil | 4) Roasted,"Rice, ragi, urad dal, edible vegetable oil (rice bran oil), salt      
                
Seasoning- Tomato powder, sugar, salt, chilli powder, acidity regulators (INS 330, INS 296), flavour enhancer (INS 636), anticaking agent (INS 551)",50,-,4 Months ,50,100,"Jain Food Product

Milkat No-5555, Near Tuljabhavani Mandir, Tardal, Ichalkaranji, District-Kolhapur-416121

FSSAI.NO- 11515043000121","100gm for 115/- (per gm 1.15/-)
50 gm for 60/- (per gm 1.2/-) ",not_launched,100,506,8.13,64.17,8.32,4.21,7.21,24.18,20.91,1.83,0,0,645.4,,,,,,,,,,
Launched products,Korean BBQ Chickpea Popped chips,1) Rich in Protein | 2) No Palm Oil | 3) Rich in Dietary fibre,"Chickpea, rice, potato, starch, edible vegetable oil (sunflower oil), salt

Seasoning:  Spices and spice extract (chilli, ginger), dehydrated vegetable powders and extract (garlic, onion),sugar, common salt, maltodextrin,soya sauce powder, acidity regulators (INS 262(ii), INS 270, INS 330), hydrolysed vegetable protein (soya base), anticaking agents  (INS 551, INS 341(iii)), flavour enhancers (INS 627, INS 631), paprika extract (INS 160c)
CONTAINS NATURAL & NATURE IDENTICAL FLAVORING SUBSTANCES (BARBEQUE, SMOKE, GARLIC).",32,Contains Soy (Lecithin of Soya Origin),6 Months ,32,63,"MADON PURE FOODS PVT LTD     
 AW 104 – 106, Rajlaxmi Commercial Complex, Opposite Haldiram Red Gate, Kahler, Bhiwandi, 421302, India.

FSSAI Lic. No: 11517018000565","32 grams for 55/-(per gm 1.71/-)
63 grams for 95/- (per gm 1.50/-)",not_launched,30,125.4,4.23,21.26,2.14,2.14,2.59,2.61,0.97,,0,0,416.4,,6.3,7.8,4.3,8.6,3.9,4.4,0,20.8,
Launched products,Korean BBQ Chickpea Popped chips,1) Rich in Protein | 2) No Palm Oil | 3) Rich in Dietary fibre,"Chickpea, rice, potato, starch, edible vegetable oil (sunflower oil), salt

Seasoning:  Spices and spice extract (chilli, ginger), dehydrated vegetable powders and extract (garlic, onion),sugar, common salt, maltodextrin,soya sauce powder, acidity regulators (INS 262(ii), INS 270, INS 330), hydrolysed vegetable protein (soya base), anticaking agents  (INS 551, INS 341(iii)), flavour enhancers (INS 627, INS 631), paprika extract (INS 160c)
CONTAINS NATURAL & NATURE IDENTICAL FLAVORING SUBSTANCES (BARBEQUE, SMOKE, GARLIC).",32,Contains Soy (Lecithin of Soya Origin),6 Months ,32,63,"MADON PURE FOODS PVT LTD     
 AW 104 – 106, Rajlaxmi Commercial Complex, Opposite Haldiram Red Gate, Kahler, Bhiwandi, 421302, India.

FSSAI Lic. No: 11517018000565","32 grams for 55/-(per gm 1.71/-)
63 grams for 95/- (per gm 1.50/-)",not_launched,32,133.85,4.51,22.68,2.28,2.28,2.76,2.78,1.04,,0,0,444.19,,,,,,,,,,
Launched products,Korean BBQ Chickpea Popped chips,1) Rich in Protein | 2) No Palm Oil | 3) Rich in Dietary fibre,"Chickpea, rice, potato, starch, edible vegetable oil (sunflower oil), salt

Seasoning:  Spices and spice extract (chilli, ginger), dehydrated vegetable powders and extract (garlic, onion),sugar, common salt, maltodextrin,soya sauce powder, acidity regulators (INS 262(ii), INS 270, INS 330), hydrolysed vegetable protein (soya base), anticaking agents  (INS 551, INS 341(iii)), flavour enhancers (INS 627, INS 631), paprika extract (INS 160c)
CONTAINS NATURAL & NATURE IDENTICAL FLAVORING SUBSTANCES (BARBEQUE, SMOKE, GARLIC).",32,Contains Soy (Lecithin of Soya Origin),6 Months ,32,63,"MADON PURE FOODS PVT LTD     
 AW 104 – 106, Rajlaxmi Commercial Complex, Opposite Haldiram Red Gate, Kahler, Bhiwandi, 421302, India.

FSSAI Lic. No: 11517018000565","32 grams for 55/-(per gm 1.71/-)
63 grams for 95/- (per gm 1.50/-)",not_launched,60,250.9,8.46,42.52,4.28,4.28,5.18,5.22,1.95,,0,0,832.8,,,,,,,,,,
Launched products,Korean BBQ Chickpea Popped chips,1) Rich in Protein | 2) No Palm Oil | 3) Rich in Dietary fibre,"Chickpea, rice, potato, starch, edible vegetable oil (sunflower oil), salt

Seasoning:  Spices and spice extract (chilli, ginger), dehydrated vegetable powders and extract (garlic, onion),sugar, common salt, maltodextrin,soya sauce powder, acidity regulators (INS 262(ii), INS 270, INS 330), hydrolysed vegetable protein (soya base), anticaking agents  (INS 551, INS 341(iii)), flavour enhancers (INS 627, INS 631), paprika extract (INS 160c)
CONTAINS NATURAL & NATURE IDENTICAL FLAVORING SUBSTANCES (BARBEQUE, SMOKE, GARLIC).",32,Contains Soy (Lecithin of Soya Origin),6 Months ,32,63,"MADON PURE FOODS PVT LTD     
 AW 104 – 106, Rajlaxmi Commercial Complex, Opposite Haldiram Red Gate, Kahler, Bhiwandi, 421302, India.

FSSAI Lic. No: 11517018000565","32 grams for 55/-(per gm 1.71/-)
63 grams for 95/- (per gm 1.50/-)",not_launched,63,263.53,8.88,44.6,4.49,4.49,5.44,5.48,2.05,,0,0,874.5,,,,,,,,,,
Launched products,Korean BBQ Chickpea Popped chips,1) Rich in Protein | 2) No Palm Oil | 3) Rich in Dietary fibre,"Chickpea, rice, potato, starch, edible vegetable oil (sunflower oil), salt

Seasoning:  Spices and spice extract (chilli, ginger), dehydrated vegetable powders and extract (garlic, onion),sugar, common salt, maltodextrin,soya sauce powder, acidity regulators (INS 262(ii), INS 270, INS 330), hydrolysed vegetable protein (soya base), anticaking agents  (INS 551, INS 341(iii)), flavour enhancers (INS 627, INS 631), paprika extract (INS 160c)
CONTAINS NATURAL & NATURE IDENTICAL FLAVORING SUBSTANCES (BARBEQUE, SMOKE, GARLIC).",32,Contains Soy (Lecithin of Soya Origin),6 Months ,32,63,"MADON PURE FOODS PVT LTD     
 AW 104 – 106, Rajlaxmi Commercial Complex, Opposite Haldiram Red Gate, Kahler, Bhiwandi, 421302, India.

FSSAI Lic. No: 11517018000565","32 grams for 55/-(per gm 1.71/-)
63 grams for 95/- (per gm 1.50/-)",not_launched,100,418.31,14.1,70.88,7.14,7.14,8.64,8.71,3.26,,0,0,1388.1,,,,,,,,,,
Launched products,Hot Chocolate Mix,No Refined Sugar | Source of Protein (1.57g/ 20g) | Rich in Dietary Fibre (1.74g/ 20g),"Cocoa powder, jaggery powder, vanilla flavour 
CONTAINS NATURAL & NATURE IDENTICAL FLAVOURING SUBSTANCE- VANILLA",120,-,9 Months,120,,"Joy Mint Private Limited
39-40, Dwarkesh Industry Part -3, Velanja Hazira Highway, Village- Umra, Taluka-Olpad, Surat, Gujarat-394130                                                                                                                FSSAI Lic. No: 10721999000097",120 gm for 175/- (per gm 1.45/-),not_launched,20,74.58,1.57,15.64,14.21,14.21,1.74,0.38,,,,,18.14,,3.7,2.9,28.4,5.8,,,,0.9,
Launched products,Coin Khakra -Thai Chilli (without protein),1) No Palm oil | 2)Source of protein | 3)Rich in dietary fibre | 4) Roasted,"Whole wheat flour, edible vegetable oil (sunflower oil), iodized salt

Seasonings: Spices and condiments (chilli), cheese powder, garlic powder, dehydrated herb (parsley), honey, salt, sugar, maltodextrin, corn starch, edible vegetable oil (sunflower oil), soy lecithin (INS 322(i)), hydrolysed vegetable protein,  flavour enhancers (INS 627, INS 631), anti-caking agents (INS 470, INS 551), acidity regulator (INS 330).

CONTAINS ADDED FLAVOUR  (NATURAL AND NATURE IDENTICAL SUBSTANCES)",50,"This product was processed on machinery that also processes Wheat, Peanuts,Treenuts, Soy  and Sesame seeds",3 Months,50,,"Parekh Foods 
Ground floor, 208, Udhana - Magdalla Rd, near Gandhi Kutir, Ambika Industrial Society 2, Surat, Gujarat 395017
FSSAI no. 20721031003157","50 gm for 70/-
( per gm 1.4 /-)",not_launched,50,254.4,4.64,27.73,0.895,0,3.13,13.875,4.005,9.87,0,0,561,,12.72,8.6,0.5,10.43,20.71,18.2,1.25,28.05,
Launched products,Coin Khakra -Thai Chilli (without protein),1) No Palm oil | 2)Source of protein | 3)Rich in dietary fibre | 4) Roasted,"Whole wheat flour, edible vegetable oil (sunflower oil), iodized salt

Seasonings: Spices and condiments (chilli), cheese powder, garlic powder, dehydrated herb (parsley), honey, salt, sugar, maltodextrin, corn starch, edible vegetable oil (sunflower oil), soy lecithin (INS 322(i)), hydrolysed vegetable protein,  flavour enhancers (INS 627, INS 631), anti-caking agents (INS 470, INS 551), acidity regulator (INS 330).

CONTAINS ADDED FLAVOUR  (NATURAL AND NATURE IDENTICAL SUBSTANCES)",50,"This product was processed on machinery that also processes Wheat, Peanuts,Treenuts, Soy  and Sesame seeds",3 Months,50,,"Parekh Foods 
Ground floor, 208, Udhana - Magdalla Rd, near Gandhi Kutir, Ambika Industrial Society 2, Surat, Gujarat 395017
FSSAI no. 20721031003157","50 gm for 70/-
( per gm 1.4 /-)",not_launched,100,508.8,9.28,55.46,1.79,0,6.26,27.75,8.01,19.74,0,0,1122,,25.44,17.2,1,20.87,41.42,18.2,2.5,56.1,
Launched products,Korean BBQ Jowar Puff,No Palm Oil | Source of Protein | Rich in Dietary Fibre | Roasted,"Jowar flour, rice grits, edible vegetable oil (rice bran oil), iodised salt

Seasoning -  Spices and spice extract (chilli, ginger), dehydrated vegetable powder and extract (garlic, onion), Sugar, common salt, maltodextrin,soya sauce powder, acidity regulator (INS 262(ii), INS 270, INS 330), hydrolysed vegetable protein (soya base),  anticaking agent (INS 551, INS 341(iii)), flavour enhancers (INS 627, INS 631), paprika extract (INS 160c).
NATURAL & NATURE IDENTICAL FLAVORING SUBSTANCES (BARBEQUE, SMOKE, GARLIC).",35,"Manufactured in a facility that also processes wheat, peanuts, soybean, milk, nuts, mustard and sesame",3 Months ,35,105,"
AMRUD SNACK LIMITED
GALA NO.1, B2 & B3, BHARAT
COMPOUND, SURVEY NO.219, OPP. DODHIA
PETROL PUMP, KASHIMIRA, MIRA ROAD (E).
DIST. THANE, MAHARASHTRA- 401107

LIC NO. 11517020000417","35gm for 40/-
100 gm for 115 /-",not_launched,35,162.4,2.71,23.14,0.47,0,2.85,6.58,2.73,3.85,0,0,338.73,,8.1,5,0.3,9.5,9.8,12.4,0.8,17,
Launched products,Korean BBQ Jowar Puff,No Palm Oil | Source of Protein | Rich in Dietary Fibre | Roasted,"Jowar flour, rice grits, edible vegetable oil (rice bran oil), iodised salt

Seasoning -  Spices and spice extract (chilli, ginger), dehydrated vegetable powder and extract (garlic, onion), Sugar, common salt, maltodextrin,soya sauce powder, acidity regulator (INS 262(ii), INS 270, INS 330), hydrolysed vegetable protein (soya base),  anticaking agent (INS 551, INS 341(iii)), flavour enhancers (INS 627, INS 631), paprika extract (INS 160c).
NATURAL & NATURE IDENTICAL FLAVORING SUBSTANCES (BARBEQUE, SMOKE, GARLIC).",35,"Manufactured in a facility that also processes wheat, peanuts, soybean, milk, nuts, mustard and sesame",3 Months ,35,105,"
AMRUD SNACK LIMITED
GALA NO.1, B2 & B3, BHARAT
COMPOUND, SURVEY NO.219, OPP. DODHIA
PETROL PUMP, KASHIMIRA, MIRA ROAD (E).
DIST. THANE, MAHARASHTRA- 401107

LIC NO. 11517020000417","35gm for 40/-
100 gm for 115 /-",not_launched,38,176.47,2.94,25.09,0.51,0,3.09,7.14,2.96,4.18,0,0,367.76,,,,,,,,,,
Launched products,Korean BBQ Jowar Puff,No Palm Oil | Source of Protein | Rich in Dietary Fibre | Roasted,"Jowar flour, rice grits, edible vegetable oil (rice bran oil), iodised salt

Seasoning -  Spices and spice extract (chilli, ginger), dehydrated vegetable powder and extract (garlic, onion), Sugar, common salt, maltodextrin,soya sauce powder, acidity regulator (INS 262(ii), INS 270, INS 330), hydrolysed vegetable protein (soya base),  anticaking agent (INS 551, INS 341(iii)), flavour enhancers (INS 627, INS 631), paprika extract (INS 160c).
NATURAL & NATURE IDENTICAL FLAVORING SUBSTANCES (BARBEQUE, SMOKE, GARLIC).",35,"Manufactured in a facility that also processes wheat, peanuts, soybean, milk, nuts, mustard and sesame",3 Months ,35,105,"
AMRUD SNACK LIMITED
GALA NO.1, B2 & B3, BHARAT
COMPOUND, SURVEY NO.219, OPP. DODHIA
PETROL PUMP, KASHIMIRA, MIRA ROAD (E).
DIST. THANE, MAHARASHTRA- 401107

LIC NO. 11517020000417","35gm for 40/-
100 gm for 115 /-",not_launched,100,464.4,7.75,66.04,1.35,0,8.14,18.81,7.81,11,0,0,967.8,,,,,,,,,,
Launched products,Almond Cookies,Made with Oatmeal Powder | Source of protein (3.85g/70g and 5.50g/100g) | No Refined Sugar | Source of Fibre (3.21g/70g and 4.59g/100g) | No Preservatives.,"Vegetable butter, oatmeal powder, jaggery, whole wheat flour, refined wheat flour, almond powder, almond extract, vanilla extract, rock salt.",70,"Contains gluten and nuts. Made in a facility that processes Almond, Peanut, Walnut, Chocolate, Milk Powder",6 months,70,200,"Mo's F&B Group
8, DSIDC, Okhla Industrial Area Phase II,
 New Delhi - 110020

Lic No: 23318010000021","Rs. 215/- (for 200g)       
 Rs. 85/- for 70g (per gm- 1.21/-)",not_launched,70,367.71,3.85,43.44,24.04,20.61,3.21,19.85,10.65,9.19,0,0,164.01,,18.4,5,41.2,10.7,29.6,48.4,,8.2,
Launched products,Almond Cookies,Made with Oatmeal Powder | Source of protein (3.85g/70g and 5.50g/100g) | No Refined Sugar | Source of Fibre (3.21g/70g and 4.59g/100g) | No Preservatives.,"Vegetable butter, oatmeal powder, jaggery, whole wheat flour, refined wheat flour, almond powder, almond extract, vanilla extract, rock salt.",70,"Contains gluten and nuts. Made in a facility that processes Almond, Peanut, Walnut, Chocolate, Milk Powder",6 months,70,200,"Mo's F&B Group
8, DSIDC, Okhla Industrial Area Phase II,
 New Delhi - 110020

Lic No: 23318010000021","Rs. 215/- (for 200g)       
 Rs. 85/- for 70g (per gm- 1.21/-)",not_launched,100,525.3,5.5,62.05,34.34,29.44,4.59,28.35,15.22,13.13,0,0,234.3,,,,,,,,,,
Launched products,Coffee Cookies,Made with Oatmeal Powder | No Refined Sugar | Source of Protein | Source of Dietary Fibre,"Oatmeal powder, vegetable butter, whole wheat flour, refined wheat flour, jaggery, coffee extract.",70,"Contains Gluten. Made in a facility that processes almond, peanut, walnut, chocolate, wheat flour, milk powder",6 months,70,200,"Mo's F&B Group
8, DSIDC, Okhla Industrial Area Phase II,
 New Delhi - 110020

FSSAI Lic. No. 23318010000021","Rs.85/- (for 70g)  
Rs. 215/- (for 200g)
Rs. 40/- ( for 20g)",not_launched,20,104.7,1.2,12.648,6.36,5.5,0.96,5.48,3.18,2.294,0,0,11.72,,5.24,2.23,11,3.2,8.18,14.5,0,0.6,
Launched products,Coffee Cookies,Made with Oatmeal Powder | No Refined Sugar | Source of Protein | Source of Dietary Fibre,"Oatmeal powder, vegetable butter, whole wheat flour, refined wheat flour, jaggery, coffee extract.",70,"Contains Gluten. Made in a facility that processes almond, peanut, walnut, chocolate, wheat flour, milk powder",6 months,70,200,"Mo's F&B Group
8, DSIDC, Okhla Industrial Area Phase II,
 New Delhi - 110020

FSSAI Lic. No. 23318010000021","Rs.85/- (for 70g)  
Rs. 215/- (for 200g)
Rs. 40/- ( for 20g)",not_launched,70,366.59,4.214,44.268,22.267,19.257,3.374,19.187,11.158,8.029,0,0,41.02,,18.3,5.5,38.5,11.2,28.6,50.7,0,2.1,
Launched products,Coffee Cookies,Made with Oatmeal Powder | No Refined Sugar | Source of Protein | Source of Dietary Fibre,"Oatmeal powder, vegetable butter, whole wheat flour, refined wheat flour, jaggery, coffee extract.",70,"Contains Gluten. Made in a facility that processes almond, peanut, walnut, chocolate, wheat flour, milk powder",6 months,70,200,"Mo's F&B Group
8, DSIDC, Okhla Industrial Area Phase II,
 New Delhi - 110020

FSSAI Lic. No. 23318010000021","Rs.85/- (for 70g)  
Rs. 215/- (for 200g)
Rs. 40/- ( for 20g)",not_launched,100,523.7,6.02,63.24,31.81,27.51,4.82,27.41,15.94,11.47,0,0,58.6,,,,,,,,,,
Launched products,Dark Chocolate & Beetroot Cookies,Made with Oatmeal Powder | No Refined Sugar | Source of Protein | Source of Fibre,"Vegetable butter, oatmeal powder, jaggery, whole wheat flour, refined wheat flour, dark chocolate, beetroot oleoresin, beetroot extract.",70,"Contains Gluten. Made in a facility that processes Almond, Peanut, Walnut, Chocolate, Wheat Flour, Milk Powder",6 months,70,200,"Mo's F&B Group
8, DSIDC, Okhla Industrial Area Phase II,
New Delhi - 110020

Lic No: 23318010000021","Rs. 85/- for 70gm
Rs. 215/- for 200gm",not_launched,70,364.21,3.88,44.42,24.33,20.02,2.78,19.01,10.91,8.09,0,0,195.51,,18.2,5,40,9.3,28.4,49.6,,9.8,
Launched products,Dark Chocolate & Beetroot Cookies,Made with Oatmeal Powder | No Refined Sugar | Source of Protein | Source of Fibre,"Vegetable butter, oatmeal powder, jaggery, whole wheat flour, refined wheat flour, dark chocolate, beetroot oleoresin, beetroot extract.",70,"Contains Gluten. Made in a facility that processes Almond, Peanut, Walnut, Chocolate, Wheat Flour, Milk Powder",6 months,70,200,"Mo's F&B Group
8, DSIDC, Okhla Industrial Area Phase II,
New Delhi - 110020

Lic No: 23318010000021","Rs. 85/- for 70gm
Rs. 215/- for 200gm",not_launched,100,520.3,5.54,63.45,34.76,28.6,3.97,27.15,15.59,11.56,0,0,279.3,,,,,,,,,,
Launched products,Ginger Snap Cookies,Made with Oatmeal Powder | No Refined Sugar | Source of Protein | Source of Fibre,"Vegetable butter, oatmeal powder, whole wheat flour, refined wheat flour, jaggery, ginger powder, ginger oleoresin, vanilla extract, rock salt",70,"Contains Gluten. Made in a facility that processes Almond, Peanut, Walnut, Chocolate, Wheat Flour, Milk Powder",6 months,70,200,"Mo's F&B Group
8, DSIDC, Okhla Industrial Area Phase II,
 New Delhi - 110020

Lic No: 23318010000021","Rs. 85/- for 70gm
Rs. 215/- for 200gm",not_launched,70,366.1,4.07,45.01,22.9,19.58,3.05,18.86,10.93,7.94,0,0,153.65,,18.3,5.3,39.2,10.2,28.1,49.7,,7.7,
Launched products,Ginger Snap Cookies,Made with Oatmeal Powder | No Refined Sugar | Source of Protein | Source of Fibre,"Vegetable butter, oatmeal powder, whole wheat flour, refined wheat flour, jaggery, ginger powder, ginger oleoresin, vanilla extract, rock salt",70,"Contains Gluten. Made in a facility that processes Almond, Peanut, Walnut, Chocolate, Wheat Flour, Milk Powder",6 months,70,200,"Mo's F&B Group
8, DSIDC, Okhla Industrial Area Phase II,
 New Delhi - 110020

Lic No: 23318010000021","Rs. 85/- for 70gm
Rs. 215/- for 200gm",not_launched,100,523,5.81,64.29,32.71,27.97,4.35,26.95,15.61,11.34,0,0,219.5,,,,,,,,,,
Launched products,Roasted Makki Chips,Source of Protein | No Palm Oil | Roasted,"Corn grits, edible vegetable oil (refined cotton seed oil), salt, mango powder, red chilli powder, turmeric, black pepper, tomato powder, maltodextrin, acidity regulator (INS 330, INS 296), flavour enhancer (INS 635).
CONTAINS NATURAL AND NATURE- IDENTICAL FLAVOURING SUBSTANCE(S).",75,"Manufactured in a facility that also processes wheat, peanuts, soybean, milk, nuts, mustard and sesame",4 months,75,225," M/S. Hukam Chand Ramesh Kumar, # 1505-1506, Luvkush colony, Karnal- 132001 (HR)
FSSAI Lic. No. 10817010000155","50/- for 75gm
(0.66/- per gram)
140/- for 225gm
(0.62/- per gram)",not_launched,30,130.9,2.48,22.8,9.7,,,3.3,0.83,,0,0,217.94,,6.5,4.6,,,4.9,3.8,1.5,10.9,
Launched products,Roasted Makki Chips,Source of Protein | No Palm Oil | Roasted,"Corn grits, edible vegetable oil (refined cotton seed oil), salt, mango powder, red chilli powder, turmeric, black pepper, tomato powder, maltodextrin, acidity regulator (INS 330, INS 296), flavour enhancer (INS 635).
CONTAINS NATURAL AND NATURE- IDENTICAL FLAVOURING SUBSTANCE(S).",75,"Manufactured in a facility that also processes wheat, peanuts, soybean, milk, nuts, mustard and sesame",4 months,75,225," M/S. Hukam Chand Ramesh Kumar, # 1505-1506, Luvkush colony, Karnal- 132001 (HR)
FSSAI Lic. No. 10817010000155","50/- for 75gm
(0.66/- per gram)
140/- for 225gm
(0.62/- per gram)",not_launched,75,327.45,6.21,57.09,24.25,,,8.25,2.09,,0,0,544.85,,16.4,11.5,,,12.3,9.5,3.8,27.2,
Launched products,Roasted Makki Chips,Source of Protein | No Palm Oil | Roasted,"Corn grits, edible vegetable oil (refined cotton seed oil), salt, mango powder, red chilli powder, turmeric, black pepper, tomato powder, maltodextrin, acidity regulator (INS 330, INS 296), flavour enhancer (INS 635).
CONTAINS NATURAL AND NATURE- IDENTICAL FLAVOURING SUBSTANCE(S).",75,"Manufactured in a facility that also processes wheat, peanuts, soybean, milk, nuts, mustard and sesame",4 months,75,225," M/S. Hukam Chand Ramesh Kumar, # 1505-1506, Luvkush colony, Karnal- 132001 (HR)
FSSAI Lic. No. 10817010000155","50/- for 75gm
(0.66/- per gram)
140/- for 225gm
(0.62/- per gram)",not_launched,100,436.6,8.28,76.12,32.34,,,11,2.79,,0,0,726.47,,21.8,15.3,,,16.4,12.7,5,36.3,
Launched products,Roasted Makki Chips,Source of Protein | No Palm Oil | Roasted,"Corn grits, edible vegetable oil (refined cotton seed oil), salt, mango powder, red chilli powder, turmeric, black pepper, tomato powder, maltodextrin, acidity regulator (INS 330, INS 296), flavour enhancer (INS 635).
CONTAINS NATURAL AND NATURE- IDENTICAL FLAVOURING SUBSTANCE(S).",75,"Manufactured in a facility that also processes wheat, peanuts, soybean, milk, nuts, mustard and sesame",4 months,75,225," M/S. Hukam Chand Ramesh Kumar, # 1505-1506, Luvkush colony, Karnal- 132001 (HR)
FSSAI Lic. No. 10817010000155","50/- for 75gm
(0.66/- per gram)
140/- for 225gm
(0.62/- per gram)",not_launched,225,982.35,18.63,171.27,72.76,,,24.75,6.27,,0,0,1634.55,,,,,,,,,,
Launched products,Classic Dark,Source of Protein | Rich in Dietary Fibre | Made with Jaggery/ No Refined Sugar,"Cocoa solids, palm jaggery, cocoa butter, permitted emulsifiers (INS 322)",60,"Processed on equipment that is also used to process products containing milk, nuts, soya & wheat.","Best before 9 Months from the date of Manufacuting 


Store in a cool and dry place
Temperature and humidity changes may cause a whitish layer on the product without affecting its fitness for consumption.. ",60,,"
ENILUAP
No 54/2, Singasandra, Begur Hobli, Hosur Main Road, Bengaluru - 560068


FSSAI LIC: 11221333001339
","300/- for 60gm

5/- per gram",not_launched,60,319.14,3.3,39.06,31.86,31.86,3.66,16.38,10.8,,0,0,2.64,,16,3.3,63.7,12.2,24.4,49.1,,0.13,
Launched products,Classic Dark,Source of Protein | Rich in Dietary Fibre | Made with Jaggery/ No Refined Sugar,"Cocoa solids, palm jaggery, cocoa butter, permitted emulsifiers (INS 322)",60,"Processed on equipment that is also used to process products containing milk, nuts, soya & wheat.","Best before 9 Months from the date of Manufacuting 


Store in a cool and dry place
Temperature and humidity changes may cause a whitish layer on the product without affecting its fitness for consumption.. ",60,,"
ENILUAP
No 54/2, Singasandra, Begur Hobli, Hosur Main Road, Bengaluru - 560068


FSSAI LIC: 11221333001339
","300/- for 60gm

5/- per gram",not_launched,100,531.9,5.5,65.1,53.1,53.1,6.1,27.3,18,,0,0,4.4,,26.6,10.2,106.2,20.3,40.8,81.8,,0.22,
Launched products,Roasted Almond Chocolate,Rich in Protein | Rich in Dietary Fibre | Made with Jaggery/ No Refined Sugar,"Cocoa solids, milk solids, palm jaggery, cocoa butter, roasted almonds, permitted emulsifiers (INS 322)",60,"Processed on equipment that is also used to process products containing milk, nuts, soya & wheat.","Best before 9 Months from the date of Manufacuting 


Store in a cool and dry place
Temperature and humidity changes may cause a whitish layer on the product without affecting its fitness for consumption.. ",60,,"
ENILUAP
No 54/2, Singasandra, Begur Hobli, Hosur Main Road, Bengaluru - 560068


FSSAI LIC: 11221333001339","

300/- for 60gm

5/- per gram",not_launched,60,324.6,7.02,27.3,14.34,26.76,3.72,19.98,11.64,,0.102,3.6,1.8,,16.2,13,53.5,12.4,29.8,52.9,5.1,0.1,
Launched products,Roasted Almond Chocolate,Rich in Protein | Rich in Dietary Fibre | Made with Jaggery/ No Refined Sugar,"Cocoa solids, milk solids, palm jaggery, cocoa butter, roasted almonds, permitted emulsifiers (INS 322)",60,"Processed on equipment that is also used to process products containing milk, nuts, soya & wheat.","Best before 9 Months from the date of Manufacuting 


Store in a cool and dry place
Temperature and humidity changes may cause a whitish layer on the product without affecting its fitness for consumption.. ",60,,"
ENILUAP
No 54/2, Singasandra, Begur Hobli, Hosur Main Road, Bengaluru - 560068


FSSAI LIC: 11221333001339","

300/- for 60gm

5/- per gram",not_launched,100,541,11.7,45.5,23.9,44.6,6.2,33.3,19.4,,0.17,6,3,,27.1,21.7,89.2,20.7,49.7,88.2,8.5,0.15,
Launched products,Caramel Chocolate,Source of Dietary Fibre | Made with Jaggery/ No Refined Sugar,"Cocoa solids, palm jaggery, cocoa butter, permitted emulsifiers (INS 322)",60,"Processed on equipment that is also used to process products containing milk, nuts, soya & wheat.","Best before 9 Months from the date of Manufacuting 


Store in a cool and dry place
Temperature and humidity changes may cause a whitish layer on the product without affecting its fitness for consumption.. ",,,"
ENILUAP
No 54/2, Singasandra, Begur Hobli, Hosur Main Road, Bengaluru - 560068


FSSAI LIC: 11221333001339
","
300/- for 60gm

5/- per gram",not_launched,60,336.96,2.304,37.14,31.56,31.38,3.18,19.86,19.62,,0.102,0,1.8,,16.9,4.3,62.8,10.6,29.6,89.2,5.1,0.1,
Launched products,Caramel Chocolate,Source of Dietary Fibre | Made with Jaggery/ No Refined Sugar,"Cocoa solids, palm jaggery, cocoa butter, permitted emulsifiers (INS 322)",60,"Processed on equipment that is also used to process products containing milk, nuts, soya & wheat.","Best before 9 Months from the date of Manufacuting 


Store in a cool and dry place
Temperature and humidity changes may cause a whitish layer on the product without affecting its fitness for consumption.. ",,,"
ENILUAP
No 54/2, Singasandra, Begur Hobli, Hosur Main Road, Bengaluru - 560068


FSSAI LIC: 11221333001339
","
300/- for 60gm

5/- per gram",not_launched,100,561.6,3.84,61.9,52.6,52.3,5.3,33.1,32.7,,0.17,0,3,,28.1,7.1,104.6,17.7,49.4,148.64,8.5,0.15,
Launched products,Rice Crispies Chocolate,Source of Protein | Rich in Dietary Fibre | Made with Jaggery/ No Refined Sugar,"Cocoa solids, palm jaggery, cocoa butter, rice crispies, permitted emulsifiers (INS 322)",60,"Processed on equipment that is also used to process products containing milk, nuts, soya & wheat.","Best before 9 Months from the date of Manufacuting 


Store in a cool and dry place
Temperature and humidity changes may cause a whitish layer on the product without affecting its fitness for consumption.. ",60,,"

ENILUAP
No 54/2, Singasandra, Begur Hobli, Hosur Main Road, Bengaluru - 560068


FSSAI LIC: 11221333001339","
300/- for 60gm

5/- per gram",not_launched,60,345.42,3.42,33.18,25.422,25.38,3.96,22.14,13.26,,0,0,3.96,,17.3,6.3,50.8,13.2,33,60.3,,0.2,
Launched products,Rice Crispies Chocolate,Source of Protein | Rich in Dietary Fibre | Made with Jaggery/ No Refined Sugar,"Cocoa solids, palm jaggery, cocoa butter, rice crispies, permitted emulsifiers (INS 322)",60,"Processed on equipment that is also used to process products containing milk, nuts, soya & wheat.","Best before 9 Months from the date of Manufacuting 


Store in a cool and dry place
Temperature and humidity changes may cause a whitish layer on the product without affecting its fitness for consumption.. ",60,,"

ENILUAP
No 54/2, Singasandra, Begur Hobli, Hosur Main Road, Bengaluru - 560068


FSSAI LIC: 11221333001339","
300/- for 60gm

5/- per gram",not_launched,100,575.7,5.7,55.3,42.37,42.3,6.6,36.9,22.1,,0,0,6.6,,28.8,10.6,84.6,22,55.1,100.5,,0.33,
Launched products,Tiramisu Chocolate,Source of Protein | Source of Dietary Fibre Made with Jaggery/ No Refined Sugar,"Milk jaggery chocolate [palm jaggery, cocoa butter, milk solids, cocoa solids, emulsifier (INS 322), nature identical flavouring substances (Vanillin)]. 
Centre filling [FOS, cocoa butter, milk solids, emulsifier (E322), cheese powder, coffee powder, cereal crumbs, added nature identical and artificial flavour (Ethyl Vanillin, Coffee, Cheese)].",60,"Contains milk and milk products. Processed on equipment that is also used to process products containing milk, nuts, soya & wheat.","Best before 9 Months from the date of Manufacuting 


Store in a cool and dry place
Temperature and humidity changes may cause a whitish layer on the product without affecting its fitness for consumption.. ",,,"ENILUAP
No 54/2, Singasandra, Begur Hobli, Hosur Main Road, Bengaluru - 560068


FSSAI LIC: 11221333001339","300/- for 60gm

5/- per gram",not_launched,60,349.2,4.8,30.06,24,19.56,3.3,23.16,13.5,,0.24,36,49.2,,17.5,8.9,39.1,11,34.6,61.4,12,2.5,
Launched products,Tiramisu Chocolate,Source of Protein | Source of Dietary Fibre Made with Jaggery/ No Refined Sugar,"Milk jaggery chocolate [palm jaggery, cocoa butter, milk solids, cocoa solids, emulsifier (INS 322), nature identical flavouring substances (Vanillin)]. 
Centre filling [FOS, cocoa butter, milk solids, emulsifier (E322), cheese powder, coffee powder, cereal crumbs, added nature identical and artificial flavour (Ethyl Vanillin, Coffee, Cheese)].",60,"Contains milk and milk products. Processed on equipment that is also used to process products containing milk, nuts, soya & wheat.","Best before 9 Months from the date of Manufacuting 


Store in a cool and dry place
Temperature and humidity changes may cause a whitish layer on the product without affecting its fitness for consumption.. ",,,"ENILUAP
No 54/2, Singasandra, Begur Hobli, Hosur Main Road, Bengaluru - 560068


FSSAI LIC: 11221333001339","300/- for 60gm

5/- per gram",not_launched,100,582,8,50.1,40,32.6,5.5,38.6,22.5,,0.4,60,82,,29.1,14.8,65.2,18.3,57.6,102.3,20,4.1,
Launched products,Centre Filled Cookies,Sweetened using jaggery | No Maida,"Choco Filling - Jaggery, cocoa solids, edible vegetable fat (sunflower oil), emulsifier (INS 322), artificial flavouring substances (vanilla & chocolate)

Cookie - Whole wheat flour, jaggery, butter, milk solids, cocoa solids, fructooligosaccharide, raising agent [INS 503(ii), INS 500(ii)], emulsifier (INS 322), iodized salt, permitted natural colour (caramel), artificial flavouring substances (chocolate & milk).

CONTAINS NATURAL, NATURE IDENTICAL AND ARTIFICIAL( VANILLA, CHOCOLATE AND MILK) FLAVOURING SUBSTANCES.",80,"Contains milk, soya & wheat",10 months,80,,"
ENILUAP
No 54/2, Singasandra, Begur Hobli, Hosur Main Road, Bengaluru - 560068


FSSAI LIC: 11221333001339
","
110/- for 80 grams
1.37/- per gram ",not_launched,80,416,3.44,46.8,36.4,34.56,,21.12,12,,0.016,0,672,,20.8,6.4,69.1,,31.5,54.5,0.8,33.6,
Launched products,Centre Filled Cookies,Sweetened using jaggery | No Maida,"Choco Filling - Jaggery, cocoa solids, edible vegetable fat (sunflower oil), emulsifier (INS 322), artificial flavouring substances (vanilla & chocolate)

Cookie - Whole wheat flour, jaggery, butter, milk solids, cocoa solids, fructooligosaccharide, raising agent [INS 503(ii), INS 500(ii)], emulsifier (INS 322), iodized salt, permitted natural colour (caramel), artificial flavouring substances (chocolate & milk).

CONTAINS NATURAL, NATURE IDENTICAL AND ARTIFICIAL( VANILLA, CHOCOLATE AND MILK) FLAVOURING SUBSTANCES.",80,"Contains milk, soya & wheat",10 months,80,,"
ENILUAP
No 54/2, Singasandra, Begur Hobli, Hosur Main Road, Bengaluru - 560068


FSSAI LIC: 11221333001339
","
110/- for 80 grams
1.37/- per gram ",not_launched,100,520,4.3,58.5,45.5,43.2,,26.4,15,,0.02,0,840,,26,8,86.4,,39.4,68.2,1,42,
Launched products,Salted Almonds,Rich in protein | Trans fat free,"Almonds, himalayan pink salt",50,Contains Nuts ,3 Months ,50,145,"BHAVIN ENTERPRISE
C- 209, SHREYAS INDUSTRIAL ESTATE, NEAR JAY COACH, GOREGAON EAST, MUMBAI - 400063

FSSAI license number:  11518009000554","130/- for 50 grams
(2.6/- per gram)

325/- for 145 grams 
(2.24/- per gram)",not_launched,50,322,10.25,5.71,0,,0.94,28.7,6.6,22.05,0,0,96.5,,16.1,19,,3.13,42.8,30,,4.8,
Launched products,Salted Almonds,Rich in protein | Trans fat free,"Almonds, himalayan pink salt",50,Contains Nuts ,3 Months ,50,145,"BHAVIN ENTERPRISE
C- 209, SHREYAS INDUSTRIAL ESTATE, NEAR JAY COACH, GOREGAON EAST, MUMBAI - 400063

FSSAI license number:  11518009000554","130/- for 50 grams
(2.6/- per gram)

325/- for 145 grams 
(2.24/- per gram)",not_launched,100,644,20.5,11.42,0,,1.88,57.4,13.2,44.1,0,0,193,,,,,,,,,,
Launched products,Biscuit sticks with hazelnut dip,No Palm Oil | No Refined Sugar/Made with jaggery,"Biscuit Sticks- Whole wheat flour, refined wheat flour, jaggery, edible vegetable oil (sunflower oil), sodium bicarbonate, ammonium bicarbonate, lecithin, salt.

Hazelnut Dip- Edible vegetable oil (sunflower oil), jaggery, maltodextrin (INS1400), milk solids, hazelnut, cocoa solids, edible vegetable fat (hydrogenated) & emulsifier (INS322(i)- lecithin of soya origin).

CONTAINS NATURE IDENTICAL (HAZELNUT) FLAVOURING SUBSTANCE(S).

REVISED INGREDIENTS: (Applicable after next slot of printing)
Edible vegetable oil (sunflower oil), jaggery, maltodextrin (INS1400), milk solids, hazelnut, cocoa solids, whey powder, hydrogenated rapeseed oil, nature identical (hazelnut) flavoring substances, emulsifier (INS322(i)- lecithin of soya origin)

CONTAINS ADDED NATURE IDENTICAL (HAZELNUT) FLAVOURING SUBSTANCES",44,"Contains gluten, nuts, milk and milk derivatives and soya (lecithin of soya origin)",Best Before 4.5 months from the date of packaging ,44,,"For Biscuit Sticks 
Samrat Food Products
 32, Industrial Area, Behind Pawai Petrol Pump, Ulhasnagar- 421004

FSSAI LIC. NO.11518022000277",60/- for 44 grams (1.36/- per gram),not_launched,20,118.2,0.94,10.6,7.6,5.8,0.78,8,1.25,0.14,0.01,0,12,,5.91,1.74,11.6,,11.94,5.72,0.6,0.6,
Launched products,Biscuit sticks with hazelnut dip,No Palm Oil | No Refined Sugar/Made with jaggery,"Biscuit Sticks- Whole wheat flour, refined wheat flour, jaggery, edible vegetable oil (sunflower oil), sodium bicarbonate, ammonium bicarbonate, lecithin, salt.

Hazelnut Dip- Edible vegetable oil (sunflower oil), jaggery, maltodextrin (INS1400), milk solids, hazelnut, cocoa solids, edible vegetable fat (hydrogenated) & emulsifier (INS322(i)- lecithin of soya origin).

CONTAINS NATURE IDENTICAL (HAZELNUT) FLAVOURING SUBSTANCE(S).

REVISED INGREDIENTS: (Applicable after next slot of printing)
Edible vegetable oil (sunflower oil), jaggery, maltodextrin (INS1400), milk solids, hazelnut, cocoa solids, whey powder, hydrogenated rapeseed oil, nature identical (hazelnut) flavoring substances, emulsifier (INS322(i)- lecithin of soya origin)

CONTAINS ADDED NATURE IDENTICAL (HAZELNUT) FLAVOURING SUBSTANCES",44,"Contains gluten, nuts, milk and milk derivatives and soya (lecithin of soya origin)",Best Before 4.5 months from the date of packaging ,44,,"For Biscuit Sticks 
Samrat Food Products
 32, Industrial Area, Behind Pawai Petrol Pump, Ulhasnagar- 421004

FSSAI LIC. NO.11518022000277",60/- for 44 grams (1.36/- per gram),not_launched,22,130.02,1.034,11.66,8.36,6.38,0.85,8.8,1.38,0.15,0.01,0,13.2,,6.5,1.9,12.8,,13.1,6.3,0.6,0.7,
Launched products,Salted Caramel Dip with sticks,No Refined Sugar/Made with jaggery | No palm oil,"Biscuit Sticks-  Whole wheat flour, refined wheat flour, jaggery, edible vegetable oil (sunflower oil), sodium bicarbonate, ammonium bicarbonate, lecithin, salt.

Caramel Dip- Edible vegetable oil (sunflower oil), jaggery, maltodextrin (INS 1400), milk solids, cocoa solids, iodized salt, edible vegetable fat (hydrogenated), emulsifier (INS 322(i)- lecithin of soya origin)
CONTAINS ADDED NATURE IDENTICAL (CARAMEL) AND ARTIFICIAL (CONDENSED MILK) FLAVOURING SUBSTANCES.

REVISED INGREDIENTS: (Applicable after next slot of printing)
Edible vegetable oil (sunflower oil), jaggery, maltodextrin (INS 1400), milk solids, cocoa solids, iodized salt, hydrogenated rapeseed oil, emulsifier (INS322(i)- lecithin of soya origin), nature identical (caramel) flavouring substances & artificial (condensed milk) flavouring sustances

CONTAINS ADDED NATURE IDENTICAL (CARAMEL) AND ARTIFICIAL (CONDENSED MILK) FLAVOURING SUBSTANCES.",34,"Contains gluten, milk and milk derivatives and soya (Lecithin of soya origin)",Best Before 4.5 months from the date of packaging ,34,,"For Biscuit Sticks 
Samrat Food Products
 32, Industrial Area, Behind Pawai Petrol Pump, Ulhasnagar- 421004
FSSAI Lic.No.11518022000277",34gm-35/- (per gm-1.02/-),not_launched,15,87.45,1.07,7.65,5.4,3.75,0.59,5.85,0.97,0.11,0.009,0,42,,4.4,2,7.5,,8.7,4.4,0,2.1,
Launched products,Salted Caramel Dip with sticks,No Refined Sugar/Made with jaggery | No palm oil,"Biscuit Sticks-  Whole wheat flour, refined wheat flour, jaggery, edible vegetable oil (sunflower oil), sodium bicarbonate, ammonium bicarbonate, lecithin, salt.

Caramel Dip- Edible vegetable oil (sunflower oil), jaggery, maltodextrin (INS 1400), milk solids, cocoa solids, iodized salt, edible vegetable fat (hydrogenated), emulsifier (INS 322(i)- lecithin of soya origin)
CONTAINS ADDED NATURE IDENTICAL (CARAMEL) AND ARTIFICIAL (CONDENSED MILK) FLAVOURING SUBSTANCES.

REVISED INGREDIENTS: (Applicable after next slot of printing)
Edible vegetable oil (sunflower oil), jaggery, maltodextrin (INS 1400), milk solids, cocoa solids, iodized salt, hydrogenated rapeseed oil, emulsifier (INS322(i)- lecithin of soya origin), nature identical (caramel) flavouring substances & artificial (condensed milk) flavouring sustances

CONTAINS ADDED NATURE IDENTICAL (CARAMEL) AND ARTIFICIAL (CONDENSED MILK) FLAVOURING SUBSTANCES.",34,"Contains gluten, milk and milk derivatives and soya (Lecithin of soya origin)",Best Before 4.5 months from the date of packaging ,34,,"For Biscuit Sticks 
Samrat Food Products
 32, Industrial Area, Behind Pawai Petrol Pump, Ulhasnagar- 421004
FSSAI Lic.No.11518022000277",34gm-35/- (per gm-1.02/-),not_launched,17,99.11,1.21,8.67,6.12,4.25,0.66,6.63,1.1,0.12,0.01,,47.6,,5,2.3,8.5,,9.9,5,0.5,2.4,
Launched products,Baked Pizza Sticks with Cheesy Jalapeno Dip,Rich in Protein | Source of Dietary Fibre | Made with Whole Wheat/ No Maida | No Trans Fat,"Pizza sticks: Whole wheat flour, red chilli, garlic, iodised salt, cheese, pizza masala, edible vegetable oil (rice bran oil).",50,"Contains gluten, milk & milk products. Made in a facility that also handles soya. ",3 Months,50,150,"Baked Pizza Sticks:
Bijal Snacks
75-78 Sabarind Park, Asal, Po: Napada, 
Bhiloda,
Dist. Aravalli, NH48,
Asal, Gujarat- 383355.

FSSAI Lic No.: 10721026000117
","80gm for 70/- (per gm 0.87/-)
240gm for 199/- (per gm 0.83/-)",not_launched,50,212,5.5,34,1.5,0.5,2,6,1.5,3.5,0,0,320,,10.6,10.2,1,6.7,,6.8,,16,
Launched products,Baked Pizza Sticks with Cheesy Jalapeno Dip,Rich in Protein | Source of Dietary Fibre | Made with Whole Wheat/ No Maida | No Trans Fat,"Pizza sticks: Whole wheat flour, red chilli, garlic, iodised salt, cheese, pizza masala, edible vegetable oil (rice bran oil).",50,"Contains gluten, milk & milk products. Made in a facility that also handles soya. ",3 Months,50,150,"Baked Pizza Sticks:
Bijal Snacks
75-78 Sabarind Park, Asal, Po: Napada, 
Bhiloda,
Dist. Aravalli, NH48,
Asal, Gujarat- 383355.

FSSAI Lic No.: 10721026000117
","80gm for 70/- (per gm 0.87/-)
240gm for 199/- (per gm 0.83/-)",not_launched,100,424,11,68,3,1,4,12,3,7,0,0,640,,,,,,,,,,
Launched products,Baked Pizza Sticks with Cheesy Jalapeno Dip,Rich in Protein | Source of Dietary Fibre | Made with Whole Wheat/ No Maida | No Trans Fat,"Pizza sticks: Whole wheat flour, red chilli, garlic, iodised salt, cheese, pizza masala, edible vegetable oil (rice bran oil).",50,"Contains gluten, milk & milk products. Made in a facility that also handles soya. ",3 Months,50,150,"Baked Pizza Sticks:
Bijal Snacks
75-78 Sabarind Park, Asal, Po: Napada, 
Bhiloda,
Dist. Aravalli, NH48,
Asal, Gujarat- 383355.

FSSAI Lic No.: 10721026000117
","80gm for 70/- (per gm 0.87/-)
240gm for 199/- (per gm 0.83/-)",not_launched,150,636,16.5,102,4.5,1.5,6,18,4.5,10.5,0,0,960,,,,,,,,,,
Launched products,Himalayan Pink Salt and Pepper Popped Chips,Puffed | Extruded | Source of Protein (6.4g/100g and 1.92g/30g),"Brown rice, edible vegetable oil (sunflower oil), salt, and pepper.",30,No Allergen,3 months,30,105," MADON PURE FOODS PVT LTD     
 AW 104 – 106, Rajlaxmi Commercial Complex, Opposite Haldiram Red Gate, Kahler, Bhiwandi, 421302, India.

FSSAI Lic. No: 11517018000565","50 for 32g (per gm 1.56/-)

135 for 105g (per gm 1.28/-)",not_launched,30,121.35,1.92,20.25,0.18,,,3.63,0.42,,,,173.1,,6.1,3.56,,,5.4,1.9,,8.7,
Launched products,Himalayan Pink Salt and Pepper Popped Chips,Puffed | Extruded | Source of Protein (6.4g/100g and 1.92g/30g),"Brown rice, edible vegetable oil (sunflower oil), salt, and pepper.",30,No Allergen,3 months,30,105," MADON PURE FOODS PVT LTD     
 AW 104 – 106, Rajlaxmi Commercial Complex, Opposite Haldiram Red Gate, Kahler, Bhiwandi, 421302, India.

FSSAI Lic. No: 11517018000565","50 for 32g (per gm 1.56/-)

135 for 105g (per gm 1.28/-)",not_launched,32,129.44,2.05,21.6,0.192,,,3.87,0.448,,,,184.64,,6.5,3.8,,,5.78,2.04,,9.23,
Launched products,Himalayan Pink Salt and Pepper Popped Chips,Puffed | Extruded | Source of Protein (6.4g/100g and 1.92g/30g),"Brown rice, edible vegetable oil (sunflower oil), salt, and pepper.",30,No Allergen,3 months,30,105," MADON PURE FOODS PVT LTD     
 AW 104 – 106, Rajlaxmi Commercial Complex, Opposite Haldiram Red Gate, Kahler, Bhiwandi, 421302, India.

FSSAI Lic. No: 11517018000565","50 for 32g (per gm 1.56/-)

135 for 105g (per gm 1.28/-)",not_launched,60,242.7,3.84,40.5,0.36,,,7.26,0.84,,,,346.2,,,,,,,,,,
Launched products,Himalayan Pink Salt and Pepper Popped Chips,Puffed | Extruded | Source of Protein (6.4g/100g and 1.92g/30g),"Brown rice, edible vegetable oil (sunflower oil), salt, and pepper.",30,No Allergen,3 months,30,105," MADON PURE FOODS PVT LTD     
 AW 104 – 106, Rajlaxmi Commercial Complex, Opposite Haldiram Red Gate, Kahler, Bhiwandi, 421302, India.

FSSAI Lic. No: 11517018000565","50 for 32g (per gm 1.56/-)

135 for 105g (per gm 1.28/-)",not_launched,100,404.5,6.4,67.5,0.6,,,12.1,1.4,,,,577,,,,,,,,,,
Launched products,Himalayan Pink Salt and Pepper Popped Chips,Puffed | Extruded | Source of Protein (6.4g/100g and 1.92g/30g),"Brown rice, edible vegetable oil (sunflower oil), salt, and pepper.",30,No Allergen,3 months,30,105," MADON PURE FOODS PVT LTD     
 AW 104 – 106, Rajlaxmi Commercial Complex, Opposite Haldiram Red Gate, Kahler, Bhiwandi, 421302, India.

FSSAI Lic. No: 11517018000565","50 for 32g (per gm 1.56/-)

135 for 105g (per gm 1.28/-)",not_launched,105,424.725,6.72,70.875,0.63,,,12.705,1.47,,,,605.85,,,,,,,,,,
Launched products,Vanilla Creme Dip with Sticks,Baked | No Refined Sugar/Made with jaggery | No palm oil,"Biscuit Sticks- Whole wheat flour, refined wheat flour, jaggery, edible vegetable oil (sunflower oil), sodium bicarbonate, ammonium bicarbonate, lecithin, salt.
 Vanilla Creme Dip- Edible vegetable oil (sunflower oil), jaggery, maltodextrin (INS1400), milk solids, edible vegetable fat (hydrogenated), emulsifier (INS322(i)- lecithin of soya origin)
CONTAINS ADDED NATURE IDENTICAL (COOKIES & CREAM) FLAVOURING SUBSTANCES.


REVISED INGREDIENTS: (Applicable after next slot of printing)
Edible vegetable oil (sunflower oil), jaggery, maltodextrin (INS1400), milk solids, hydrogenated rapeseed oil, emulsifier (INS322(i)- lecithin of soya origin),nature identical (cookies and cream) flavouring substances

CONTAINS ADDED NATURE IDENTICAL (COOKIES & CREAM) FLAVOURING SUBSTANCES.

",34,"Contains gluten, milk and milk derivatives and soya (Lecithin of soya origin)",Best Before 4.5 months from the date of packaging ,34,,"For Biscuit Sticks 
Samrat Food Products
 32, Industrial Area, Behind Pawai Petrol Pump, Ulhasnagar- 421004
FSSAI LIC. NO.11518022000277

For the Dip
Manufactured at
 Manchar, Tal - Ambegaon, Dist - Pune - 410503, Maharashtra (India)",30gm-35/- (per gm-1.16),not_launched,15,88.8,1.005,7.35,5.4,3.6,0.59,6.15,1.005,0.11,0.0105,0,13.5,,4.4,,7.2,2,9.2,4.6,0,0.7,
Launched products,Vanilla Creme Dip with Sticks,Baked | No Refined Sugar/Made with jaggery | No palm oil,"Biscuit Sticks- Whole wheat flour, refined wheat flour, jaggery, edible vegetable oil (sunflower oil), sodium bicarbonate, ammonium bicarbonate, lecithin, salt.
 Vanilla Creme Dip- Edible vegetable oil (sunflower oil), jaggery, maltodextrin (INS1400), milk solids, edible vegetable fat (hydrogenated), emulsifier (INS322(i)- lecithin of soya origin)
CONTAINS ADDED NATURE IDENTICAL (COOKIES & CREAM) FLAVOURING SUBSTANCES.


REVISED INGREDIENTS: (Applicable after next slot of printing)
Edible vegetable oil (sunflower oil), jaggery, maltodextrin (INS1400), milk solids, hydrogenated rapeseed oil, emulsifier (INS322(i)- lecithin of soya origin),nature identical (cookies and cream) flavouring substances

CONTAINS ADDED NATURE IDENTICAL (COOKIES & CREAM) FLAVOURING SUBSTANCES.

",34,"Contains gluten, milk and milk derivatives and soya (Lecithin of soya origin)",Best Before 4.5 months from the date of packaging ,34,,"For Biscuit Sticks 
Samrat Food Products
 32, Industrial Area, Behind Pawai Petrol Pump, Ulhasnagar- 421004
FSSAI LIC. NO.11518022000277

For the Dip
Manufactured at
 Manchar, Tal - Ambegaon, Dist - Pune - 410503, Maharashtra (India)",30gm-35/- (per gm-1.16),not_launched,17,100.64,1.14,8.33,6.12,4.08,0.66,6.97,1.14,0.12,0.016,0,15.3,,5,2.1,8.2,2.2,10.4,5.2,0.6,0.8,
Launched products,Vanilla Creme Dip with Sticks,Baked | No Refined Sugar/Made with jaggery | No palm oil,"Biscuit Sticks- Whole wheat flour, refined wheat flour, jaggery, edible vegetable oil (sunflower oil), sodium bicarbonate, ammonium bicarbonate, lecithin, salt.
 Vanilla Creme Dip- Edible vegetable oil (sunflower oil), jaggery, maltodextrin (INS1400), milk solids, edible vegetable fat (hydrogenated), emulsifier (INS322(i)- lecithin of soya origin)
CONTAINS ADDED NATURE IDENTICAL (COOKIES & CREAM) FLAVOURING SUBSTANCES.


REVISED INGREDIENTS: (Applicable after next slot of printing)
Edible vegetable oil (sunflower oil), jaggery, maltodextrin (INS1400), milk solids, hydrogenated rapeseed oil, emulsifier (INS322(i)- lecithin of soya origin),nature identical (cookies and cream) flavouring substances

CONTAINS ADDED NATURE IDENTICAL (COOKIES & CREAM) FLAVOURING SUBSTANCES.

",34,"Contains gluten, milk and milk derivatives and soya (Lecithin of soya origin)",Best Before 4.5 months from the date of packaging ,34,,"For Biscuit Sticks 
Samrat Food Products
 32, Industrial Area, Behind Pawai Petrol Pump, Ulhasnagar- 421004
FSSAI LIC. NO.11518022000277

For the Dip
Manufactured at
 Manchar, Tal - Ambegaon, Dist - Pune - 410503, Maharashtra (India)",30gm-35/- (per gm-1.16),not_launched,100,592,6.7,49,36,24,3.93,41,6.7,0.733,0.07,0,90,,,,,,,,,,
Launched products,Jalapeno Ragi Chips,Source of calcium | Rich in dietary fibre | Source of protein | No Palm oil,"Ragi flour, tapioca starch, rice flour, white lentil flour, gram flour, iodised salt, edible vegetable oil (rice bran oil)
 Seasoning: Spray dried jalapeno pepper powder, dehydrated garlic powder, dehydrated onion powder, red chilli powder, sugar, black salt, anticaking agent (INS 170(i)), maltodextrin, acidity regulators (INS 330, INS 296), flavour enhancers (INS 627, INS 631), paprika oleoresin (INS 160c)
CONTAINS NATURE IDENTICAL FLAVOUR - JALAPENO",30,"Manufactured in a facility that also processes wheat, peanut, soybean, milk, nuts, mustard and sesame",4 months,60,180,"

AMRUD SNACK LIMITED 
GALA NO.1, B2 & B3, BHARAT
COMPOUND, SURVEY NO.219, OPP. DODHIA
PETROL PUMP, KASHIMIRA, MIRA ROAD (E).
DIST. THANE, MAHARASHTRA- 401107

FSSAI Lic. No. 11517020000417","50 for 60g                                   (per gm-0.83)

145 /-for 180g                                (per gm-0.80)",not_launched,20,108.6,1.13,10.6,0.2,,1.4,6.53,3.06,,0,,84,36.6,5.4,2.1,,4.6,9.7,13.9,,4.2,3.6
Launched products,Jalapeno Ragi Chips,Source of calcium | Rich in dietary fibre | Source of protein | No Palm oil,"Ragi flour, tapioca starch, rice flour, white lentil flour, gram flour, iodised salt, edible vegetable oil (rice bran oil)
 Seasoning: Spray dried jalapeno pepper powder, dehydrated garlic powder, dehydrated onion powder, red chilli powder, sugar, black salt, anticaking agent (INS 170(i)), maltodextrin, acidity regulators (INS 330, INS 296), flavour enhancers (INS 627, INS 631), paprika oleoresin (INS 160c)
CONTAINS NATURE IDENTICAL FLAVOUR - JALAPENO",30,"Manufactured in a facility that also processes wheat, peanut, soybean, milk, nuts, mustard and sesame",4 months,60,180,"

AMRUD SNACK LIMITED 
GALA NO.1, B2 & B3, BHARAT
COMPOUND, SURVEY NO.219, OPP. DODHIA
PETROL PUMP, KASHIMIRA, MIRA ROAD (E).
DIST. THANE, MAHARASHTRA- 401107

FSSAI Lic. No. 11517020000417","50 for 60g                                   (per gm-0.83)

145 /-for 180g                                (per gm-0.80)",not_launched,30,160,1.7,16,0.3,,2.1,9.8,4.6,,0,,126,55,8,3.14,,7,14.6,20.9,,6.3,5.5
Launched products,Jalapeno Ragi Chips,Source of calcium | Rich in dietary fibre | Source of protein | No Palm oil,"Ragi flour, tapioca starch, rice flour, white lentil flour, gram flour, iodised salt, edible vegetable oil (rice bran oil)
 Seasoning: Spray dried jalapeno pepper powder, dehydrated garlic powder, dehydrated onion powder, red chilli powder, sugar, black salt, anticaking agent (INS 170(i)), maltodextrin, acidity regulators (INS 330, INS 296), flavour enhancers (INS 627, INS 631), paprika oleoresin (INS 160c)
CONTAINS NATURE IDENTICAL FLAVOUR - JALAPENO",30,"Manufactured in a facility that also processes wheat, peanut, soybean, milk, nuts, mustard and sesame",4 months,60,180,"

AMRUD SNACK LIMITED 
GALA NO.1, B2 & B3, BHARAT
COMPOUND, SURVEY NO.219, OPP. DODHIA
PETROL PUMP, KASHIMIRA, MIRA ROAD (E).
DIST. THANE, MAHARASHTRA- 401107

FSSAI Lic. No. 11517020000417","50 for 60g                                   (per gm-0.83)

145 /-for 180g                                (per gm-0.80)",not_launched,40,217.3,2.26,21.3,0.4,,2.8,13.06,6.13,,0,,168,73.33,,,,,,,,,
Launched products,Jalapeno Ragi Chips,Source of calcium | Rich in dietary fibre | Source of protein | No Palm oil,"Ragi flour, tapioca starch, rice flour, white lentil flour, gram flour, iodised salt, edible vegetable oil (rice bran oil)
 Seasoning: Spray dried jalapeno pepper powder, dehydrated garlic powder, dehydrated onion powder, red chilli powder, sugar, black salt, anticaking agent (INS 170(i)), maltodextrin, acidity regulators (INS 330, INS 296), flavour enhancers (INS 627, INS 631), paprika oleoresin (INS 160c)
CONTAINS NATURE IDENTICAL FLAVOUR - JALAPENO",30,"Manufactured in a facility that also processes wheat, peanut, soybean, milk, nuts, mustard and sesame",4 months,60,180,"

AMRUD SNACK LIMITED 
GALA NO.1, B2 & B3, BHARAT
COMPOUND, SURVEY NO.219, OPP. DODHIA
PETROL PUMP, KASHIMIRA, MIRA ROAD (E).
DIST. THANE, MAHARASHTRA- 401107

FSSAI Lic. No. 11517020000417","50 for 60g                                   (per gm-0.83)

145 /-for 180g                                (per gm-0.80)",not_launched,55,293.33,3.11,29.33,0.55,,3.85,17.96,8.43,,0,,231,100.83,,,,,,,,,
Launched products,Jalapeno Ragi Chips,Source of calcium | Rich in dietary fibre | Source of protein | No Palm oil,"Ragi flour, tapioca starch, rice flour, white lentil flour, gram flour, iodised salt, edible vegetable oil (rice bran oil)
 Seasoning: Spray dried jalapeno pepper powder, dehydrated garlic powder, dehydrated onion powder, red chilli powder, sugar, black salt, anticaking agent (INS 170(i)), maltodextrin, acidity regulators (INS 330, INS 296), flavour enhancers (INS 627, INS 631), paprika oleoresin (INS 160c)
CONTAINS NATURE IDENTICAL FLAVOUR - JALAPENO",30,"Manufactured in a facility that also processes wheat, peanut, soybean, milk, nuts, mustard and sesame",4 months,60,180,"

AMRUD SNACK LIMITED 
GALA NO.1, B2 & B3, BHARAT
COMPOUND, SURVEY NO.219, OPP. DODHIA
PETROL PUMP, KASHIMIRA, MIRA ROAD (E).
DIST. THANE, MAHARASHTRA- 401107

FSSAI Lic. No. 11517020000417","50 for 60g                                   (per gm-0.83)

145 /-for 180g                                (per gm-0.80)",not_launched,60,325.9,3.39,31.9,0.6,,4.2,19.59,9.19,,0,,252,109.9,,,,,,,,,
Launched products,Jalapeno Ragi Chips,Source of calcium | Rich in dietary fibre | Source of protein | No Palm oil,"Ragi flour, tapioca starch, rice flour, white lentil flour, gram flour, iodised salt, edible vegetable oil (rice bran oil)
 Seasoning: Spray dried jalapeno pepper powder, dehydrated garlic powder, dehydrated onion powder, red chilli powder, sugar, black salt, anticaking agent (INS 170(i)), maltodextrin, acidity regulators (INS 330, INS 296), flavour enhancers (INS 627, INS 631), paprika oleoresin (INS 160c)
CONTAINS NATURE IDENTICAL FLAVOUR - JALAPENO",30,"Manufactured in a facility that also processes wheat, peanut, soybean, milk, nuts, mustard and sesame",4 months,60,180,"

AMRUD SNACK LIMITED 
GALA NO.1, B2 & B3, BHARAT
COMPOUND, SURVEY NO.219, OPP. DODHIA
PETROL PUMP, KASHIMIRA, MIRA ROAD (E).
DIST. THANE, MAHARASHTRA- 401107

FSSAI Lic. No. 11517020000417","50 for 60g                                   (per gm-0.83)

145 /-for 180g                                (per gm-0.80)",not_launched,100,543.33,5.66,53.33,1,,7,32.66,15.33,,0,,420,183.33,,,,,,,,,
Launched products,Jalapeno Ragi Chips,Source of calcium | Rich in dietary fibre | Source of protein | No Palm oil,"Ragi flour, tapioca starch, rice flour, white lentil flour, gram flour, iodised salt, edible vegetable oil (rice bran oil)
 Seasoning: Spray dried jalapeno pepper powder, dehydrated garlic powder, dehydrated onion powder, red chilli powder, sugar, black salt, anticaking agent (INS 170(i)), maltodextrin, acidity regulators (INS 330, INS 296), flavour enhancers (INS 627, INS 631), paprika oleoresin (INS 160c)
CONTAINS NATURE IDENTICAL FLAVOUR - JALAPENO",30,"Manufactured in a facility that also processes wheat, peanut, soybean, milk, nuts, mustard and sesame",4 months,60,180,"

AMRUD SNACK LIMITED 
GALA NO.1, B2 & B3, BHARAT
COMPOUND, SURVEY NO.219, OPP. DODHIA
PETROL PUMP, KASHIMIRA, MIRA ROAD (E).
DIST. THANE, MAHARASHTRA- 401107

FSSAI Lic. No. 11517020000417","50 for 60g                                   (per gm-0.83)

145 /-for 180g                                (per gm-0.80)",not_launched,180,977.9,10.18,95.99,1.8,,12.6,58.78,27.59,,0,,756,329.9,,,,,,,,,
Launched products,Chatpata Crispy Sweet Corn,Rich in Protein | Vacuum Fried,"Sweet corn, rice bran oil, seasoning mix (garlic powder, cumin powder, coriander powder, onion powder, sea salt, red chilli powder, dry mango powder, black pepper & cinnamon powder)",25,No Allergen,6 months,58,165,"Rivera Namkins PVT. LTD.

Plot No.26, Krishna Park Society, Near Vandana Society, Nana Varchha, Surat, Gujarat-395006
FSSAI Lic. No. 10721031001491",100 for 58g  (per gm-1.72/-)                                                                                      280 for 165g (per gm-1.69/-),not_launched,45,173.61,6.165,27.41,5.45,,0.98,4.365,0.729,,0,0,55.04,,8.7,11.4,,3.3,6.5,3.3,0,2.8,
Launched products,Chatpata Crispy Sweet Corn,Rich in Protein | Vacuum Fried,"Sweet corn, rice bran oil, seasoning mix (garlic powder, cumin powder, coriander powder, onion powder, sea salt, red chilli powder, dry mango powder, black pepper & cinnamon powder)",25,No Allergen,6 months,58,165,"Rivera Namkins PVT. LTD.

Plot No.26, Krishna Park Society, Near Vandana Society, Nana Varchha, Surat, Gujarat-395006
FSSAI Lic. No. 10721031001491",100 for 58g  (per gm-1.72/-)                                                                                      280 for 165g (per gm-1.69/-),not_launched,58,223.76,7.94,35.32,7.018,,1.27,5.62,0.94,,0,0,70.93,,,,,,,,,,
Launched products,Chatpata Crispy Sweet Corn,Rich in Protein | Vacuum Fried,"Sweet corn, rice bran oil, seasoning mix (garlic powder, cumin powder, coriander powder, onion powder, sea salt, red chilli powder, dry mango powder, black pepper & cinnamon powder)",25,No Allergen,6 months,58,165,"Rivera Namkins PVT. LTD.

Plot No.26, Krishna Park Society, Near Vandana Society, Nana Varchha, Surat, Gujarat-395006
FSSAI Lic. No. 10721031001491",100 for 58g  (per gm-1.72/-)                                                                                      280 for 165g (per gm-1.69/-),not_launched,100,385.8,13.7,60.9,12.1,,2.19,9.7,1.62,,0,0,122.3,,,,,,,,,,
Launched products,Vanilla & Seeds Chikki,Rich in Protein (11.65g/75g and 15.53g/100g) | Rich in Dietary Fibre (18.75g/75g and 25g/100g) | No Added Sugar,"Amaranth, pumpkin seeds, watermelon seeds, sunflower seeds, black sesame seeds, chia seeds, 
fructo-oligosaccharide, vanilla powder, salt.",15,"Contains nuts and seeds. Manufactured in a facility that also processes peanut, cashews, milk products, nuts and sesame seeds.",6 Months,75100,200,"
ROCHIRAM FOODS PRIVATE LIMITED
Plot No. RTC-35, First And Second Floor, 
TTC Industrial Area, Rabale, Navi Mumbai - 4000701

FSSAI Lic. No. 11524998000612","90 for 75g
(per gram 1.2)


225 for 200g
(per gram 1.12)",not_launched,75,381.825,11.65,41.47,0.36,,18.75,18.82,,,,,60.75,,,,,,,,,,
Launched products,Vanilla & Seeds Chikki,Rich in Protein (11.65g/75g and 15.53g/100g) | Rich in Dietary Fibre (18.75g/75g and 25g/100g) | No Added Sugar,"Amaranth, pumpkin seeds, watermelon seeds, sunflower seeds, black sesame seeds, chia seeds, 
fructo-oligosaccharide, vanilla powder, salt.",15,"Contains nuts and seeds. Manufactured in a facility that also processes peanut, cashews, milk products, nuts and sesame seeds.",6 Months,75100,200,"
ROCHIRAM FOODS PRIVATE LIMITED
Plot No. RTC-35, First And Second Floor, 
TTC Industrial Area, Rabale, Navi Mumbai - 4000701

FSSAI Lic. No. 11524998000612","90 for 75g
(per gram 1.2)


225 for 200g
(per gram 1.12)",not_launched,100,509.1,15.53,55.29,0.48,,25,25.09,,,,,81,,,,,,,,,,
Launched products,Vanilla & Seeds Chikki,Rich in Protein (11.65g/75g and 15.53g/100g) | Rich in Dietary Fibre (18.75g/75g and 25g/100g) | No Added Sugar,"Amaranth, pumpkin seeds, watermelon seeds, sunflower seeds, black sesame seeds, chia seeds, 
fructo-oligosaccharide, vanilla powder, salt.",15,"Contains nuts and seeds. Manufactured in a facility that also processes peanut, cashews, milk products, nuts and sesame seeds.",6 Months,75100,200,"
ROCHIRAM FOODS PRIVATE LIMITED
Plot No. RTC-35, First And Second Floor, 
TTC Industrial Area, Rabale, Navi Mumbai - 4000701

FSSAI Lic. No. 11524998000612","90 for 75g
(per gram 1.2)


225 for 200g
(per gram 1.12)",not_launched,0,,,,,,,,,,,,,,3.8,4.3,0.14,12.5,,,,,
Launched products,Peanut Chikki,Rich in Protein (12.14g/75g and 16.19g/100g) | Rich in Dietary Fibre (5.64g/75g and 7.52g/100g) | No Added Sugar,"Peanuts,Fructo-Oligosaccharide (FOS)",75,"Contains Nuts. Manufactured in a facility that also processes peanut, cashews, milk products, nuts and sesame seeds.",6 Months,75,200,"
ROCHIRAM FOODS PRIVATE LIMITED
Plot No. RTC-35, First And Second Floor, 
TTC Industrial Area, Rabale, Navi Mumbai - 4000701

FSSAI Lic. No. 11524998000612","70/- for 75g (per gm- 0.9/-)

180/- for 200g (per gm-0.9/-)",not_launched,75,425.02,12.14,33.44,2.18,,5.64,26.96,5.63,21.33,0,0,23.32,,,,,,,,,,
Launched products,Peanut Chikki,Rich in Protein (12.14g/75g and 16.19g/100g) | Rich in Dietary Fibre (5.64g/75g and 7.52g/100g) | No Added Sugar,"Peanuts,Fructo-Oligosaccharide (FOS)",75,"Contains Nuts. Manufactured in a facility that also processes peanut, cashews, milk products, nuts and sesame seeds.",6 Months,75,200,"
ROCHIRAM FOODS PRIVATE LIMITED
Plot No. RTC-35, First And Second Floor, 
TTC Industrial Area, Rabale, Navi Mumbai - 4000701

FSSAI Lic. No. 11524998000612","70/- for 75g (per gm- 0.9/-)

180/- for 200g (per gm-0.9/-)",not_launched,100,566.7,16.19,44.59,2.91,,7.52,35.95,7.51,28.44,0,0,31.1,,,,,,,,,,
Launched products,Peanut Chikki,Rich in Protein (12.14g/75g and 16.19g/100g) | Rich in Dietary Fibre (5.64g/75g and 7.52g/100g) | No Added Sugar,"Peanuts,Fructo-Oligosaccharide (FOS)",75,"Contains Nuts. Manufactured in a facility that also processes peanut, cashews, milk products, nuts and sesame seeds.",6 Months,75,200,"
ROCHIRAM FOODS PRIVATE LIMITED
Plot No. RTC-35, First And Second Floor, 
TTC Industrial Area, Rabale, Navi Mumbai - 4000701

FSSAI Lic. No. 11524998000612","70/- for 75g (per gm- 0.9/-)

180/- for 200g (per gm-0.9/-)",not_launched,0,,,,,,,,,,,,,,4.25,3.37,,18.8,,,,,
Launched products,Coconut Chikki,Rich in Dietary Fibre | No Added Sugar | No Trans fat | Low Sodium,"Desiccated coconut, fructo-oligosachharide (FOS), cardamom powder",75,"Manufactured in a facility that also processes peanut, cashews, milk products, nuts and sesame seeds.",6 Months ,75,200,"
ROCHIRAM FOODS PRIVATE LIMITED
Plot No. RTC-35, First And Second Floor, 
TTC Industrial Area, Rabale, Navi Mumbai - 4000701

FSSAI Lic. No. 11524998000612","90 for 75g
(per gram 1.2)


225 for 200g
(per gram 1.12)",not_launched,75,471,3.6,33.59,1.13,,7.29,35.8,34,1.8,0,,37.87,,,,,,,,,,
Launched products,Coconut Chikki,Rich in Dietary Fibre | No Added Sugar | No Trans fat | Low Sodium,"Desiccated coconut, fructo-oligosachharide (FOS), cardamom powder",75,"Manufactured in a facility that also processes peanut, cashews, milk products, nuts and sesame seeds.",6 Months ,75,200,"
ROCHIRAM FOODS PRIVATE LIMITED
Plot No. RTC-35, First And Second Floor, 
TTC Industrial Area, Rabale, Navi Mumbai - 4000701

FSSAI Lic. No. 11524998000612","90 for 75g
(per gram 1.2)


225 for 200g
(per gram 1.12)",not_launched,100,628,4.81,44.79,1.51,,9.73,47.74,45.34,2.4,0,,50.5,,,,,,,,,,
Launched products,Coconut Chikki,Rich in Dietary Fibre | No Added Sugar | No Trans fat | Low Sodium,"Desiccated coconut, fructo-oligosachharide (FOS), cardamom powder",75,"Manufactured in a facility that also processes peanut, cashews, milk products, nuts and sesame seeds.",6 Months ,75,200,"
ROCHIRAM FOODS PRIVATE LIMITED
Plot No. RTC-35, First And Second Floor, 
TTC Industrial Area, Rabale, Navi Mumbai - 4000701

FSSAI Lic. No. 11524998000612","90 for 75g
(per gram 1.2)


225 for 200g
(per gram 1.12)",not_launched,0,,,,,,,,,,,,,,4.71,1.34,,4.87,,,,,
Launched products,Baked Mathri,Rich in protein | No refined wheat flour | Baked | No Palm oil,"Whole wheat flour, rice flour, edible vegetable oil (olive oil), salt, red chilli powder, turmeric powder, dried fenugreek powder, chaat masala",68,Contains  wheat,3 months,68,195,"
Krrunch It

Address: 65, Hathroi Fort, Harikishan Somani Marg, Jaipur, Rajasthan - 302001
FSSAI Lic. No.22220041000627","

70 for 68g (per gm-1.02/-)
190 for 195g (per gm- 0.97/-)
",not_launched,68,265.88,7.65,43,0,,,7,,,,,,,13.3,14.2,,,10.4,,,,
Launched products,Baked Mathri,Rich in protein | No refined wheat flour | Baked | No Palm oil,"Whole wheat flour, rice flour, edible vegetable oil (olive oil), salt, red chilli powder, turmeric powder, dried fenugreek powder, chaat masala",68,Contains  wheat,3 months,68,195,"
Krrunch It

Address: 65, Hathroi Fort, Harikishan Somani Marg, Jaipur, Rajasthan - 302001
FSSAI Lic. No.22220041000627","

70 for 68g (per gm-1.02/-)
190 for 195g (per gm- 0.97/-)
",not_launched,100,391,11.26,63.34,0,,,10.3,,,,,,,,,,,,,,,
New launches,Protein Pudina Bhujia,1. High Protein | 2. Baked Not Fried | 3. Rich in dietary Fibre,"
Gram Flour, black gram flour, soy protein isolate, rice flour, seasoning  [spices & spice extract (onion powder, mint leaves,coriander powder, red chilli powder, garlic powder, turmeric powder, mango powder), iodised Salt, sugar, dextrin, acidity regulator (INS330)], rice bran oil.




",30,"Contains soy (from soy protein) and processed in a facility that also processes nuts, seeds and milk based products.","9 months
 store in a cool, dry place away from direct sunlight",6570,180170,"DIVINUTTY PRODUCTS PRIVATE LIMITED
F-112 Mewar Industrial Area RIICO Road No.01, Kaladwas Industrial Area, Udaipur,
Rajasthan-313003

FSSAI Lic. No. 12222042000021
","65gm for 70/-
(per gram 1.07/-)
180gm for 170/-
(per gram 0.94/-)
",not_launched,100,491.2,24.89,50.48,6.54,3.96,6.87,21.08,6.41,14.67,0.1,0,796.93,,,,,,,,,,
New launches,Protein Pudina Bhujia,1. High Protein | 2. Baked Not Fried | 3. Rich in dietary Fibre,"
Gram Flour, black gram flour, soy protein isolate, rice flour, seasoning  [spices & spice extract (onion powder, mint leaves,coriander powder, red chilli powder, garlic powder, turmeric powder, mango powder), iodised Salt, sugar, dextrin, acidity regulator (INS330)], rice bran oil.




",30,"Contains soy (from soy protein) and processed in a facility that also processes nuts, seeds and milk based products.","9 months
 store in a cool, dry place away from direct sunlight",6570,180170,"DIVINUTTY PRODUCTS PRIVATE LIMITED
F-112 Mewar Industrial Area RIICO Road No.01, Kaladwas Industrial Area, Udaipur,
Rajasthan-313003

FSSAI Lic. No. 12222042000021
","65gm for 70/-
(per gram 1.07/-)
180gm for 170/-
(per gram 0.94/-)
",not_launched,180,828.68,41.36,103.52,3.35,1.098,18.68,27.68,7.47,20.21,0,0,1300.5,,,,,,,,,,
New launches,Protein Pudina Bhujia,1. High Protein | 2. Baked Not Fried | 3. Rich in dietary Fibre,"
Gram Flour, black gram flour, soy protein isolate, rice flour, seasoning  [spices & spice extract (onion powder, mint leaves,coriander powder, red chilli powder, garlic powder, turmeric powder, mango powder), iodised Salt, sugar, dextrin, acidity regulator (INS330)], rice bran oil.




",30,"Contains soy (from soy protein) and processed in a facility that also processes nuts, seeds and milk based products.","9 months
 store in a cool, dry place away from direct sunlight",6570,180170,"DIVINUTTY PRODUCTS PRIVATE LIMITED
F-112 Mewar Industrial Area RIICO Road No.01, Kaladwas Industrial Area, Udaipur,
Rajasthan-313003

FSSAI Lic. No. 12222042000021
","65gm for 70/-
(per gram 1.07/-)
180gm for 170/-
(per gram 0.94/-)
",not_launched,75,345.28,17.23,43.13,1.39,0.45,7.78,11.53,3.11,8.42,0,0,541.87,,,,,,,,,,
New launches,Protein Pudina Bhujia,1. High Protein | 2. Baked Not Fried | 3. Rich in dietary Fibre,"
Gram Flour, black gram flour, soy protein isolate, rice flour, seasoning  [spices & spice extract (onion powder, mint leaves,coriander powder, red chilli powder, garlic powder, turmeric powder, mango powder), iodised Salt, sugar, dextrin, acidity regulator (INS330)], rice bran oil.




",30,"Contains soy (from soy protein) and processed in a facility that also processes nuts, seeds and milk based products.","9 months
 store in a cool, dry place away from direct sunlight",6570,180170,"DIVINUTTY PRODUCTS PRIVATE LIMITED
F-112 Mewar Industrial Area RIICO Road No.01, Kaladwas Industrial Area, Udaipur,
Rajasthan-313003

FSSAI Lic. No. 12222042000021
","65gm for 70/-
(per gram 1.07/-)
180gm for 170/-
(per gram 0.94/-)
",not_launched,65,299.24,14.94,37.38,1.21,0.39,6.75,9.99,2.69,7.29,0,0,469.63,,,,,,,,,,
New launches,Protein Pudina Bhujia,1. High Protein | 2. Baked Not Fried | 3. Rich in dietary Fibre,"
Gram Flour, black gram flour, soy protein isolate, rice flour, seasoning  [spices & spice extract (onion powder, mint leaves,coriander powder, red chilli powder, garlic powder, turmeric powder, mango powder), iodised Salt, sugar, dextrin, acidity regulator (INS330)], rice bran oil.




",30,"Contains soy (from soy protein) and processed in a facility that also processes nuts, seeds and milk based products.","9 months
 store in a cool, dry place away from direct sunlight",6570,180170,"DIVINUTTY PRODUCTS PRIVATE LIMITED
F-112 Mewar Industrial Area RIICO Road No.01, Kaladwas Industrial Area, Udaipur,
Rajasthan-313003

FSSAI Lic. No. 12222042000021
","65gm for 70/-
(per gram 1.07/-)
180gm for 170/-
(per gram 0.94/-)
",not_launched,60,276.22,13.79,34.51,1.12,0.37,6.23,9.23,2.49,6.74,0,0,433.5,,,,,,,,,,
New launches,Protein Pudina Bhujia,1. High Protein | 2. Baked Not Fried | 3. Rich in dietary Fibre,"
Gram Flour, black gram flour, soy protein isolate, rice flour, seasoning  [spices & spice extract (onion powder, mint leaves,coriander powder, red chilli powder, garlic powder, turmeric powder, mango powder), iodised Salt, sugar, dextrin, acidity regulator (INS330)], rice bran oil.




",30,"Contains soy (from soy protein) and processed in a facility that also processes nuts, seeds and milk based products.","9 months
 store in a cool, dry place away from direct sunlight",6570,180170,"DIVINUTTY PRODUCTS PRIVATE LIMITED
F-112 Mewar Industrial Area RIICO Road No.01, Kaladwas Industrial Area, Udaipur,
Rajasthan-313003

FSSAI Lic. No. 12222042000021
","65gm for 70/-
(per gram 1.07/-)
180gm for 170/-
(per gram 0.94/-)
",not_launched,45,207.17,10.34,25.88,0.84,0.27,4.67,6.9,1.87,5.05,0,0,325.13,,,,,,,,,,
New launches,Protein Pudina Bhujia,1. High Protein | 2. Baked Not Fried | 3. Rich in dietary Fibre,"
Gram Flour, black gram flour, soy protein isolate, rice flour, seasoning  [spices & spice extract (onion powder, mint leaves,coriander powder, red chilli powder, garlic powder, turmeric powder, mango powder), iodised Salt, sugar, dextrin, acidity regulator (INS330)], rice bran oil.




",30,"Contains soy (from soy protein) and processed in a facility that also processes nuts, seeds and milk based products.","9 months
 store in a cool, dry place away from direct sunlight",6570,180170,"DIVINUTTY PRODUCTS PRIVATE LIMITED
F-112 Mewar Industrial Area RIICO Road No.01, Kaladwas Industrial Area, Udaipur,
Rajasthan-313003

FSSAI Lic. No. 12222042000021
","65gm for 70/-
(per gram 1.07/-)
180gm for 170/-
(per gram 0.94/-)
",not_launched,40,184.15,9.19,23,0.74,0.24,4.152,6.15,1.66,4.49,0,0,289,,9.2,17,0.5,13.8,,,,,
New launches,Protein Pudina Bhujia,1. High Protein | 2. Baked Not Fried | 3. Rich in dietary Fibre,"
Gram Flour, black gram flour, soy protein isolate, rice flour, seasoning  [spices & spice extract (onion powder, mint leaves,coriander powder, red chilli powder, garlic powder, turmeric powder, mango powder), iodised Salt, sugar, dextrin, acidity regulator (INS330)], rice bran oil.




",30,"Contains soy (from soy protein) and processed in a facility that also processes nuts, seeds and milk based products.","9 months
 store in a cool, dry place away from direct sunlight",6570,180170,"DIVINUTTY PRODUCTS PRIVATE LIMITED
F-112 Mewar Industrial Area RIICO Road No.01, Kaladwas Industrial Area, Udaipur,
Rajasthan-313003

FSSAI Lic. No. 12222042000021
","65gm for 70/-
(per gram 1.07/-)
180gm for 170/-
(per gram 0.94/-)
",not_launched,30,138.11,6.89,17.25,0.56,0.18,3.11,4.61,1.25,3.37,0,0,216.75,,6.9,12.8,0.4,10.4,,,,,
New launches,Protein Masala Bhujia,High Protein | Baked Not Fried | Rich in dietary Fibre,"Gram Flour, black gram flour, soy protein isolate, rice flour, seasoning [spices & condiments
 (onion, chilli, coriander powder, garlic powder, cumin, nutmeg, dehydratyed mango powder), corn starch, iodised salt, sugar, black salt, yeast extract, acidity regulator (INS 330), anticaking agent (INS 551)], rice bran oil.

",30,"Contains soy (from soy protein) and processed in a facility that also processes nuts, seeds and milk based products.","9 months
store in a cool, dry place away from direct sunlight",6570,180170,"DIVINUTTY PRODUCTS PRIVATE LIMITED
F-112 Mewar Industrial Area RIICO Road No.01, Kaladwas Industrial Area, Udaipur,
Rajasthan-313003

FSSAI Lic. No. 12222042000021","65gm for 70/-
(per gram 1.07/-)
180gm for 170/-
(per gram 0.94/-)",not_launched,100,484.74,21.81,54.15,7.94,4.75,6.5,20.1,4.83,15.2,0.1,1,647.9,,23.38,40.4,1.2,36.1,,,,,
New launches,Protein Masala Bhujia,High Protein | Baked Not Fried | Rich in dietary Fibre,"Gram Flour, black gram flour, soy protein isolate, rice flour, seasoning [spices & condiments
 (onion, chilli, coriander powder, garlic powder, cumin, nutmeg, dehydratyed mango powder), corn starch, iodised salt, sugar, black salt, yeast extract, acidity regulator (INS 330), anticaking agent (INS 551)], rice bran oil.

",30,"Contains soy (from soy protein) and processed in a facility that also processes nuts, seeds and milk based products.","9 months
store in a cool, dry place away from direct sunlight",6570,180170,"DIVINUTTY PRODUCTS PRIVATE LIMITED
F-112 Mewar Industrial Area RIICO Road No.01, Kaladwas Industrial Area, Udaipur,
Rajasthan-313003

FSSAI Lic. No. 12222042000021","65gm for 70/-
(per gram 1.07/-)
180gm for 170/-
(per gram 0.94/-)",not_launched,180,838.04,39.29,98.69,3.92,1.09,19.48,31.79,10,21.78,0,0,1166.04,,,,,,,,,,
New launches,Protein Masala Bhujia,High Protein | Baked Not Fried | Rich in dietary Fibre,"Gram Flour, black gram flour, soy protein isolate, rice flour, seasoning [spices & condiments
 (onion, chilli, coriander powder, garlic powder, cumin, nutmeg, dehydratyed mango powder), corn starch, iodised salt, sugar, black salt, yeast extract, acidity regulator (INS 330), anticaking agent (INS 551)], rice bran oil.

",30,"Contains soy (from soy protein) and processed in a facility that also processes nuts, seeds and milk based products.","9 months
store in a cool, dry place away from direct sunlight",6570,180170,"DIVINUTTY PRODUCTS PRIVATE LIMITED
F-112 Mewar Industrial Area RIICO Road No.01, Kaladwas Industrial Area, Udaipur,
Rajasthan-313003

FSSAI Lic. No. 12222042000021","65gm for 70/-
(per gram 1.07/-)
180gm for 170/-
(per gram 0.94/-)",not_launched,65,302.62,14.19,35.64,1.42,0.39,7.03,11.48,3.61,7.87,0,0,421.07,,,,,,,,,,
New launches,Protein Masala Bhujia,High Protein | Baked Not Fried | Rich in dietary Fibre,"Gram Flour, black gram flour, soy protein isolate, rice flour, seasoning [spices & condiments
 (onion, chilli, coriander powder, garlic powder, cumin, nutmeg, dehydratyed mango powder), corn starch, iodised salt, sugar, black salt, yeast extract, acidity regulator (INS 330), anticaking agent (INS 551)], rice bran oil.

",30,"Contains soy (from soy protein) and processed in a facility that also processes nuts, seeds and milk based products.","9 months
store in a cool, dry place away from direct sunlight",6570,180170,"DIVINUTTY PRODUCTS PRIVATE LIMITED
F-112 Mewar Industrial Area RIICO Road No.01, Kaladwas Industrial Area, Udaipur,
Rajasthan-313003

FSSAI Lic. No. 12222042000021","65gm for 70/-
(per gram 1.07/-)
180gm for 170/-
(per gram 0.94/-)",not_launched,60,279.34,13.09,32.89,1.31,0.36,6.49,10.59,3.34,7.26,0,0,388.68,,14,24.3,0.7,21.6,,,,,
New launches,Protein Masala Bhujia,High Protein | Baked Not Fried | Rich in dietary Fibre,"Gram Flour, black gram flour, soy protein isolate, rice flour, seasoning [spices & condiments
 (onion, chilli, coriander powder, garlic powder, cumin, nutmeg, dehydratyed mango powder), corn starch, iodised salt, sugar, black salt, yeast extract, acidity regulator (INS 330), anticaking agent (INS 551)], rice bran oil.

",30,"Contains soy (from soy protein) and processed in a facility that also processes nuts, seeds and milk based products.","9 months
store in a cool, dry place away from direct sunlight",6570,180170,"DIVINUTTY PRODUCTS PRIVATE LIMITED
F-112 Mewar Industrial Area RIICO Road No.01, Kaladwas Industrial Area, Udaipur,
Rajasthan-313003

FSSAI Lic. No. 12222042000021","65gm for 70/-
(per gram 1.07/-)
180gm for 170/-
(per gram 0.94/-)",not_launched,45,209.51,9.82,24.67,0.981,0.27,4.87,7.95,2.5,5.45,0,0,291.51,,10.5,18.2,0.55,16.2,,,,,
New launches,Protein Masala Bhujia,High Protein | Baked Not Fried | Rich in dietary Fibre,"Gram Flour, black gram flour, soy protein isolate, rice flour, seasoning [spices & condiments
 (onion, chilli, coriander powder, garlic powder, cumin, nutmeg, dehydratyed mango powder), corn starch, iodised salt, sugar, black salt, yeast extract, acidity regulator (INS 330), anticaking agent (INS 551)], rice bran oil.

",30,"Contains soy (from soy protein) and processed in a facility that also processes nuts, seeds and milk based products.","9 months
store in a cool, dry place away from direct sunlight",6570,180170,"DIVINUTTY PRODUCTS PRIVATE LIMITED
F-112 Mewar Industrial Area RIICO Road No.01, Kaladwas Industrial Area, Udaipur,
Rajasthan-313003

FSSAI Lic. No. 12222042000021","65gm for 70/-
(per gram 1.07/-)
180gm for 170/-
(per gram 0.94/-)",not_launched,30,139.67,6.55,16.45,0.65,0.18,3.25,5.3,1.67,3.63,0,0,194.34,,7,12.1,0.37,10.8,,,,,
New launches,Protein Brownie,Rich in Protein | Rich in Dietary Fibre | No Palm Oil | No Refined Sugar | No Preservatives | Packed with Healthy Fats | Enriched with the goodness of Prebiotic Fibre | About 207 Kcal per brownie,"Date paste, cashews, whole milk powder, pea protein powder, almond flakes, cocoa powder, fructooligosaccharide, whey protein powder, almond butter, vanilla flavour.",50,"Contains milk & milk derivatives and nuts. Made in a facility that also processes seeds, berries & grains. ",6 months,,,"Arjava Nutrition Private Limited
A-5/O, First Floor, Sector 80, Noida 201305, Uttar Pradesh


FSSAI LIC. No. 12722999000398","100/- for 50 grams 

(2/- per gram)",not_launched,50,207.1,12.26,24.735,16.75,,4.375,6.57,1.75,4.82,0,1.835,99.3,,10.4,22.7,,14.6,9.8,8,1.3,5,
New launches,Protein Brownie,Rich in Protein | Rich in Dietary Fibre | No Palm Oil | No Refined Sugar | No Preservatives | Packed with Healthy Fats | Enriched with the goodness of Prebiotic Fibre | About 207 Kcal per brownie,"Date paste, cashews, whole milk powder, pea protein powder, almond flakes, cocoa powder, fructooligosaccharide, whey protein powder, almond butter, vanilla flavour.",50,"Contains milk & milk derivatives and nuts. Made in a facility that also processes seeds, berries & grains. ",6 months,,,"Arjava Nutrition Private Limited
A-5/O, First Floor, Sector 80, Noida 201305, Uttar Pradesh


FSSAI LIC. No. 12722999000398","100/- for 50 grams 

(2/- per gram)",not_launched,100,414.2,24.52,49.47,33.5,,8.75,13.14,3.5,9.64,0,3.67,198.6,,,,,,,,,,
New launches,Cream & Onion Jowar puffs,No palm oil | Source of protein | Rich in dietary fibre | Roasted,"Jowar flour, rice flour, tapioca starch, corn grits, rice bran oil

Seasoning: Spices and condiments( onion,garlic,parsley), milk solids, cheese powder, iodised salt, sugar, flavour enhancers(INS 621), acidity regulator (INS 330)
CONTAINS ADDED FLAVOUR (NATURAL AND NATURE IDENTICAL FLAVOURING SUBSTANCES)",35,"Contains milk & milk products. Manufactured in a facility that also processes wheat, peanuts, soybean, milk, nuts, mustard and sesame",3 months,35,105,"
AMRUD SNACK LIMITED
GALA NO.1, B2 & B3, BHARAT
COMPOUND, SURVEY NO.219, OPP. DODHIA
PETROL PUMP, KASHIMIRA, MIRA ROAD (E).
DIST. THANE, MAHARASHTRA- 401107

FSSAI Lic. No. 11517020000417","Small packet -38gm for 40/-
Large packet - 105 gm for 115/-",not_launched,18,90.25,1.1,10.22,0.38,0.11,1.5,4.99,1.47,3.52,0,0,131.59,,4.5,2,0.2,5,,6.7,0.5,6.6,
New launches,Cream & Onion Jowar puffs,No palm oil | Source of protein | Rich in dietary fibre | Roasted,"Jowar flour, rice flour, tapioca starch, corn grits, rice bran oil

Seasoning: Spices and condiments( onion,garlic,parsley), milk solids, cheese powder, iodised salt, sugar, flavour enhancers(INS 621), acidity regulator (INS 330)
CONTAINS ADDED FLAVOUR (NATURAL AND NATURE IDENTICAL FLAVOURING SUBSTANCES)",35,"Contains milk & milk products. Manufactured in a facility that also processes wheat, peanuts, soybean, milk, nuts, mustard and sesame",3 months,35,105,"
AMRUD SNACK LIMITED
GALA NO.1, B2 & B3, BHARAT
COMPOUND, SURVEY NO.219, OPP. DODHIA
PETROL PUMP, KASHIMIRA, MIRA ROAD (E).
DIST. THANE, MAHARASHTRA- 401107

FSSAI Lic. No. 11517020000417","Small packet -38gm for 40/-
Large packet - 105 gm for 115/-",not_launched,30,150.4,1.83,17.05,0.63,0.2,2.5,8.32,2.45,5.9,0,0,219.33,,7.5,3.4,0.4,8.3,12.4,11.1,0.8,11,
New launches,Cream & Onion Jowar puffs,No palm oil | Source of protein | Rich in dietary fibre | Roasted,"Jowar flour, rice flour, tapioca starch, corn grits, rice bran oil

Seasoning: Spices and condiments( onion,garlic,parsley), milk solids, cheese powder, iodised salt, sugar, flavour enhancers(INS 621), acidity regulator (INS 330)
CONTAINS ADDED FLAVOUR (NATURAL AND NATURE IDENTICAL FLAVOURING SUBSTANCES)",35,"Contains milk & milk products. Manufactured in a facility that also processes wheat, peanuts, soybean, milk, nuts, mustard and sesame",3 months,35,105,"
AMRUD SNACK LIMITED
GALA NO.1, B2 & B3, BHARAT
COMPOUND, SURVEY NO.219, OPP. DODHIA
PETROL PUMP, KASHIMIRA, MIRA ROAD (E).
DIST. THANE, MAHARASHTRA- 401107

FSSAI Lic. No. 11517020000417","Small packet -38gm for 40/-
Large packet - 105 gm for 115/-",not_launched,35,175.49,2.14,19.89,0.74,0.23,2.9,9.7,2.85,6.8,0,0,255.8,,8.77,3.96,0.46,9.73,,13,0.8,12.79,
New launches,Cream & Onion Jowar puffs,No palm oil | Source of protein | Rich in dietary fibre | Roasted,"Jowar flour, rice flour, tapioca starch, corn grits, rice bran oil

Seasoning: Spices and condiments( onion,garlic,parsley), milk solids, cheese powder, iodised salt, sugar, flavour enhancers(INS 621), acidity regulator (INS 330)
CONTAINS ADDED FLAVOUR (NATURAL AND NATURE IDENTICAL FLAVOURING SUBSTANCES)",35,"Contains milk & milk products. Manufactured in a facility that also processes wheat, peanuts, soybean, milk, nuts, mustard and sesame",3 months,35,105,"
AMRUD SNACK LIMITED
GALA NO.1, B2 & B3, BHARAT
COMPOUND, SURVEY NO.219, OPP. DODHIA
PETROL PUMP, KASHIMIRA, MIRA ROAD (E).
DIST. THANE, MAHARASHTRA- 401107

FSSAI Lic. No. 11517020000417","Small packet -38gm for 40/-
Large packet - 105 gm for 115/-",not_launched,38,190.53,2.32,21.59,0.8,0.25,3.16,10.53,3.1,7.43,0,0,277.81,,,,,,,,,,
New launches,Cream & Onion Jowar puffs,No palm oil | Source of protein | Rich in dietary fibre | Roasted,"Jowar flour, rice flour, tapioca starch, corn grits, rice bran oil

Seasoning: Spices and condiments( onion,garlic,parsley), milk solids, cheese powder, iodised salt, sugar, flavour enhancers(INS 621), acidity regulator (INS 330)
CONTAINS ADDED FLAVOUR (NATURAL AND NATURE IDENTICAL FLAVOURING SUBSTANCES)",35,"Contains milk & milk products. Manufactured in a facility that also processes wheat, peanuts, soybean, milk, nuts, mustard and sesame",3 months,35,105,"
AMRUD SNACK LIMITED
GALA NO.1, B2 & B3, BHARAT
COMPOUND, SURVEY NO.219, OPP. DODHIA
PETROL PUMP, KASHIMIRA, MIRA ROAD (E).
DIST. THANE, MAHARASHTRA- 401107

FSSAI Lic. No. 11517020000417","Small packet -38gm for 40/-
Large packet - 105 gm for 115/-",not_launched,100,501.4,6.12,56.83,2.12,0.66,8.34,27.73,8.17,19.56,0,0,731.1,,,,,,,,,,
New launches,High Protein Popped Chips - Pani Puri,Rich in Protein | Rich in Dietary Fibre | No Palm Oil,"Chickpea flour, rice flour, soya protein concentrate, dehydrated potato, tapioca starch, salt, edible vegetable oil (sunflower oil)

Seasoning: Spice & spice extracts ( red chilli powder, black salt, cumin powder, amchur powder, black pepper powder, ginger powder, coriander powder, turmeric powder, fennel powder, cinnamon powder, bay leaf powder, black cardamom powder),maltodextrin, sugar, salt, acidity regulator (INS330), natural colour (INS141 (i)).
CONTAINS ADDED NATURAL & NATURE IDENTICAL FLAVOURING SUBSTANCE(S).
",30,Contains milk solids and soya,6 months,32,63,"MADON PURE FOODS PVT. LTD.

AW 104 – 106, Rajlaxmi Commercial Complex, Opposite Haldiram Red Gate, Kahler, Bhiwandi, 421302, India.

FSSAI Lic. No: 11517018000565","32gm for 60/-
63gm for 115/-",not_launched,100,485,25,85.3,4.05,4.05,8.03,10.18,3.25,,0,0,771.8,,24.2,46.29,8.1,26.8,,,,,
New launches,High Protein Popped Chips - Pani Puri,Rich in Protein | Rich in Dietary Fibre | No Palm Oil,"Chickpea flour, rice flour, soya protein concentrate, dehydrated potato, tapioca starch, salt, edible vegetable oil (sunflower oil)

Seasoning: Spice & spice extracts ( red chilli powder, black salt, cumin powder, amchur powder, black pepper powder, ginger powder, coriander powder, turmeric powder, fennel powder, cinnamon powder, bay leaf powder, black cardamom powder),maltodextrin, sugar, salt, acidity regulator (INS330), natural colour (INS141 (i)).
CONTAINS ADDED NATURAL & NATURE IDENTICAL FLAVOURING SUBSTANCE(S).
",30,Contains milk solids and soya,6 months,32,63,"MADON PURE FOODS PVT. LTD.

AW 104 – 106, Rajlaxmi Commercial Complex, Opposite Haldiram Red Gate, Kahler, Bhiwandi, 421302, India.

FSSAI Lic. No: 11517018000565","32gm for 60/-
63gm for 115/-",not_launched,63,305.5,15.75,53.73,2.55,2.55,5.05,6.41,2.04,,0,0,486.23,,,,,,,,,,
New launches,High Protein Popped Chips - Pani Puri,Rich in Protein | Rich in Dietary Fibre | No Palm Oil,"Chickpea flour, rice flour, soya protein concentrate, dehydrated potato, tapioca starch, salt, edible vegetable oil (sunflower oil)

Seasoning: Spice & spice extracts ( red chilli powder, black salt, cumin powder, amchur powder, black pepper powder, ginger powder, coriander powder, turmeric powder, fennel powder, cinnamon powder, bay leaf powder, black cardamom powder),maltodextrin, sugar, salt, acidity regulator (INS330), natural colour (INS141 (i)).
CONTAINS ADDED NATURAL & NATURE IDENTICAL FLAVOURING SUBSTANCE(S).
",30,Contains milk solids and soya,6 months,32,63,"MADON PURE FOODS PVT. LTD.

AW 104 – 106, Rajlaxmi Commercial Complex, Opposite Haldiram Red Gate, Kahler, Bhiwandi, 421302, India.

FSSAI Lic. No: 11517018000565","32gm for 60/-
63gm for 115/-",not_launched,60,291,15,51.18,2.43,2.43,4.818,6.108,1.95,,0,0,463.08,,14.6,27.8,4.9,16,,,,,
New launches,High Protein Popped Chips - Pani Puri,Rich in Protein | Rich in Dietary Fibre | No Palm Oil,"Chickpea flour, rice flour, soya protein concentrate, dehydrated potato, tapioca starch, salt, edible vegetable oil (sunflower oil)

Seasoning: Spice & spice extracts ( red chilli powder, black salt, cumin powder, amchur powder, black pepper powder, ginger powder, coriander powder, turmeric powder, fennel powder, cinnamon powder, bay leaf powder, black cardamom powder),maltodextrin, sugar, salt, acidity regulator (INS330), natural colour (INS141 (i)).
CONTAINS ADDED NATURAL & NATURE IDENTICAL FLAVOURING SUBSTANCE(S).
",30,Contains milk solids and soya,6 months,32,63,"MADON PURE FOODS PVT. LTD.

AW 104 – 106, Rajlaxmi Commercial Complex, Opposite Haldiram Red Gate, Kahler, Bhiwandi, 421302, India.

FSSAI Lic. No: 11517018000565","32gm for 60/-
63gm for 115/-",not_launched,32,155.2,8,27.29,1.29,1.29,2.56,3.25,1.04,,0,0,246.97,,,,,,,,,,
New launches,High Protein Popped Chips - Pani Puri,Rich in Protein | Rich in Dietary Fibre | No Palm Oil,"Chickpea flour, rice flour, soya protein concentrate, dehydrated potato, tapioca starch, salt, edible vegetable oil (sunflower oil)

Seasoning: Spice & spice extracts ( red chilli powder, black salt, cumin powder, amchur powder, black pepper powder, ginger powder, coriander powder, turmeric powder, fennel powder, cinnamon powder, bay leaf powder, black cardamom powder),maltodextrin, sugar, salt, acidity regulator (INS330), natural colour (INS141 (i)).
CONTAINS ADDED NATURAL & NATURE IDENTICAL FLAVOURING SUBSTANCE(S).
",30,Contains milk solids and soya,6 months,32,63,"MADON PURE FOODS PVT. LTD.

AW 104 – 106, Rajlaxmi Commercial Complex, Opposite Haldiram Red Gate, Kahler, Bhiwandi, 421302, India.

FSSAI Lic. No: 11517018000565","32gm for 60/-
63gm for 115/-",not_launched,30,145.5,7.5,25.6,1.22,1.22,2.41,3.1,0.97,,0,0,231.6,,7.3,13.88,2.43,8,,,,,
New launches,High protein Popped Chips- Thai Chilli,Rich in Protein | Rich in Dietary Fibre | No Palm Oil,"Chickpea Flour, rice flour, soya protein concentrate, dehydrated potato, salt, tapioca starch, potato flakes, edible vegetable oil (sunflower oil)

Seasonings: Spices & condiments (chilli, garlic), dehydrated herbs, honey, Sugar, iodised salt, maltodextrin, acidity regulator (330), hydrolysed vegetable protein, anti caking agent (INS 551), flavouring substances (INS627, INS631). 
CONTAINS ADDED NATURAL & NATURE IDENTICAL FLAVOURING SUBSTANCE(S).
",30,Contains milk solids and soya,6 Months,32,63,"MADON PURE FOODS PVT. LTD.
AW 104 – 106, Rajlaxmi Commercial Complex, Opposite Haldiram Red Gate, Kahler, Bhiwandi, 421302, India.

FSSAI Lic. No. 11517018000565","32gm for 60/-
63gm for 115/-",not_launched,100,480,25,82.3,7.79,7.79,7.77,9.82,3.15,,0,0,605.4,,24,46.2,15.6,25.9,,,,,
New launches,High protein Popped Chips- Thai Chilli,Rich in Protein | Rich in Dietary Fibre | No Palm Oil,"Chickpea Flour, rice flour, soya protein concentrate, dehydrated potato, salt, tapioca starch, potato flakes, edible vegetable oil (sunflower oil)

Seasonings: Spices & condiments (chilli, garlic), dehydrated herbs, honey, Sugar, iodised salt, maltodextrin, acidity regulator (330), hydrolysed vegetable protein, anti caking agent (INS 551), flavouring substances (INS627, INS631). 
CONTAINS ADDED NATURAL & NATURE IDENTICAL FLAVOURING SUBSTANCE(S).
",30,Contains milk solids and soya,6 Months,32,63,"MADON PURE FOODS PVT. LTD.
AW 104 – 106, Rajlaxmi Commercial Complex, Opposite Haldiram Red Gate, Kahler, Bhiwandi, 421302, India.

FSSAI Lic. No. 11517018000565","32gm for 60/-
63gm for 115/-",not_launched,63,302.4,15.75,51.84,4.9,4.9,4.89,6.18,1.98,,0,0,381.4,,,,,,,,,,
New launches,High protein Popped Chips- Thai Chilli,Rich in Protein | Rich in Dietary Fibre | No Palm Oil,"Chickpea Flour, rice flour, soya protein concentrate, dehydrated potato, salt, tapioca starch, potato flakes, edible vegetable oil (sunflower oil)

Seasonings: Spices & condiments (chilli, garlic), dehydrated herbs, honey, Sugar, iodised salt, maltodextrin, acidity regulator (330), hydrolysed vegetable protein, anti caking agent (INS 551), flavouring substances (INS627, INS631). 
CONTAINS ADDED NATURAL & NATURE IDENTICAL FLAVOURING SUBSTANCE(S).
",30,Contains milk solids and soya,6 Months,32,63,"MADON PURE FOODS PVT. LTD.
AW 104 – 106, Rajlaxmi Commercial Complex, Opposite Haldiram Red Gate, Kahler, Bhiwandi, 421302, India.

FSSAI Lic. No. 11517018000565","32gm for 60/-
63gm for 115/-",not_launched,60,288,15,49.38,4.67,4.67,4.66,5.89,1.89,,0,0,363.24,,14.4,27.8,9.3,15.5,,,,,
New launches,High protein Popped Chips- Thai Chilli,Rich in Protein | Rich in Dietary Fibre | No Palm Oil,"Chickpea Flour, rice flour, soya protein concentrate, dehydrated potato, salt, tapioca starch, potato flakes, edible vegetable oil (sunflower oil)

Seasonings: Spices & condiments (chilli, garlic), dehydrated herbs, honey, Sugar, iodised salt, maltodextrin, acidity regulator (330), hydrolysed vegetable protein, anti caking agent (INS 551), flavouring substances (INS627, INS631). 
CONTAINS ADDED NATURAL & NATURE IDENTICAL FLAVOURING SUBSTANCE(S).
",30,Contains milk solids and soya,6 Months,32,63,"MADON PURE FOODS PVT. LTD.
AW 104 – 106, Rajlaxmi Commercial Complex, Opposite Haldiram Red Gate, Kahler, Bhiwandi, 421302, India.

FSSAI Lic. No. 11517018000565","32gm for 60/-
63gm for 115/-",not_launched,32,153.6,8,26.33,2.49,2.49,2.48,3.14,1,,0,0,193.7,,,,,,,,,,
New launches,High protein Popped Chips- Thai Chilli,Rich in Protein | Rich in Dietary Fibre | No Palm Oil,"Chickpea Flour, rice flour, soya protein concentrate, dehydrated potato, salt, tapioca starch, potato flakes, edible vegetable oil (sunflower oil)

Seasonings: Spices & condiments (chilli, garlic), dehydrated herbs, honey, Sugar, iodised salt, maltodextrin, acidity regulator (330), hydrolysed vegetable protein, anti caking agent (INS 551), flavouring substances (INS627, INS631). 
CONTAINS ADDED NATURAL & NATURE IDENTICAL FLAVOURING SUBSTANCE(S).
",30,Contains milk solids and soya,6 Months,32,63,"MADON PURE FOODS PVT. LTD.
AW 104 – 106, Rajlaxmi Commercial Complex, Opposite Haldiram Red Gate, Kahler, Bhiwandi, 421302, India.

FSSAI Lic. No. 11517018000565","32gm for 60/-
63gm for 115/-",not_launched,30,144,7.5,24.7,2.34,2.34,2.33,2.95,0.94,,0,0,181.62,,7.2,13.88,4.7,7.7,,,,,
New launches,Makhani Dip with Soya Chips,Soya Chips- | Rich in protein | Rich in Dietary fibre | No Palm Oil | Dips- No Palm Oil,"Masala Soya Chips- Soya flour (8%), tapioca starch, rice flour, white lentil flour, gram flour, refined vegetable (rice bran oil), masala seasoning [(dehydrated vegetable powder( pudina, tomato), dry mango powder, spice and spice extracts (black pepper, cumin, clove), black salt, iodised salt, maltodextrin, acidity regulators (INS 330, INS 331), anticaking agents( INS 551, INS 17(ii)), flavour enhancers (INS 631, INS 627)].
CONTAINS NATURAL FLAVOURING SUBSTANCE(S)- PUDINA/ TOMATO

Makhani Dip- Water, tomato paste, synthetic vinegar, (water, acetic acid (INS 260), refined soyabean oil, sugar, onions, milk solids, iodised salt, garlic, cheese, spices & condiments, green chillies, permitted stabilizers (INS 1422, INS 415), herbs, permitted preservatives (INS 211), permitted antioxidants (INS 319). 
CONTAINS ADDED FLAVOUR (NATURAL FLAVOURING SUBSTANCES).",56,"Contains soya and milk derivatives. Manufactured in a facility that also processes wheat, peanuts, soybean, milk, nuts, mustard and sesame.",Best Before 4.5 months from the date of manufacturing.,56,,"For Soya Chips 
Amrud Snack Limited
Gala No.1, B2 & B3, Bharat
Compound, Survey No.219, Opp. Dodhia
Petrol Pump, Kashimira, Mira Road (E).
Dist. Thane, Maharashtra- 401107

FSSAI Lic. No. 11517020000417

For Makhani Dip
VRB Consumer Products Pvt. Ltd
SP-17, RIICO Indistrial Area, Neemrana, Alwar, Rajasthan - 301705, India

FSSAI Lic. No. 1001303000578","56gm for 50/-
(0.89/- per gram) ",not_launched,28,146.7,3.58,14.5,1.87,0.59,1.73,8.26,3.8,4.3,0,0,116.2,,,,,,,,,,
New launches,Makhani Dip with Soya Chips,Soya Chips- | Rich in protein | Rich in Dietary fibre | No Palm Oil | Dips- No Palm Oil,"Masala Soya Chips- Soya flour (8%), tapioca starch, rice flour, white lentil flour, gram flour, refined vegetable (rice bran oil), masala seasoning [(dehydrated vegetable powder( pudina, tomato), dry mango powder, spice and spice extracts (black pepper, cumin, clove), black salt, iodised salt, maltodextrin, acidity regulators (INS 330, INS 331), anticaking agents( INS 551, INS 17(ii)), flavour enhancers (INS 631, INS 627)].
CONTAINS NATURAL FLAVOURING SUBSTANCE(S)- PUDINA/ TOMATO

Makhani Dip- Water, tomato paste, synthetic vinegar, (water, acetic acid (INS 260), refined soyabean oil, sugar, onions, milk solids, iodised salt, garlic, cheese, spices & condiments, green chillies, permitted stabilizers (INS 1422, INS 415), herbs, permitted preservatives (INS 211), permitted antioxidants (INS 319). 
CONTAINS ADDED FLAVOUR (NATURAL FLAVOURING SUBSTANCES).",56,"Contains soya and milk derivatives. Manufactured in a facility that also processes wheat, peanuts, soybean, milk, nuts, mustard and sesame.",Best Before 4.5 months from the date of manufacturing.,56,,"For Soya Chips 
Amrud Snack Limited
Gala No.1, B2 & B3, Bharat
Compound, Survey No.219, Opp. Dodhia
Petrol Pump, Kashimira, Mira Road (E).
Dist. Thane, Maharashtra- 401107

FSSAI Lic. No. 11517020000417

For Makhani Dip
VRB Consumer Products Pvt. Ltd
SP-17, RIICO Indistrial Area, Neemrana, Alwar, Rajasthan - 301705, India

FSSAI Lic. No. 1001303000578","56gm for 50/-
(0.89/- per gram) ",not_launched,0,,,,,,,,,,,,,,7.3,6.6,1.2,5.8,,,,,
New launches,Cheese Jowar chips,Source of Dietary fibre | No Palm oil,"Jowar flour, tapioca starch, rice flour, gram flour, white lentil, rice bran oil, iodised salt
 
Seasonings:Dehydrated blend of whey (from milk), partially hydrogenated soyabean oil, maltodextrin, turmeric extract, 
acidity regulator (INS 296), stabilizer (INS 339 ), anticaking agent (INS 551), paprika oleoresin.
CONTAINS NATURAL & NATURE IDENTICAL FLAVOURING SUBSTANCES- PAPRIKA",30,"Contains milk & soy products. Manufactured in a facility that also processes wheat, peanuts, soybean, milk, nuts, mustard and sesame",4 months,55,165,"Amrud Snack Limited
Gala No.1, B2 & B3, Bharat
Compound, Survey No.219, Opp. Dodhia
Petrol Pump, Kashimira, Mira Road (E).
Dist. Thane, Maharashtra- 401107

FSSAI Lic. No. 11517020000417
","55gm for 50/-
(0.9 /- per gram)

165gm for 145/-
(0.87/- per gram)",not_launched,20,108.92,0.84,11.82,0.54,0.17,0.97,6.47,2.29,,0.01,0.4,181.3,,5.5,1.6,0.3,3.2,9.7,10.4,0.5,9.1,
New launches,Cheese Jowar chips,Source of Dietary fibre | No Palm oil,"Jowar flour, tapioca starch, rice flour, gram flour, white lentil, rice bran oil, iodised salt
 
Seasonings:Dehydrated blend of whey (from milk), partially hydrogenated soyabean oil, maltodextrin, turmeric extract, 
acidity regulator (INS 296), stabilizer (INS 339 ), anticaking agent (INS 551), paprika oleoresin.
CONTAINS NATURAL & NATURE IDENTICAL FLAVOURING SUBSTANCES- PAPRIKA",30,"Contains milk & soy products. Manufactured in a facility that also processes wheat, peanuts, soybean, milk, nuts, mustard and sesame",4 months,55,165,"Amrud Snack Limited
Gala No.1, B2 & B3, Bharat
Compound, Survey No.219, Opp. Dodhia
Petrol Pump, Kashimira, Mira Road (E).
Dist. Thane, Maharashtra- 401107

FSSAI Lic. No. 11517020000417
","55gm for 50/-
(0.9 /- per gram)

165gm for 145/-
(0.87/- per gram)",not_launched,30,163.38,1.26,17.73,0.81,0.25,1.45,9.7,3.44,,0.015,0.6,271.95,,8.2,2.3,0.5,4.9,14.5,15.6,0.75,13.6,
New launches,Cheese Jowar chips,Source of Dietary fibre | No Palm oil,"Jowar flour, tapioca starch, rice flour, gram flour, white lentil, rice bran oil, iodised salt
 
Seasonings:Dehydrated blend of whey (from milk), partially hydrogenated soyabean oil, maltodextrin, turmeric extract, 
acidity regulator (INS 296), stabilizer (INS 339 ), anticaking agent (INS 551), paprika oleoresin.
CONTAINS NATURAL & NATURE IDENTICAL FLAVOURING SUBSTANCES- PAPRIKA",30,"Contains milk & soy products. Manufactured in a facility that also processes wheat, peanuts, soybean, milk, nuts, mustard and sesame",4 months,55,165,"Amrud Snack Limited
Gala No.1, B2 & B3, Bharat
Compound, Survey No.219, Opp. Dodhia
Petrol Pump, Kashimira, Mira Road (E).
Dist. Thane, Maharashtra- 401107

FSSAI Lic. No. 11517020000417
","55gm for 50/-
(0.9 /- per gram)

165gm for 145/-
(0.87/- per gram)",not_launched,55,299.53,2.31,32.53,1.49,0.46,2.67,17.79,6.3,,0.027,1.1,498.57,,,,,,,,,,
New launches,Cheese Jowar chips,Source of Dietary fibre | No Palm oil,"Jowar flour, tapioca starch, rice flour, gram flour, white lentil, rice bran oil, iodised salt
 
Seasonings:Dehydrated blend of whey (from milk), partially hydrogenated soyabean oil, maltodextrin, turmeric extract, 
acidity regulator (INS 296), stabilizer (INS 339 ), anticaking agent (INS 551), paprika oleoresin.
CONTAINS NATURAL & NATURE IDENTICAL FLAVOURING SUBSTANCES- PAPRIKA",30,"Contains milk & soy products. Manufactured in a facility that also processes wheat, peanuts, soybean, milk, nuts, mustard and sesame",4 months,55,165,"Amrud Snack Limited
Gala No.1, B2 & B3, Bharat
Compound, Survey No.219, Opp. Dodhia
Petrol Pump, Kashimira, Mira Road (E).
Dist. Thane, Maharashtra- 401107

FSSAI Lic. No. 11517020000417
","55gm for 50/-
(0.9 /- per gram)

165gm for 145/-
(0.87/- per gram)",not_launched,100,524.05,10.09,57,4.79,1,6.9,28.41,8.15,,0.1,2,929.37,,,,,,,,,,
New launches,Chatpata Jowar chips,Source of Dietary fibre | No Palm oil,"Jowar flour, tapioca starch, rice flour, gram flour, white lentil, rice bran oil, iodised salt, sugar

Seasonings:  Dehydrated vegetable powder (tomato, garlic, lemon & onion), dried mango powder, dry ginger powder, spices and condiments (clove, cumin, fennel, coriander powder), glucose powder, maltodextrin, dextrose, yeast extract, acidity regulators (INS 330, INS 296), anticaking agent (INS 551), flavour enhancers (INS 627, INS 631), paprika oleoresin (INS 160C)
CONTAINS NATURAL & NATURE IDENTICAL FLAVOURING SUBSTANCES- PAPRIKA",30," Manufactured in a facility that also processes wheat, peanuts, soybean, milk, nuts, mustard and sesame",4 months,55,165,"Amrud Snack Limited
Gala No.1, B2 & B3, Bharat
Compound, Survey No.219, Opp. Dodhia
Petrol Pump, Kashimira, Mira Road (E).
Dist. Thane, Maharashtra- 401107

FSSAI Lic. No. 11517020000417
","55gm for 50/-
(0.9 /- per gram)

165gm for 145/-
(0.87/- per gram)",not_launched,20,103.8,1.06,12.3,0.54,0.1,0.95,5.59,1.99,,0.01,0.4,242.92,,5.2,2,0.2,3.2,8.4,9,0.5,12.2,
New launches,Chatpata Jowar chips,Source of Dietary fibre | No Palm oil,"Jowar flour, tapioca starch, rice flour, gram flour, white lentil, rice bran oil, iodised salt, sugar

Seasonings:  Dehydrated vegetable powder (tomato, garlic, lemon & onion), dried mango powder, dry ginger powder, spices and condiments (clove, cumin, fennel, coriander powder), glucose powder, maltodextrin, dextrose, yeast extract, acidity regulators (INS 330, INS 296), anticaking agent (INS 551), flavour enhancers (INS 627, INS 631), paprika oleoresin (INS 160C)
CONTAINS NATURAL & NATURE IDENTICAL FLAVOURING SUBSTANCES- PAPRIKA",30," Manufactured in a facility that also processes wheat, peanuts, soybean, milk, nuts, mustard and sesame",4 months,55,165,"Amrud Snack Limited
Gala No.1, B2 & B3, Bharat
Compound, Survey No.219, Opp. Dodhia
Petrol Pump, Kashimira, Mira Road (E).
Dist. Thane, Maharashtra- 401107

FSSAI Lic. No. 11517020000417
","55gm for 50/-
(0.9 /- per gram)

165gm for 145/-
(0.87/- per gram)",not_launched,30,155.7,1.59,18.45,0.81,0.15,1.42,8.39,2.97,,0.015,0.6,364.38,,7.8,2.9,0.3,4.7,12.5,13.5,0.75,18.2,
New launches,Chatpata Jowar chips,Source of Dietary fibre | No Palm oil,"Jowar flour, tapioca starch, rice flour, gram flour, white lentil, rice bran oil, iodised salt, sugar

Seasonings:  Dehydrated vegetable powder (tomato, garlic, lemon & onion), dried mango powder, dry ginger powder, spices and condiments (clove, cumin, fennel, coriander powder), glucose powder, maltodextrin, dextrose, yeast extract, acidity regulators (INS 330, INS 296), anticaking agent (INS 551), flavour enhancers (INS 627, INS 631), paprika oleoresin (INS 160C)
CONTAINS NATURAL & NATURE IDENTICAL FLAVOURING SUBSTANCES- PAPRIKA",30," Manufactured in a facility that also processes wheat, peanuts, soybean, milk, nuts, mustard and sesame",4 months,55,165,"Amrud Snack Limited
Gala No.1, B2 & B3, Bharat
Compound, Survey No.219, Opp. Dodhia
Petrol Pump, Kashimira, Mira Road (E).
Dist. Thane, Maharashtra- 401107

FSSAI Lic. No. 11517020000417
","55gm for 50/-
(0.9 /- per gram)

165gm for 145/-
(0.87/- per gram)",not_launched,55,285.45,2.91,33.83,1.48,0.27,2.6,15.38,5.46,,0.027,1.1,668.03,,,,,,,,,,
New launches,Chatpata Jowar chips,Source of Dietary fibre | No Palm oil,"Jowar flour, tapioca starch, rice flour, gram flour, white lentil, rice bran oil, iodised salt, sugar

Seasonings:  Dehydrated vegetable powder (tomato, garlic, lemon & onion), dried mango powder, dry ginger powder, spices and condiments (clove, cumin, fennel, coriander powder), glucose powder, maltodextrin, dextrose, yeast extract, acidity regulators (INS 330, INS 296), anticaking agent (INS 551), flavour enhancers (INS 627, INS 631), paprika oleoresin (INS 160C)
CONTAINS NATURAL & NATURE IDENTICAL FLAVOURING SUBSTANCES- PAPRIKA",30," Manufactured in a facility that also processes wheat, peanuts, soybean, milk, nuts, mustard and sesame",4 months,55,165,"Amrud Snack Limited
Gala No.1, B2 & B3, Bharat
Compound, Survey No.219, Opp. Dodhia
Petrol Pump, Kashimira, Mira Road (E).
Dist. Thane, Maharashtra- 401107

FSSAI Lic. No. 11517020000417
","55gm for 50/-
(0.9 /- per gram)

165gm for 145/-
(0.87/- per gram)",not_launched,100,523.46,9.38,56.55,7.67,1,7.01,28.86,8.59,,0.1,1,1258.29,,,,,,,,,,
New launches,Sweet Chilli Jowar chips,Source of Protein | Rich in Dietary Fibre | No Palm oil,"Jowar flour, tapioca starch, rice flour, gram flour, white lentil, rice bran oil, iodised salt.

Seasonings:Spices and condiments (thai pepper powder, red chilli powder, black pepper), spray dried tamarind, dehydrated garlic  powder, spray dried apple vinegar, maltose, sugar, dextrose, acidity regulators (INS 330, INS 296), anticaking agent (INS 170(i)), flavour enhancers (INS 627, INS 631)
CONTAINS NATURAL & NATURE IDENTICAL FLAVOURING SUBSTANCES- RED CHILLI OIL.",30," Manufactured in a facility that also processes wheat, peanuts, soybean, milk, nuts, mustard and sesame",4 months,55,165,"Amrud Snack Limited
Gala No.1, B2 & B3, Bharat
Compound, Survey No.219, Opp. Dodhia
Petrol Pump, Kashimira, Mira Road (E).
Dist. Thane, Maharashtra- 401107

FSSAI Lic. No. 11517020000417
","55gm for 50/-
(0.9 /- per gram)

165gm for 145/-
(0.87/- per gram)",not_launched,20,104.3,1.95,11.68,1.73,1.06,1.37,5.52,1.36,4.16,0.02,0.2,206.16,,5.2,3.6,2.1,4.6,8.3,6.2,1,10.3,
New launches,Sweet Chilli Jowar chips,Source of Protein | Rich in Dietary Fibre | No Palm oil,"Jowar flour, tapioca starch, rice flour, gram flour, white lentil, rice bran oil, iodised salt.

Seasonings:Spices and condiments (thai pepper powder, red chilli powder, black pepper), spray dried tamarind, dehydrated garlic  powder, spray dried apple vinegar, maltose, sugar, dextrose, acidity regulators (INS 330, INS 296), anticaking agent (INS 170(i)), flavour enhancers (INS 627, INS 631)
CONTAINS NATURAL & NATURE IDENTICAL FLAVOURING SUBSTANCES- RED CHILLI OIL.",30," Manufactured in a facility that also processes wheat, peanuts, soybean, milk, nuts, mustard and sesame",4 months,55,165,"Amrud Snack Limited
Gala No.1, B2 & B3, Bharat
Compound, Survey No.219, Opp. Dodhia
Petrol Pump, Kashimira, Mira Road (E).
Dist. Thane, Maharashtra- 401107

FSSAI Lic. No. 11517020000417
","55gm for 50/-
(0.9 /- per gram)

165gm for 145/-
(0.87/- per gram)",not_launched,30,156.45,2.93,17.52,2.6,1.6,2.06,8.29,2.04,6.24,0.03,0.3,309.24,,7.8,5.4,3.2,6.9,12.4,9.3,1.5,15.5,
New launches,Sweet Chilli Jowar chips,Source of Protein | Rich in Dietary Fibre | No Palm oil,"Jowar flour, tapioca starch, rice flour, gram flour, white lentil, rice bran oil, iodised salt.

Seasonings:Spices and condiments (thai pepper powder, red chilli powder, black pepper), spray dried tamarind, dehydrated garlic  powder, spray dried apple vinegar, maltose, sugar, dextrose, acidity regulators (INS 330, INS 296), anticaking agent (INS 170(i)), flavour enhancers (INS 627, INS 631)
CONTAINS NATURAL & NATURE IDENTICAL FLAVOURING SUBSTANCES- RED CHILLI OIL.",30," Manufactured in a facility that also processes wheat, peanuts, soybean, milk, nuts, mustard and sesame",4 months,55,165,"Amrud Snack Limited
Gala No.1, B2 & B3, Bharat
Compound, Survey No.219, Opp. Dodhia
Petrol Pump, Kashimira, Mira Road (E).
Dist. Thane, Maharashtra- 401107

FSSAI Lic. No. 11517020000417
","55gm for 50/-
(0.9 /- per gram)

165gm for 145/-
(0.87/- per gram)",not_launched,55,286.83,5.37,32.12,4.76,2.93,3.78,15.2,3.75,11.44,0.06,0.55,566.94,,,,,,,,,,
New launches,Sweet Chilli Jowar chips,Source of Protein | Rich in Dietary Fibre | No Palm oil,"Jowar flour, tapioca starch, rice flour, gram flour, white lentil, rice bran oil, iodised salt.

Seasonings:Spices and condiments (thai pepper powder, red chilli powder, black pepper), spray dried tamarind, dehydrated garlic  powder, spray dried apple vinegar, maltose, sugar, dextrose, acidity regulators (INS 330, INS 296), anticaking agent (INS 170(i)), flavour enhancers (INS 627, INS 631)
CONTAINS NATURAL & NATURE IDENTICAL FLAVOURING SUBSTANCES- RED CHILLI OIL.",30," Manufactured in a facility that also processes wheat, peanuts, soybean, milk, nuts, mustard and sesame",4 months,55,165,"Amrud Snack Limited
Gala No.1, B2 & B3, Bharat
Compound, Survey No.219, Opp. Dodhia
Petrol Pump, Kashimira, Mira Road (E).
Dist. Thane, Maharashtra- 401107

FSSAI Lic. No. 11517020000417
","55gm for 50/-
(0.9 /- per gram)

165gm for 145/-
(0.87/- per gram)",not_launched,100,521.52,9.78,58.41,8.67,5.34,6.89,27.64,6.82,20.81,0.1,1,1030.8,,,,,,,,,,
New launches,Protein Biscuits,Rich in Protein | Source of Dietary fibre | No Palm Oil | No Refined sugar,"Flours (Jowar, wheat, coconut, oats), jaggery, fat (sunflower & coconut mix, butter), protein mix (plant & milk), skimmed milk powder, cashews, raising agents (503(ii), baking powder).",24,"Contains wheat, nuts & milk products",5 Months,72,216,"AADHYA NITYA FOODS
A-45, 1st Floor, Sec-A-4, Tronica City, Loni, Ghaziabad, Uttar Pradesh - 201103

FSSAI Lic. No. 12724052001070","72gm for 99/-
(1.39/- per gram)",not_launched,72,363.8,11.52,40.05,11.26,7.22,3.97,17.5,8.3,,0,0,141.55,,,,,,,,,,
New launches,Protein Biscuits,Rich in Protein | Source of Dietary fibre | No Palm Oil | No Refined sugar,"Flours (Jowar, wheat, coconut, oats), jaggery, fat (sunflower & coconut mix, butter), protein mix (plant & milk), skimmed milk powder, cashews, raising agents (503(ii), baking powder).",24,"Contains wheat, nuts & milk products",5 Months,72,216,"AADHYA NITYA FOODS
A-45, 1st Floor, Sec-A-4, Tronica City, Loni, Ghaziabad, Uttar Pradesh - 201103

FSSAI Lic. No. 12724052001070","72gm for 99/-
(1.39/- per gram)",not_launched,100,505.3,16,55.63,15.65,10.04,5.52,24.31,11.54,,0,0,196.6,,,,,,,,,,
New launches,Protein Biscuits,Rich in Protein | Source of Dietary fibre | No Palm Oil | No Refined sugar,"Flours (Jowar, wheat, coconut, oats), jaggery, fat (sunflower & coconut mix, butter), protein mix (plant & milk), skimmed milk powder, cashews, raising agents (503(ii), baking powder).",24,"Contains wheat, nuts & milk products",5 Months,72,216,"AADHYA NITYA FOODS
A-45, 1st Floor, Sec-A-4, Tronica City, Loni, Ghaziabad, Uttar Pradesh - 201103

FSSAI Lic. No. 12724052001070","72gm for 99/-
(1.39/- per gram)",not_launched,24,,,,,,,,,,,,,,6.1,7.1,4.9,4.4,,,,,
New launches,Choco Chunk Cookies,Source of Protein | Rich in Dietary fibre | No Palm oil | Made with jaggery | Made with Whole Wheat | No Refined Flour | No Refined Sugar,"Ingredients: Whole wheat flour, Sugar free chocolate, butter, jaggery powder, baking powder, salt, calcium propionate (INS 282)",50,"Contains wheat. 
Manufactured in a facility that also processes milk & nuts.",45 days,50,,"ONE SWEET DAY
A-102, 1st floor, Swami Sparsh CHS LTD, Magna Apartment, Fitwala Road, Opp Prabhadevi Railway Station, Delisle Road, Mumbai- 400013.

FSSAI Lic. No. 11524004000386","99/- for 50g
(1.98/- per gram)",not_launched,50,272.9,3.17,26.36,11.77,7.77,3.47,17.19,13.67,,0,5.39,86.75,,13.7,5.9,15.6,11.6,25.7,62.1,1.3,4.3,
New launches,Choco Chunk Cookies,Source of Protein | Rich in Dietary fibre | No Palm oil | Made with jaggery | Made with Whole Wheat | No Refined Flour | No Refined Sugar,"Ingredients: Whole wheat flour, Sugar free chocolate, butter, jaggery powder, baking powder, salt, calcium propionate (INS 282)",50,"Contains wheat. 
Manufactured in a facility that also processes milk & nuts.",45 days,50,,"ONE SWEET DAY
A-102, 1st floor, Swami Sparsh CHS LTD, Magna Apartment, Fitwala Road, Opp Prabhadevi Railway Station, Delisle Road, Mumbai- 400013.

FSSAI Lic. No. 11524004000386","99/- for 50g
(1.98/- per gram)",not_launched,100,545.8,6.34,52.72,23.55,15.55,6.94,34.39,27.35,,0,10.79,173.5,,,,,,,,,,
New launches,Hazelnut wafercubes,Rich In Protein | Source of Dietary fibre | No Palm Oil | No Refined sugar,,40,,,,,,,not_launched,40,211.8,4.71,21.11,8.6,8.17,1.75,12.05,4,8.05,0,0,66.52,,10.6,8.7,16.3,5.9,18,18.2,1,3.3,
New launches,Hazelnut wafercubes,Rich In Protein | Source of Dietary fibre | No Palm Oil | No Refined sugar,,40,,,,,,,not_launched,100,529.5,11.79,52.79,21.51,20.43,4.39,30.13,10,20.13,0,0,166.3,,,,,,,,,,
New launches,Peanut wafercubes,,,30,,,,,,,not_launched,40,204.08,5.85,20.83,4.92,2.83,2.62,10.81,3.9,,0,0,59.48,,10.2,10.8,5.6,8.7,16.1,17.7,1,2.9,
New launches,Peanut wafercubes,,,30,,,,,,,not_launched,100,510.2,14.63,52.09,12.32,7.09,6.55,27.04,9.75,17.29,0,0,148.7,,,,,,,,,,
New launches,Makhani Dip with Chatpata Jowar Chips,For Jowar Chips- | Source of Protein | Source of Dietary fibre | No Palm oil | For Makhni Dip- | No Palm Oil,"Chatpata Jowar Chips- Jowar flour, tapioca starch, rice flour, gram flour, white lentil, rice bran oil, iodised salt, sugar. Seasonings:  Dehydrated vegetable powder (tomato, garlic, lemon & onion), dried mango powder, dry ginger powder, spices and condiments (clove, cumin, fennel, coriander powder), glucose powder, maltodextrin, dextrose, yeast extract, acidity regulators (INS 330, INS 296), anticaking agent (INS 551), flavour enhancers (INS 627, INS 631), paprika oleoresin (INS 160C)
CONTAINS NATURAL & NATURE IDENTICAL FLAVOURING SUBSTANCES- PAPRIKA

Makhani Dip- Water, tomato paste, synthetic vinegar, (water, acetic acid (INS 260), refined soyabean oil, sugar, onions, milk solids, iodised salt, garlic, cheese, spices & condiments, green chillies, permitted stabilizers (INS 1422, INS 415), herbs, permitted preservatives (INS 211), permitted antioxidants (INS 319). 
CONTAINS ADDED FLAVOUR (NATURAL FLAVOURING SUBSTANCES).
",56,"Contains milk derivatives. Manufactured in a facility that also processes wheat, peanuts, soybean, milk, nuts, mustard and sesame.",Best Before 4.5 months from the date of manufacturing.,56,,"For Jowar Chips 
Amrud Snack Limited
Gala No.1, B2 & B3, Bharat
Compound, Survey No.219, Opp. Dodhia
Petrol Pump, Kashimira, Mira Road (E).
Dist. Thane, Maharashtra- 401107

FSSAI Lic. No. 11517020000417

For Makhani Dip
VRB Consumer Products Pvt. Ltd
SP-17, RIICO Indistrial Area, Neemrana, Alwar, Rajasthan - 301705, India

FSSAI Lic. No. 1001303000578",,not_launched,28,145.32,1.48,17.22,0.75,0.14,1.32,7.83,2.78,,0,0,340,,,,,,,,,,
New launches,Makhani Dip with Chatpata Jowar Chips,For Jowar Chips- | Source of Protein | Source of Dietary fibre | No Palm oil | For Makhni Dip- | No Palm Oil,"Chatpata Jowar Chips- Jowar flour, tapioca starch, rice flour, gram flour, white lentil, rice bran oil, iodised salt, sugar. Seasonings:  Dehydrated vegetable powder (tomato, garlic, lemon & onion), dried mango powder, dry ginger powder, spices and condiments (clove, cumin, fennel, coriander powder), glucose powder, maltodextrin, dextrose, yeast extract, acidity regulators (INS 330, INS 296), anticaking agent (INS 551), flavour enhancers (INS 627, INS 631), paprika oleoresin (INS 160C)
CONTAINS NATURAL & NATURE IDENTICAL FLAVOURING SUBSTANCES- PAPRIKA

Makhani Dip- Water, tomato paste, synthetic vinegar, (water, acetic acid (INS 260), refined soyabean oil, sugar, onions, milk solids, iodised salt, garlic, cheese, spices & condiments, green chillies, permitted stabilizers (INS 1422, INS 415), herbs, permitted preservatives (INS 211), permitted antioxidants (INS 319). 
CONTAINS ADDED FLAVOUR (NATURAL FLAVOURING SUBSTANCES).
",56,"Contains milk derivatives. Manufactured in a facility that also processes wheat, peanuts, soybean, milk, nuts, mustard and sesame.",Best Before 4.5 months from the date of manufacturing.,56,,"For Jowar Chips 
Amrud Snack Limited
Gala No.1, B2 & B3, Bharat
Compound, Survey No.219, Opp. Dodhia
Petrol Pump, Kashimira, Mira Road (E).
Dist. Thane, Maharashtra- 401107

FSSAI Lic. No. 11517020000417

For Makhani Dip
VRB Consumer Products Pvt. Ltd
SP-17, RIICO Indistrial Area, Neemrana, Alwar, Rajasthan - 301705, India

FSSAI Lic. No. 1001303000578",,not_launched,0,,,,,,,,,,,,,,7.3,2.8,0.3,4.4,,,,,
New launches,Cheese Millet Finger,Source of Protein | Rich in Dietary Fibre | No Palm Oil | Roasted,"Jowar flour, corn grits, rice flour, quinoa flour, gram flour, edible vegetable oil (rice bran oil), iodised salt. 

Seasonings: Dehydrated blend of whey (from milk), partially hydrogenated soyabean oil, maltodextrin, stabilizer (INS 339), acidity regulator (INS 296), oleoresin paprika colour, turmeric extract (colour), anti caking agent (INS 551).
CONTAINS ADDED NATURAL, NATURE IDENTICAL AND ARTIFICIAL FLAVOURING SUBSTANCE(S)- PAPRIKA.",30," Manufactured in a facility that also processes wheat, peanuts, soybean, milk, nuts, mustard and sesame",4 months,40,120,"Amrud Snack Limited
Gala No.1, B2 & B3, Bharat
Compound, Survey No.219, Opp. Dodhia
Petrol Pump, Kashimira, Mira Road (E).
Dist. Thane, Maharashtra- 401107

FSSAI Lic. No. 11517020000417
","40grams for 45/- 
(0.9/- per gram)

120gm for 125/-
(per gm 1.04/-)",not_launched,20,93.2,1.98,13.53,0.62,0,1.85,3.45,1.11,2.33,0,0,195.86,,4.7,3.7,0.8,6.2,5.2,5.1,0.5,9.8,
New launches,Cheese Millet Finger,Source of Protein | Rich in Dietary Fibre | No Palm Oil | Roasted,"Jowar flour, corn grits, rice flour, quinoa flour, gram flour, edible vegetable oil (rice bran oil), iodised salt. 

Seasonings: Dehydrated blend of whey (from milk), partially hydrogenated soyabean oil, maltodextrin, stabilizer (INS 339), acidity regulator (INS 296), oleoresin paprika colour, turmeric extract (colour), anti caking agent (INS 551).
CONTAINS ADDED NATURAL, NATURE IDENTICAL AND ARTIFICIAL FLAVOURING SUBSTANCE(S)- PAPRIKA.",30," Manufactured in a facility that also processes wheat, peanuts, soybean, milk, nuts, mustard and sesame",4 months,40,120,"Amrud Snack Limited
Gala No.1, B2 & B3, Bharat
Compound, Survey No.219, Opp. Dodhia
Petrol Pump, Kashimira, Mira Road (E).
Dist. Thane, Maharashtra- 401107

FSSAI Lic. No. 11517020000417
","40grams for 45/- 
(0.9/- per gram)

120gm for 125/-
(per gm 1.04/-)",not_launched,40,186.4,3.97,27.06,1.24,0,3.71,6.91,2.23,4.67,0,0,391.7,,9.3,7.3,1.5,12.3,10.3,10.1,1,19.5,
New launches,Cheese Millet Finger,Source of Protein | Rich in Dietary Fibre | No Palm Oil | Roasted,"Jowar flour, corn grits, rice flour, quinoa flour, gram flour, edible vegetable oil (rice bran oil), iodised salt. 

Seasonings: Dehydrated blend of whey (from milk), partially hydrogenated soyabean oil, maltodextrin, stabilizer (INS 339), acidity regulator (INS 296), oleoresin paprika colour, turmeric extract (colour), anti caking agent (INS 551).
CONTAINS ADDED NATURAL, NATURE IDENTICAL AND ARTIFICIAL FLAVOURING SUBSTANCE(S)- PAPRIKA.",30," Manufactured in a facility that also processes wheat, peanuts, soybean, milk, nuts, mustard and sesame",4 months,40,120,"Amrud Snack Limited
Gala No.1, B2 & B3, Bharat
Compound, Survey No.219, Opp. Dodhia
Petrol Pump, Kashimira, Mira Road (E).
Dist. Thane, Maharashtra- 401107

FSSAI Lic. No. 11517020000417
","40grams for 45/- 
(0.9/- per gram)

120gm for 125/-
(per gm 1.04/-)",not_launched,45,209.7,4.47,30.45,1.4,0,4.17,7.77,2.51,5.26,0,0,440.68,,,,,,,,,,
New launches,Cheese Millet Finger,Source of Protein | Rich in Dietary Fibre | No Palm Oil | Roasted,"Jowar flour, corn grits, rice flour, quinoa flour, gram flour, edible vegetable oil (rice bran oil), iodised salt. 

Seasonings: Dehydrated blend of whey (from milk), partially hydrogenated soyabean oil, maltodextrin, stabilizer (INS 339), acidity regulator (INS 296), oleoresin paprika colour, turmeric extract (colour), anti caking agent (INS 551).
CONTAINS ADDED NATURAL, NATURE IDENTICAL AND ARTIFICIAL FLAVOURING SUBSTANCE(S)- PAPRIKA.",30," Manufactured in a facility that also processes wheat, peanuts, soybean, milk, nuts, mustard and sesame",4 months,40,120,"Amrud Snack Limited
Gala No.1, B2 & B3, Bharat
Compound, Survey No.219, Opp. Dodhia
Petrol Pump, Kashimira, Mira Road (E).
Dist. Thane, Maharashtra- 401107

FSSAI Lic. No. 11517020000417
","40grams for 45/- 
(0.9/- per gram)

120gm for 125/-
(per gm 1.04/-)",not_launched,60,279.6,5.96,40.6,1.87,0,5.56,10.36,3.35,7.01,0,0,587.58,,,,,,,,,,
New launches,Cheese Millet Finger,Source of Protein | Rich in Dietary Fibre | No Palm Oil | Roasted,"Jowar flour, corn grits, rice flour, quinoa flour, gram flour, edible vegetable oil (rice bran oil), iodised salt. 

Seasonings: Dehydrated blend of whey (from milk), partially hydrogenated soyabean oil, maltodextrin, stabilizer (INS 339), acidity regulator (INS 296), oleoresin paprika colour, turmeric extract (colour), anti caking agent (INS 551).
CONTAINS ADDED NATURAL, NATURE IDENTICAL AND ARTIFICIAL FLAVOURING SUBSTANCE(S)- PAPRIKA.",30," Manufactured in a facility that also processes wheat, peanuts, soybean, milk, nuts, mustard and sesame",4 months,40,120,"Amrud Snack Limited
Gala No.1, B2 & B3, Bharat
Compound, Survey No.219, Opp. Dodhia
Petrol Pump, Kashimira, Mira Road (E).
Dist. Thane, Maharashtra- 401107

FSSAI Lic. No. 11517020000417
","40grams for 45/- 
(0.9/- per gram)

120gm for 125/-
(per gm 1.04/-)",not_launched,100,466,9.94,67.67,3.12,1.94,9.28,17.28,5.59,11.69,0,0,979.3,,,,,,,,,,
New launches,Desi Masala Jowar Puffs,Source of Protein | Rich in Dietary Fibre | No Palm Oil | Roasted,"Jowar flour,  rice flour,  gram flour, corn grits, edible vegetable oil (rice bran oil) , iodised salt. 

Seasonings: Dehydrated vegetable powder (tomato, garlic, lemon & onion), dry mango powder, dry ginger powder, spices and condiments (clove powder, cumin, fennel, coriander powder), yeast extract powder, milk & milk products, sugar, glucose powder, maltodextrin, dextrose, anticaking agent (INS 551), acidity regulator (INS 330, INS 296), flavour enhancers (INS 635), paprika oleoresin (INS 160c).
CONTAINS ADDED NATURAL, NATURE IDENTICAL AND ARTIFICIAL FLAVOURING SUBSTANCE(S)- PAPRIKA.",35," Manufactured in a facility that also processes wheat, peanuts, soybean, milk, nuts, mustard and sesame",4 months,35,105,"Amrud Snack Limited
Gala No.1, B2 & B3, Bharat
Compound, Survey No.219, Opp. Dodhia
Petrol Pump, Kashimira, Mira Road (E).
Dist. Thane, Maharashtra- 401107

FSSAI Lic. No. 11517020000417
","Small packet -35gm for 40/-
(1.14/- per gram)
Large packet - 105gm for 115/-
(1.09/- per gram)",not_launched,18,91.44,1.44,10.52,0.44,0,1.41,4.83,1.19,3.64,0,0,243.55,,4.6,2.7,0.2,4.7,7.2,5.4,0.4,12.2,
New launches,Desi Masala Jowar Puffs,Source of Protein | Rich in Dietary Fibre | No Palm Oil | Roasted,"Jowar flour,  rice flour,  gram flour, corn grits, edible vegetable oil (rice bran oil) , iodised salt. 

Seasonings: Dehydrated vegetable powder (tomato, garlic, lemon & onion), dry mango powder, dry ginger powder, spices and condiments (clove powder, cumin, fennel, coriander powder), yeast extract powder, milk & milk products, sugar, glucose powder, maltodextrin, dextrose, anticaking agent (INS 551), acidity regulator (INS 330, INS 296), flavour enhancers (INS 635), paprika oleoresin (INS 160c).
CONTAINS ADDED NATURAL, NATURE IDENTICAL AND ARTIFICIAL FLAVOURING SUBSTANCE(S)- PAPRIKA.",35," Manufactured in a facility that also processes wheat, peanuts, soybean, milk, nuts, mustard and sesame",4 months,35,105,"Amrud Snack Limited
Gala No.1, B2 & B3, Bharat
Compound, Survey No.219, Opp. Dodhia
Petrol Pump, Kashimira, Mira Road (E).
Dist. Thane, Maharashtra- 401107

FSSAI Lic. No. 11517020000417
","Small packet -35gm for 40/-
(1.14/- per gram)
Large packet - 105gm for 115/-
(1.09/- per gram)",not_launched,35,177.8,2.81,20.46,0.87,0,2.75,9.4,2.3,7.09,0,0,473.58,,8.9,5.2,0.4,9.2,14,10.5,0.9,23.7,
New launches,Desi Masala Jowar Puffs,Source of Protein | Rich in Dietary Fibre | No Palm Oil | Roasted,"Jowar flour,  rice flour,  gram flour, corn grits, edible vegetable oil (rice bran oil) , iodised salt. 

Seasonings: Dehydrated vegetable powder (tomato, garlic, lemon & onion), dry mango powder, dry ginger powder, spices and condiments (clove powder, cumin, fennel, coriander powder), yeast extract powder, milk & milk products, sugar, glucose powder, maltodextrin, dextrose, anticaking agent (INS 551), acidity regulator (INS 330, INS 296), flavour enhancers (INS 635), paprika oleoresin (INS 160c).
CONTAINS ADDED NATURAL, NATURE IDENTICAL AND ARTIFICIAL FLAVOURING SUBSTANCE(S)- PAPRIKA.",35," Manufactured in a facility that also processes wheat, peanuts, soybean, milk, nuts, mustard and sesame",4 months,35,105,"Amrud Snack Limited
Gala No.1, B2 & B3, Bharat
Compound, Survey No.219, Opp. Dodhia
Petrol Pump, Kashimira, Mira Road (E).
Dist. Thane, Maharashtra- 401107

FSSAI Lic. No. 11517020000417
","Small packet -35gm for 40/-
(1.14/- per gram)
Large packet - 105gm for 115/-
(1.09/- per gram)",not_launched,38,193.04,3.05,22.22,0.94,0,3,10.21,2.51,7.7,0,0,514.17,,,,,,,,,,
New launches,Desi Masala Jowar Puffs,Source of Protein | Rich in Dietary Fibre | No Palm Oil | Roasted,"Jowar flour,  rice flour,  gram flour, corn grits, edible vegetable oil (rice bran oil) , iodised salt. 

Seasonings: Dehydrated vegetable powder (tomato, garlic, lemon & onion), dry mango powder, dry ginger powder, spices and condiments (clove powder, cumin, fennel, coriander powder), yeast extract powder, milk & milk products, sugar, glucose powder, maltodextrin, dextrose, anticaking agent (INS 551), acidity regulator (INS 330, INS 296), flavour enhancers (INS 635), paprika oleoresin (INS 160c).
CONTAINS ADDED NATURAL, NATURE IDENTICAL AND ARTIFICIAL FLAVOURING SUBSTANCE(S)- PAPRIKA.",35," Manufactured in a facility that also processes wheat, peanuts, soybean, milk, nuts, mustard and sesame",4 months,35,105,"Amrud Snack Limited
Gala No.1, B2 & B3, Bharat
Compound, Survey No.219, Opp. Dodhia
Petrol Pump, Kashimira, Mira Road (E).
Dist. Thane, Maharashtra- 401107

FSSAI Lic. No. 11517020000417
","Small packet -35gm for 40/-
(1.14/- per gram)
Large packet - 105gm for 115/-
(1.09/- per gram)",not_launched,100,508,8.04,58.48,2.49,0,7.88,26.88,6.62,20.26,0,0,1353.1,,,,,,,,,,
New launches,Protein Kurkure ( Thai Chilli),Rich in Protein | Source of Dietary fibre | No Palm Oil | Baked,"Flour mix (corn, rice, jowar, chickpea, lentil), soy protein isolate, rice bran oil.

Seasonings: Spices & condiments (garlic, chilli), sugar, white dextrin, corn starch, iodised salt, acidity regulatory (INS 330), anticaking agent (INS 551), flavour enhancers (INS 627, 631), Antioxidant (INS 319)

CONTAINS NATURAL AND NATURE-IDENTICAL FLAVOURING SUBSTANCE(S).",30,"Contains soy (from soy protein) and processed in a facility that also processes tree nuts, peanuts, mustard and milk based products.","9 months
store in a cool, dry place away from direct sunlight",40,120,"DIVINUTTY PRODUCTS PRIVATE LIMITED
F-112 Mewar Industrial Area RIICO Road No.01, Kaladwas Industrial Area, Udaipur,
Rajasthan-313003

FSSAI Lic. No. 12222042000021
","40g for 50/-
(1.25/- per gram)
120g for 135/-
(1.12/- per gram)",not_launched,40,194.8,7.2,28,1.2,0,2,6,2.4,,0,0,238,,,,,,,,,,
New launches,Protein Kurkure ( Thai Chilli),Rich in Protein | Source of Dietary fibre | No Palm Oil | Baked,"Flour mix (corn, rice, jowar, chickpea, lentil), soy protein isolate, rice bran oil.

Seasonings: Spices & condiments (garlic, chilli), sugar, white dextrin, corn starch, iodised salt, acidity regulatory (INS 330), anticaking agent (INS 551), flavour enhancers (INS 627, 631), Antioxidant (INS 319)

CONTAINS NATURAL AND NATURE-IDENTICAL FLAVOURING SUBSTANCE(S).",30,"Contains soy (from soy protein) and processed in a facility that also processes tree nuts, peanuts, mustard and milk based products.","9 months
store in a cool, dry place away from direct sunlight",40,120,"DIVINUTTY PRODUCTS PRIVATE LIMITED
F-112 Mewar Industrial Area RIICO Road No.01, Kaladwas Industrial Area, Udaipur,
Rajasthan-313003

FSSAI Lic. No. 12222042000021
","40g for 50/-
(1.25/- per gram)
120g for 135/-
(1.12/- per gram)",not_launched,100,487,18,70,3,0,5,15,6,,0,0,595,,,,,,,,,,
New launches,Protein Kurkure ( Thai Chilli),Rich in Protein | Source of Dietary fibre | No Palm Oil | Baked,"Flour mix (corn, rice, jowar, chickpea, lentil), soy protein isolate, rice bran oil.

Seasonings: Spices & condiments (garlic, chilli), sugar, white dextrin, corn starch, iodised salt, acidity regulatory (INS 330), anticaking agent (INS 551), flavour enhancers (INS 627, 631), Antioxidant (INS 319)

CONTAINS NATURAL AND NATURE-IDENTICAL FLAVOURING SUBSTANCE(S).",30,"Contains soy (from soy protein) and processed in a facility that also processes tree nuts, peanuts, mustard and milk based products.","9 months
store in a cool, dry place away from direct sunlight",40,120,"DIVINUTTY PRODUCTS PRIVATE LIMITED
F-112 Mewar Industrial Area RIICO Road No.01, Kaladwas Industrial Area, Udaipur,
Rajasthan-313003

FSSAI Lic. No. 12222042000021
","40g for 50/-
(1.25/- per gram)
120g for 135/-
(1.12/- per gram)",not_launched,30,,,,,,,,,,,,,,7.3,10,0,5,,,,,
New launches,Baked Crunchies ( Lemon Chilli),Source of Protein | No Palm Oil | Baked,"Flour mix (corn, rice, jowar, soy protein isolate, chickpea, lentil), spices and condiments (garlic powder, ginger powder, mango powder, onion powder, red chilli powder, coriander powder, turmeric, cumin, black pepper, nutmeg, mace), salt, dextrin, acidity regulator (INS 330), anticaking agent (INS 551), flavour enhancers (INS 627, INS 631), antioxidant (INS 319), rice bran oil.

CONTAINS NATURAL & NATURE IDENTICAL FLAVOURING SUBSTANCE(S).",30,"Contains soy (from soy protein) and processed in a facility that also processes nuts, seeds and milk based products.","9 months
 store in a cool, dry place away from direct sunlight",40,120,"DIVINUTTY PRODUCTS PRIVATE LIMITED
F-112 Mewar Industrial Area RIICO Road No.01, Kaladwas Industrial Area, Udaipur,
Rajasthan-313003

FSSAI Lic. No. 12222042000021
","40g for 50/-
(1.25/- per gram)
120g for 135/-
(1.12/- per gram)",not_launched,40,190.5,4.17,24.9,0.93,0.2,1.08,8.24,1.86,,0,0,260.92,,,,,,,,,,
New launches,Baked Crunchies ( Lemon Chilli),Source of Protein | No Palm Oil | Baked,"Flour mix (corn, rice, jowar, soy protein isolate, chickpea, lentil), spices and condiments (garlic powder, ginger powder, mango powder, onion powder, red chilli powder, coriander powder, turmeric, cumin, black pepper, nutmeg, mace), salt, dextrin, acidity regulator (INS 330), anticaking agent (INS 551), flavour enhancers (INS 627, INS 631), antioxidant (INS 319), rice bran oil.

CONTAINS NATURAL & NATURE IDENTICAL FLAVOURING SUBSTANCE(S).",30,"Contains soy (from soy protein) and processed in a facility that also processes nuts, seeds and milk based products.","9 months
 store in a cool, dry place away from direct sunlight",40,120,"DIVINUTTY PRODUCTS PRIVATE LIMITED
F-112 Mewar Industrial Area RIICO Road No.01, Kaladwas Industrial Area, Udaipur,
Rajasthan-313003

FSSAI Lic. No. 12222042000021
","40g for 50/-
(1.25/- per gram)
120g for 135/-
(1.12/- per gram)",not_launched,100,476.3,10.44,62.38,2.33,0,2.72,20.62,4.66,,0,0,652.3,,,,,,,,,,
New launches,Baked Crunchies ( Lemon Chilli),Source of Protein | No Palm Oil | Baked,"Flour mix (corn, rice, jowar, soy protein isolate, chickpea, lentil), spices and condiments (garlic powder, ginger powder, mango powder, onion powder, red chilli powder, coriander powder, turmeric, cumin, black pepper, nutmeg, mace), salt, dextrin, acidity regulator (INS 330), anticaking agent (INS 551), flavour enhancers (INS 627, INS 631), antioxidant (INS 319), rice bran oil.

CONTAINS NATURAL & NATURE IDENTICAL FLAVOURING SUBSTANCE(S).",30,"Contains soy (from soy protein) and processed in a facility that also processes nuts, seeds and milk based products.","9 months
 store in a cool, dry place away from direct sunlight",40,120,"DIVINUTTY PRODUCTS PRIVATE LIMITED
F-112 Mewar Industrial Area RIICO Road No.01, Kaladwas Industrial Area, Udaipur,
Rajasthan-313003

FSSAI Lic. No. 12222042000021
","40g for 50/-
(1.25/- per gram)
120g for 135/-
(1.12/- per gram)",not_launched,30,,,,,,,,,,,,,,7.1,5.8,0.3,2.7,,,,,
New launches,Baked Crunchies ( Masala Mania),Source of  Protein | No Palm Oil | Baked,"Flour mix (corn, rice, jowar, soy protein isolate, chickpea, lentil), spices and condiments (onion, chilli, coriander powder, garlic powder, cumin, nutmeg), corn starch, iodised salt, sugar, black salt, dehydrated mango powder, yeast extract, acidity regulator (INS 330), anticaking agent (INS 551), flavour enhancers (INS 627, INS 631), antioxidant (INS 319), rice bran oil
CONTAINS ADDED NATURAL & NATURE IDENTICAL FLAVOURING SUBSTANCE(S).",30,"Contains soy (from soy protein) and processed in a facility that also processes nuts, seeds and milk based products.","9 months
 store in a cool, dry place away from direct sunlight",40,120,"DIVINUTTY PRODUCTS PRIVATE LIMITED
F-112 Mewar Industrial Area RIICO Road No.01, Kaladwas Industrial Area, Udaipur,
Rajasthan-313003

FSSAI Lic. No. 12222042000021
","40g for 50/-
(1.25/- per gram)
120g for 135/-
(1.12/- per gram)",not_launched,20,94,2.16,12.87,0.55,0.1,0.57,3.77,0.83,,0,0,129.68,,4.7,4,0.2,1.9,5.6,3.8,0,6.5,
New launches,Baked Crunchies ( Masala Mania),Source of  Protein | No Palm Oil | Baked,"Flour mix (corn, rice, jowar, soy protein isolate, chickpea, lentil), spices and condiments (onion, chilli, coriander powder, garlic powder, cumin, nutmeg), corn starch, iodised salt, sugar, black salt, dehydrated mango powder, yeast extract, acidity regulator (INS 330), anticaking agent (INS 551), flavour enhancers (INS 627, INS 631), antioxidant (INS 319), rice bran oil
CONTAINS ADDED NATURAL & NATURE IDENTICAL FLAVOURING SUBSTANCE(S).",30,"Contains soy (from soy protein) and processed in a facility that also processes nuts, seeds and milk based products.","9 months
 store in a cool, dry place away from direct sunlight",40,120,"DIVINUTTY PRODUCTS PRIVATE LIMITED
F-112 Mewar Industrial Area RIICO Road No.01, Kaladwas Industrial Area, Udaipur,
Rajasthan-313003

FSSAI Lic. No. 12222042000021
","40g for 50/-
(1.25/- per gram)
120g for 135/-
(1.12/- per gram)",not_launched,40,188,4.31,25.74,1.09,0.2,1.14,7.54,1.66,,0,0,259.36,,,,,,,,,,
New launches,Baked Crunchies ( Masala Mania),Source of  Protein | No Palm Oil | Baked,"Flour mix (corn, rice, jowar, soy protein isolate, chickpea, lentil), spices and condiments (onion, chilli, coriander powder, garlic powder, cumin, nutmeg), corn starch, iodised salt, sugar, black salt, dehydrated mango powder, yeast extract, acidity regulator (INS 330), anticaking agent (INS 551), flavour enhancers (INS 627, INS 631), antioxidant (INS 319), rice bran oil
CONTAINS ADDED NATURAL & NATURE IDENTICAL FLAVOURING SUBSTANCE(S).",30,"Contains soy (from soy protein) and processed in a facility that also processes nuts, seeds and milk based products.","9 months
 store in a cool, dry place away from direct sunlight",40,120,"DIVINUTTY PRODUCTS PRIVATE LIMITED
F-112 Mewar Industrial Area RIICO Road No.01, Kaladwas Industrial Area, Udaipur,
Rajasthan-313003

FSSAI Lic. No. 12222042000021
","40g for 50/-
(1.25/- per gram)
120g for 135/-
(1.12/- per gram)",not_launched,100,470,10.79,64.36,2.73,0,2.87,18.85,4.17,,0,0,648.4,,,,,,,,,,
New launches,Multigrain Chips (Smoky Barbeque),Rich in Protein | Source of Dietary fibre | No Palm Oil | Baked,"Soya flour, rice flour, tapioca starch, chickpea flour, black gram flour, ragi flour, jowar flour, rice bran oil, corn starch, paprika, tomato powder, iodised salt, sugar, spices & condiments (onion, garlic, parsley, oregano), anticaking agent (INS 551), acidity regulator (INS 330).",30,"Contains soy (from soy protein) and processed in a facility that also processes nuts, seeds and milk based products.","9 months
 store in a cool, dry place away from direct sunlight",45,135,"DIVINUTTY PRODUCTS PRIVATE LIMITED
F-112 Mewar Industrial Area RIICO Road No.01, Kaladwas Industrial Area, Udaipur,
Rajasthan-313003

FSSAI Lic. No. 12222042000021
","50rs for 45gm
(per gram 1.11/-)
140rs for 135gm 
(per gram 1.03/-)",not_launched,30,125.64,5.67,18.15,1.05,0,1.68,3.37,0.9,,0,0,251.8,,6.3,10.5,0.3,5.6,5,4.1,,12.6,
New launches,Multigrain Chips (Smoky Barbeque),Rich in Protein | Source of Dietary fibre | No Palm Oil | Baked,"Soya flour, rice flour, tapioca starch, chickpea flour, black gram flour, ragi flour, jowar flour, rice bran oil, corn starch, paprika, tomato powder, iodised salt, sugar, spices & condiments (onion, garlic, parsley, oregano), anticaking agent (INS 551), acidity regulator (INS 330).",30,"Contains soy (from soy protein) and processed in a facility that also processes nuts, seeds and milk based products.","9 months
 store in a cool, dry place away from direct sunlight",45,135,"DIVINUTTY PRODUCTS PRIVATE LIMITED
F-112 Mewar Industrial Area RIICO Road No.01, Kaladwas Industrial Area, Udaipur,
Rajasthan-313003

FSSAI Lic. No. 12222042000021
","50rs for 45gm
(per gram 1.11/-)
140rs for 135gm 
(per gram 1.03/-)",not_launched,45,188.46,8.5,27.2,1.57,0,2.53,5.05,1.35,,0,0,377.8,,,,,,,,,,
New launches,Multigrain Chips (Smoky Barbeque),Rich in Protein | Source of Dietary fibre | No Palm Oil | Baked,"Soya flour, rice flour, tapioca starch, chickpea flour, black gram flour, ragi flour, jowar flour, rice bran oil, corn starch, paprika, tomato powder, iodised salt, sugar, spices & condiments (onion, garlic, parsley, oregano), anticaking agent (INS 551), acidity regulator (INS 330).",30,"Contains soy (from soy protein) and processed in a facility that also processes nuts, seeds and milk based products.","9 months
 store in a cool, dry place away from direct sunlight",45,135,"DIVINUTTY PRODUCTS PRIVATE LIMITED
F-112 Mewar Industrial Area RIICO Road No.01, Kaladwas Industrial Area, Udaipur,
Rajasthan-313003

FSSAI Lic. No. 12222042000021
","50rs for 45gm
(per gram 1.11/-)
140rs for 135gm 
(per gram 1.03/-)",not_launched,100,418.8,18.91,60.5,3.5,0,5.63,11.24,3.01,,0,0,839.6,,,,,,,,,,
New launches,Protein Chakli (Sweet chilli),No Palm Oil | Rich in Protein | Source of Dietary fibre,"Jowar, pea protein isolate, tapioca starch, urad dal, rice flour, rice bran oil, iodised salt.

Seasonings: Dehydrated vegetable powder (tomato, garlic, lemon & onion), dry mango powder, dry ginger powder, spices and condiments (clove powder, cumin, fennel, coriander powder), yeast extract powder, milk & milk products, sugar, glucose powder, maltodextrin, dextrose, anticaking agent (INS 551), acidity regulator (INS 330, INS 296), flavour enhancers (INS 635), paprika oleoresin (INS 160c).
CONTAINS ADDED NATURAL, NATURE IDENTICAL AND ARTIFICIAL FLAVOURING SUBSTANCE(S)- PAPRIKA.",30," Manufactured in a facility that also processes wheat, peanuts, soybean, milk, nuts, mustard and sesame",4 months,50,150,"Amrud Snack Limited
Gala No.1, B2 & B3, Bharat
Compound, Survey No.219, Opp. Dodhia
Petrol Pump, Kashimira, Mira Road (E).
Dist. Thane, Maharashtra- 401107

FSSAI Lic. No. 11517020000417
",,not_launched,50,241,10,25.5,0.75,0,2.5,11,1.5,,0,0,425,,,,,,,,,,
New launches,Protein Chakli (Sweet chilli),No Palm Oil | Rich in Protein | Source of Dietary fibre,"Jowar, pea protein isolate, tapioca starch, urad dal, rice flour, rice bran oil, iodised salt.

Seasonings: Dehydrated vegetable powder (tomato, garlic, lemon & onion), dry mango powder, dry ginger powder, spices and condiments (clove powder, cumin, fennel, coriander powder), yeast extract powder, milk & milk products, sugar, glucose powder, maltodextrin, dextrose, anticaking agent (INS 551), acidity regulator (INS 330, INS 296), flavour enhancers (INS 635), paprika oleoresin (INS 160c).
CONTAINS ADDED NATURAL, NATURE IDENTICAL AND ARTIFICIAL FLAVOURING SUBSTANCE(S)- PAPRIKA.",30," Manufactured in a facility that also processes wheat, peanuts, soybean, milk, nuts, mustard and sesame",4 months,50,150,"Amrud Snack Limited
Gala No.1, B2 & B3, Bharat
Compound, Survey No.219, Opp. Dodhia
Petrol Pump, Kashimira, Mira Road (E).
Dist. Thane, Maharashtra- 401107

FSSAI Lic. No. 11517020000417
",,not_launched,100,482,20,51,1.5,0,5,22,3,,0,0,850,,,,,,,,,,
New launches,Protein Chakli (Sweet chilli),No Palm Oil | Rich in Protein | Source of Dietary fibre,"Jowar, pea protein isolate, tapioca starch, urad dal, rice flour, rice bran oil, iodised salt.

Seasonings: Dehydrated vegetable powder (tomato, garlic, lemon & onion), dry mango powder, dry ginger powder, spices and condiments (clove powder, cumin, fennel, coriander powder), yeast extract powder, milk & milk products, sugar, glucose powder, maltodextrin, dextrose, anticaking agent (INS 551), acidity regulator (INS 330, INS 296), flavour enhancers (INS 635), paprika oleoresin (INS 160c).
CONTAINS ADDED NATURAL, NATURE IDENTICAL AND ARTIFICIAL FLAVOURING SUBSTANCE(S)- PAPRIKA.",30," Manufactured in a facility that also processes wheat, peanuts, soybean, milk, nuts, mustard and sesame",4 months,50,150,"Amrud Snack Limited
Gala No.1, B2 & B3, Bharat
Compound, Survey No.219, Opp. Dodhia
Petrol Pump, Kashimira, Mira Road (E).
Dist. Thane, Maharashtra- 401107

FSSAI Lic. No. 11517020000417
",,not_launched,30,,,,,,,,,,,,,,7.2,11.1,0,5,,,,,
New launches,Protein Chakli (cheese),No Palm Oil | Rich in Protein | Source of Dietary fibre,"Jowar, pea protein isolate, tapioca starch, urad dal, rice flour, rice bran oil, iodised salt.

Seasonings:Dehydrated blend of whey (from milk), partially hydrogenated soyabean oil, maltodextrin, stabilizer (INS 339), acidity regulator (INS 296), oleoresin paprika colour, turmeric extract (colour), anti caking agent (INS 551).
CONTAINS ADDED NATURAL, NATURE IDENTICAL AND ARTIFICIAL FLAVOURING SUBSTANCE(S)- PAPRIKA.

",30," Manufactured in a facility that also processes wheat, peanuts, soybean, milk, nuts, mustard and sesame",4 months,50,120,"Amrud Snack Limited
Gala No.1, B2 & B3, Bharat
Compound, Survey No.219, Opp. Dodhia
Petrol Pump, Kashimira, Mira Road (E).
Dist. Thane, Maharashtra- 401107

FSSAI Lic. No. 11517020000417
",,not_launched,50,241,10,25.5,0.75,0,2.5,11,1.5,,0,0,425,,,,,,,,,,
New launches,Protein Chakli (cheese),No Palm Oil | Rich in Protein | Source of Dietary fibre,"Jowar, pea protein isolate, tapioca starch, urad dal, rice flour, rice bran oil, iodised salt.

Seasonings:Dehydrated blend of whey (from milk), partially hydrogenated soyabean oil, maltodextrin, stabilizer (INS 339), acidity regulator (INS 296), oleoresin paprika colour, turmeric extract (colour), anti caking agent (INS 551).
CONTAINS ADDED NATURAL, NATURE IDENTICAL AND ARTIFICIAL FLAVOURING SUBSTANCE(S)- PAPRIKA.

",30," Manufactured in a facility that also processes wheat, peanuts, soybean, milk, nuts, mustard and sesame",4 months,50,120,"Amrud Snack Limited
Gala No.1, B2 & B3, Bharat
Compound, Survey No.219, Opp. Dodhia
Petrol Pump, Kashimira, Mira Road (E).
Dist. Thane, Maharashtra- 401107

FSSAI Lic. No. 11517020000417
",,not_launched,100,482,20,51,1.5,0,5,22,3,,0,0,850,,,,,,,,,,
New launches,Protein Chakli (cheese),No Palm Oil | Rich in Protein | Source of Dietary fibre,"Jowar, pea protein isolate, tapioca starch, urad dal, rice flour, rice bran oil, iodised salt.

Seasonings:Dehydrated blend of whey (from milk), partially hydrogenated soyabean oil, maltodextrin, stabilizer (INS 339), acidity regulator (INS 296), oleoresin paprika colour, turmeric extract (colour), anti caking agent (INS 551).
CONTAINS ADDED NATURAL, NATURE IDENTICAL AND ARTIFICIAL FLAVOURING SUBSTANCE(S)- PAPRIKA.

",30," Manufactured in a facility that also processes wheat, peanuts, soybean, milk, nuts, mustard and sesame",4 months,50,120,"Amrud Snack Limited
Gala No.1, B2 & B3, Bharat
Compound, Survey No.219, Opp. Dodhia
Petrol Pump, Kashimira, Mira Road (E).
Dist. Thane, Maharashtra- 401107

FSSAI Lic. No. 11517020000417
",,not_launched,30,,,,,,,,,,,,,,7.2,11.1,0,5,,,,,
New launches,Jowar Bhakarwadi,Source of protein | No Palm Oil | No Refined wheat,"Jowar flour, gram flour, rice bran oil, dry coconut powder, chat masala, jaggery,
tamarind, vital wheat gluten, salt, green chilli powder, red chilli powder, 
dried mango powder, black salt, himalayan pink salt, garam masala",20,"Contains Gluten. Manufactured in a facility that processes wheat, peanut, sesame seeds and soya.",3 months,70,,"Sanjay Food
M.M. Industrial Estate, Gala No.1, Sonawala Cross Rd. No. 02, Opp. Kamaldeep Society, Goregaon (E), Mumbai, Maharashtra- 400063
FSSAI Lic. No. 11521998000514
",,not_launched,70,298.9,4.48,55.44,2.24,2.24,,6.44,,,0,0,63,,,,,,,,,,
New launches,Jowar Bhakarwadi,Source of protein | No Palm Oil | No Refined wheat,"Jowar flour, gram flour, rice bran oil, dry coconut powder, chat masala, jaggery,
tamarind, vital wheat gluten, salt, green chilli powder, red chilli powder, 
dried mango powder, black salt, himalayan pink salt, garam masala",20,"Contains Gluten. Manufactured in a facility that processes wheat, peanut, sesame seeds and soya.",3 months,70,,"Sanjay Food
M.M. Industrial Estate, Gala No.1, Sonawala Cross Rd. No. 02, Opp. Kamaldeep Society, Goregaon (E), Mumbai, Maharashtra- 400063
FSSAI Lic. No. 11521998000514
",,not_launched,100,427,6.4,79.5,3.2,3.2,,9.2,,,0,0,90,,,,,,,,,,
New launches,Jowar Bhakarwadi,Source of protein | No Palm Oil | No Refined wheat,"Jowar flour, gram flour, rice bran oil, dry coconut powder, chat masala, jaggery,
tamarind, vital wheat gluten, salt, green chilli powder, red chilli powder, 
dried mango powder, black salt, himalayan pink salt, garam masala",20,"Contains Gluten. Manufactured in a facility that processes wheat, peanut, sesame seeds and soya.",3 months,70,,"Sanjay Food
M.M. Industrial Estate, Gala No.1, Sonawala Cross Rd. No. 02, Opp. Kamaldeep Society, Goregaon (E), Mumbai, Maharashtra- 400063
FSSAI Lic. No. 11521998000514
",,not_launched,20,,,,,,,,,,,,,,4.3,2.4,1.3,,,,,,
New launches,Beetroot Chips (Masala),Source of Protein | Rich in Dietary fibre | No Palm Oil,"Ingredients: Beetroot juice, tapioca starch, gram flour, rice bran oil, white lentil flour, soyabean flour, rice flour, iodized salt, sugar and black salt.

Seasoning:  Dehydrated vegetable powder (tomato, garlic, lemon & onion), dry mango powder, dry ginger powder, spices and condiments (clove powder, cumin, fennel, coriander powder), yeast extract powder, milk & milk products, sugar, glucose powder, maltodextrin, dextrose, anticaking agent (INS 551), acidity regulator (INS 330, INS 296), flavour enhancers (INS 635), paprika oleoresin (INS 160c).
CONTAINS ADDED NATURAL, NATURE IDENTICAL AND ARTIFICIAL FLAVOURING SUBSTANCE(S)- PAPRIKA.",30,"Contains Soy products
Manufactured in a facility that also processes wheat, peanuts, soybean, milk, nuts, mustard and sesame",4 months,45,135,"Amrud Snack Limited
Gala No.1, B2 & B3, Bharat
Compound, Survey No.219, Opp. Dodhia
Petrol Pump, Kashimira, Mira Road (E).
Dist. Thane, Maharashtra- 401107

FSSAI Lic. No. 11517020000417
",,not_launched,30,158.49,2.97,16.44,0.73,0.15,2.73,8.98,3.66,,0,0,249,,7.9,5.5,0.3,9.1,13.4,,0,12.4,
New launches,Beetroot Chips (Masala),Source of Protein | Rich in Dietary fibre | No Palm Oil,"Ingredients: Beetroot juice, tapioca starch, gram flour, rice bran oil, white lentil flour, soyabean flour, rice flour, iodized salt, sugar and black salt.

Seasoning:  Dehydrated vegetable powder (tomato, garlic, lemon & onion), dry mango powder, dry ginger powder, spices and condiments (clove powder, cumin, fennel, coriander powder), yeast extract powder, milk & milk products, sugar, glucose powder, maltodextrin, dextrose, anticaking agent (INS 551), acidity regulator (INS 330, INS 296), flavour enhancers (INS 635), paprika oleoresin (INS 160c).
CONTAINS ADDED NATURAL, NATURE IDENTICAL AND ARTIFICIAL FLAVOURING SUBSTANCE(S)- PAPRIKA.",30,"Contains Soy products
Manufactured in a facility that also processes wheat, peanuts, soybean, milk, nuts, mustard and sesame",4 months,45,135,"Amrud Snack Limited
Gala No.1, B2 & B3, Bharat
Compound, Survey No.219, Opp. Dodhia
Petrol Pump, Kashimira, Mira Road (E).
Dist. Thane, Maharashtra- 401107

FSSAI Lic. No. 11517020000417
",,not_launched,45,237.73,4.45,24.66,1.09,0.22,4.09,13.47,5.49,,0,0,373.63,,,,,,,,,,
New launches,Beetroot Chips (Masala),Source of Protein | Rich in Dietary fibre | No Palm Oil,"Ingredients: Beetroot juice, tapioca starch, gram flour, rice bran oil, white lentil flour, soyabean flour, rice flour, iodized salt, sugar and black salt.

Seasoning:  Dehydrated vegetable powder (tomato, garlic, lemon & onion), dry mango powder, dry ginger powder, spices and condiments (clove powder, cumin, fennel, coriander powder), yeast extract powder, milk & milk products, sugar, glucose powder, maltodextrin, dextrose, anticaking agent (INS 551), acidity regulator (INS 330, INS 296), flavour enhancers (INS 635), paprika oleoresin (INS 160c).
CONTAINS ADDED NATURAL, NATURE IDENTICAL AND ARTIFICIAL FLAVOURING SUBSTANCE(S)- PAPRIKA.",30,"Contains Soy products
Manufactured in a facility that also processes wheat, peanuts, soybean, milk, nuts, mustard and sesame",4 months,45,135,"Amrud Snack Limited
Gala No.1, B2 & B3, Bharat
Compound, Survey No.219, Opp. Dodhia
Petrol Pump, Kashimira, Mira Road (E).
Dist. Thane, Maharashtra- 401107

FSSAI Lic. No. 11517020000417
",,not_launched,100,528.3,9.9,54.3,2.44,0.5,9.1,29.94,12.22,,0,0,833.3,,,,,,,,,,
First Club,Peri peri Ragi chips,Source of Calcium | Rich in Dietary Fibre | Source of Protein | No Palm Oil,"Ragi flour, tapioca starch, rice flour, white lentil flour, gram flour, iodised salt, edible vegetable oil (rice bran oil).
 
Seasoning: Spices and spice extracts ( Peri peri chilli pepper, black pepper, cumin, cardamom, mustard seeds), dehydrated powders ( garlic, onion, ginger), dried oregano herbs, paprika oleoresin.",30," Manufactured in a facility that also processes wheat, peanuts, soybean, milk, nuts, mustard and sesame",4 months,55,,"Amrud Snack Limited
Gala No.1, B2 & B3, Bharat
Compound, Survey No.219, Opp. Dodhia
Petrol Pump, Kashimira, Mira Road (E).
Dist. Thane, Maharashtra- 401107

FSSAI Lic. No. 11517020000417
","55gm for 60rs
(1.09rs per gram)",not_launched,100,546.66,6.33,60,1,,7.66,33.33,16,,0,,440,200,,,,,,,,,
First Club,Peri peri Ragi chips,Source of Calcium | Rich in Dietary Fibre | Source of Protein | No Palm Oil,"Ragi flour, tapioca starch, rice flour, white lentil flour, gram flour, iodised salt, edible vegetable oil (rice bran oil).
 
Seasoning: Spices and spice extracts ( Peri peri chilli pepper, black pepper, cumin, cardamom, mustard seeds), dehydrated powders ( garlic, onion, ginger), dried oregano herbs, paprika oleoresin.",30," Manufactured in a facility that also processes wheat, peanuts, soybean, milk, nuts, mustard and sesame",4 months,55,,"Amrud Snack Limited
Gala No.1, B2 & B3, Bharat
Compound, Survey No.219, Opp. Dodhia
Petrol Pump, Kashimira, Mira Road (E).
Dist. Thane, Maharashtra- 401107

FSSAI Lic. No. 11517020000417
","55gm for 60rs
(1.09rs per gram)",not_launched,55,300.6,3.48,33,0.55,,4.21,18.33,8.8,,0,,242,110,,,,,,,,,
First Club,Peri peri Ragi chips,Source of Calcium | Rich in Dietary Fibre | Source of Protein | No Palm Oil,"Ragi flour, tapioca starch, rice flour, white lentil flour, gram flour, iodised salt, edible vegetable oil (rice bran oil).
 
Seasoning: Spices and spice extracts ( Peri peri chilli pepper, black pepper, cumin, cardamom, mustard seeds), dehydrated powders ( garlic, onion, ginger), dried oregano herbs, paprika oleoresin.",30," Manufactured in a facility that also processes wheat, peanuts, soybean, milk, nuts, mustard and sesame",4 months,55,,"Amrud Snack Limited
Gala No.1, B2 & B3, Bharat
Compound, Survey No.219, Opp. Dodhia
Petrol Pump, Kashimira, Mira Road (E).
Dist. Thane, Maharashtra- 401107

FSSAI Lic. No. 11517020000417
","55gm for 60rs
(1.09rs per gram)",not_launched,30,,,,,,,,,,,,,,8.2,3.5,,7.7,,,,,
First Club,Chatapta crunch Ragi chips Clean Label,Rich in Dietary Fibre | Source of Protein | No Palm Oil | Source of calcium,"  
         
Ragi flour, tapioca starch, rice flour, white lentil flour, gram flour, iodised salt, edible vegetable oil (rice bran oil).

Seasoning - Spices and spice extracts (red chilli, cumin, coriander, black pepper, clove, mace), dry mango powder, dehydrated garlic powder, dehydrated onion powder,black salt, iodised salt, corn starch, sugar, paprika oleoresin.",30," Manufactured in a facility that also processes wheat, peanuts, soybean, milk, nuts, mustard and sesame",4 months,57,,"Amrud Snack Limited
Gala No.1, B2 & B3, Bharat
Compound, Survey No.219, Opp. Dodhia
Petrol Pump, Kashimira, Mira Road (E).
Dist. Thane, Maharashtra- 401107

FSSAI Lic. No. 11517020000417
","57gm for 60rs
(1.05rs per gram)",not_launched,100,489.2,9.63,63.49,1.97,1.87,7.8,21.86,8.2,,,,1480.1,180,,,,,,,,,
First Club,Chatapta crunch Ragi chips Clean Label,Rich in Dietary Fibre | Source of Protein | No Palm Oil | Source of calcium,"  
         
Ragi flour, tapioca starch, rice flour, white lentil flour, gram flour, iodised salt, edible vegetable oil (rice bran oil).

Seasoning - Spices and spice extracts (red chilli, cumin, coriander, black pepper, clove, mace), dry mango powder, dehydrated garlic powder, dehydrated onion powder,black salt, iodised salt, corn starch, sugar, paprika oleoresin.",30," Manufactured in a facility that also processes wheat, peanuts, soybean, milk, nuts, mustard and sesame",4 months,57,,"Amrud Snack Limited
Gala No.1, B2 & B3, Bharat
Compound, Survey No.219, Opp. Dodhia
Petrol Pump, Kashimira, Mira Road (E).
Dist. Thane, Maharashtra- 401107

FSSAI Lic. No. 11517020000417
","57gm for 60rs
(1.05rs per gram)",not_launched,57,278.84,5.48,36.18,1.12,,4.44,12.46,4.67,,,,843.65,102.6,,,,,,,,,
First Club,Chatapta crunch Ragi chips Clean Label,Rich in Dietary Fibre | Source of Protein | No Palm Oil | Source of calcium,"  
         
Ragi flour, tapioca starch, rice flour, white lentil flour, gram flour, iodised salt, edible vegetable oil (rice bran oil).

Seasoning - Spices and spice extracts (red chilli, cumin, coriander, black pepper, clove, mace), dry mango powder, dehydrated garlic powder, dehydrated onion powder,black salt, iodised salt, corn starch, sugar, paprika oleoresin.",30," Manufactured in a facility that also processes wheat, peanuts, soybean, milk, nuts, mustard and sesame",4 months,57,,"Amrud Snack Limited
Gala No.1, B2 & B3, Bharat
Compound, Survey No.219, Opp. Dodhia
Petrol Pump, Kashimira, Mira Road (E).
Dist. Thane, Maharashtra- 401107

FSSAI Lic. No. 11517020000417
","57gm for 60rs
(1.05rs per gram)",not_launched,55,269.06,5.29,34.91,1.08,,4.29,12.02,4.51,,,,814.05,99,,,,,,,,,
First Club,Chatapta crunch Ragi chips Clean Label,Rich in Dietary Fibre | Source of Protein | No Palm Oil | Source of calcium,"  
         
Ragi flour, tapioca starch, rice flour, white lentil flour, gram flour, iodised salt, edible vegetable oil (rice bran oil).

Seasoning - Spices and spice extracts (red chilli, cumin, coriander, black pepper, clove, mace), dry mango powder, dehydrated garlic powder, dehydrated onion powder,black salt, iodised salt, corn starch, sugar, paprika oleoresin.",30," Manufactured in a facility that also processes wheat, peanuts, soybean, milk, nuts, mustard and sesame",4 months,57,,"Amrud Snack Limited
Gala No.1, B2 & B3, Bharat
Compound, Survey No.219, Opp. Dodhia
Petrol Pump, Kashimira, Mira Road (E).
Dist. Thane, Maharashtra- 401107

FSSAI Lic. No. 11517020000417
","57gm for 60rs
(1.05rs per gram)",not_launched,30,,,,,,,,,,,,,,7.3,5.4,1.1,7.8,,,,,
First Club,Pudina Jowar chips,Source of Protein | Source of Dietary fibre | No Palm oil,"Jowar flour, tapioca starch, rice flour, gram flour, white lentil, rice bran oil, iodised salt.
Seasoning: Spices and spice extracts ( Cumin, black pepper, green cardamom, green chilli), dry ginger powder, dehydrated pudina leaves, dehydrated coriander leaves powder, corn starch, sugar.",30," Manufactured in a facility that also processes wheat, peanuts, soybean, milk, nuts, mustard and sesame",4 months,55,,"Amrud Snack Limited
Gala No.1, B2 & B3, Bharat
Compound, Survey No.219, Opp. Dodhia
Petrol Pump, Kashimira, Mira Road (E).
Dist. Thane, Maharashtra- 401107

FSSAI Lic. No. 11517020000417
","55gm for 60rs
(1.09rs per gram)",not_launched,100,519,5.4,61.51,2.7,0.5,4.73,27.97,9.93,,0.05,2,1214.6,,,,,,,,,,
First Club,Pudina Jowar chips,Source of Protein | Source of Dietary fibre | No Palm oil,"Jowar flour, tapioca starch, rice flour, gram flour, white lentil, rice bran oil, iodised salt.
Seasoning: Spices and spice extracts ( Cumin, black pepper, green cardamom, green chilli), dry ginger powder, dehydrated pudina leaves, dehydrated coriander leaves powder, corn starch, sugar.",30," Manufactured in a facility that also processes wheat, peanuts, soybean, milk, nuts, mustard and sesame",4 months,55,,"Amrud Snack Limited
Gala No.1, B2 & B3, Bharat
Compound, Survey No.219, Opp. Dodhia
Petrol Pump, Kashimira, Mira Road (E).
Dist. Thane, Maharashtra- 401107

FSSAI Lic. No. 11517020000417
","55gm for 60rs
(1.09rs per gram)",not_launched,55,285.45,2.91,33.83,1.48,0.27,2.6,15.38,5.46,,0.027,1.1,668.03,,,,,,,,,,
First Club,Pudina Jowar chips,Source of Protein | Source of Dietary fibre | No Palm oil,"Jowar flour, tapioca starch, rice flour, gram flour, white lentil, rice bran oil, iodised salt.
Seasoning: Spices and spice extracts ( Cumin, black pepper, green cardamom, green chilli), dry ginger powder, dehydrated pudina leaves, dehydrated coriander leaves powder, corn starch, sugar.",30," Manufactured in a facility that also processes wheat, peanuts, soybean, milk, nuts, mustard and sesame",4 months,55,,"Amrud Snack Limited
Gala No.1, B2 & B3, Bharat
Compound, Survey No.219, Opp. Dodhia
Petrol Pump, Kashimira, Mira Road (E).
Dist. Thane, Maharashtra- 401107

FSSAI Lic. No. 11517020000417
","55gm for 60rs
(1.09rs per gram)",not_launched,30,,,,,,,,,,,,,,7.8,2.9,0.3,4.7,,,,,
First Club,Peri peri Jowar chips,Source of Protein | Source of Dietary fibre | No Palm oil,"Jowar flour, tapioca starch, rice flour, gram flour, white lentil, rice bran oil, iodised salt.
Seasoning: Spices and spice extracts ( Peri peri chilli pepper, black pepper, cumin, cardamom, mustard seeds), dehydrated powders( garlic, onion, ginger), dried oregano herbs, paprika oleoresin.",30," Manufactured in a facility that also processes wheat, peanuts, soybean, milk, nuts, mustard and sesame",4 months,55,,"Amrud Snack Limited
Gala No.1, B2 & B3, Bharat
Compound, Survey No.219, Opp. Dodhia
Petrol Pump, Kashimira, Mira Road (E).
Dist. Thane, Maharashtra- 401107

FSSAI Lic. No. 11517020000417
","55gm for 60rs
(1.09rs per gram)",not_launched,100,519,5.4,61.51,2.7,0.5,4.73,27.97,9.93,,0.05,2,1214.6,,,,,,,,,,
First Club,Peri peri Jowar chips,Source of Protein | Source of Dietary fibre | No Palm oil,"Jowar flour, tapioca starch, rice flour, gram flour, white lentil, rice bran oil, iodised salt.
Seasoning: Spices and spice extracts ( Peri peri chilli pepper, black pepper, cumin, cardamom, mustard seeds), dehydrated powders( garlic, onion, ginger), dried oregano herbs, paprika oleoresin.",30," Manufactured in a facility that also processes wheat, peanuts, soybean, milk, nuts, mustard and sesame",4 months,55,,"Amrud Snack Limited
Gala No.1, B2 & B3, Bharat
Compound, Survey No.219, Opp. Dodhia
Petrol Pump, Kashimira, Mira Road (E).
Dist. Thane, Maharashtra- 401107

FSSAI Lic. No. 11517020000417
","55gm for 60rs
(1.09rs per gram)",not_launched,55,285.45,2.91,33.83,1.48,0.27,2.6,15.38,5.46,,0.027,1.1,668.03,,,,,,,,,,
First Club,Peri peri Jowar chips,Source of Protein | Source of Dietary fibre | No Palm oil,"Jowar flour, tapioca starch, rice flour, gram flour, white lentil, rice bran oil, iodised salt.
Seasoning: Spices and spice extracts ( Peri peri chilli pepper, black pepper, cumin, cardamom, mustard seeds), dehydrated powders( garlic, onion, ginger), dried oregano herbs, paprika oleoresin.",30," Manufactured in a facility that also processes wheat, peanuts, soybean, milk, nuts, mustard and sesame",4 months,55,,"Amrud Snack Limited
Gala No.1, B2 & B3, Bharat
Compound, Survey No.219, Opp. Dodhia
Petrol Pump, Kashimira, Mira Road (E).
Dist. Thane, Maharashtra- 401107

FSSAI Lic. No. 11517020000417
","55gm for 60rs
(1.09rs per gram)",not_launched,30,,,,,,,,,,,,,,7.8,2.9,0.3,4.7,,,,,
First Club,Peri peri Millet Finger Clean label,1) No palm oil | 2) Source of protein | 3) Source of dietary fibre | 4) Roasted,"Jowar flour, corn grits, rice flour, quinoa flour, gram flour, edible vegetable oil (rice bran oil), iodised salt. 
Seasoning: Spices and spice extracts ( Peri peri chilli pepper, black pepper, cumin, cardamom, mustard seeds), dehydrated powders( garlic, onion, ginger), dried oregano herbs, paprika oleoresin.",30," Manufactured in a facility that also processes wheat, peanuts, soybean, milk, nuts, mustard and sesame",4 months,40,,"Amrud Snack Limited
Gala No.1, B2 & B3, Bharat
Compound, Survey No.219, Opp. Dodhia
Petrol Pump, Kashimira, Mira Road (E).
Dist. Thane, Maharashtra- 401107

FSSAI Lic. No. 11517020000417
","40gm for 45rs
1.12rs per gram",not_launched,100,404.33,8.1,64.97,1.43,1.36,5.35,12.45,4.13,,,,997.4,,,,,,,,,,
First Club,Peri peri Millet Finger Clean label,1) No palm oil | 2) Source of protein | 3) Source of dietary fibre | 4) Roasted,"Jowar flour, corn grits, rice flour, quinoa flour, gram flour, edible vegetable oil (rice bran oil), iodised salt. 
Seasoning: Spices and spice extracts ( Peri peri chilli pepper, black pepper, cumin, cardamom, mustard seeds), dehydrated powders( garlic, onion, ginger), dried oregano herbs, paprika oleoresin.",30," Manufactured in a facility that also processes wheat, peanuts, soybean, milk, nuts, mustard and sesame",4 months,40,,"Amrud Snack Limited
Gala No.1, B2 & B3, Bharat
Compound, Survey No.219, Opp. Dodhia
Petrol Pump, Kashimira, Mira Road (E).
Dist. Thane, Maharashtra- 401107

FSSAI Lic. No. 11517020000417
","40gm for 45rs
1.12rs per gram",not_launched,40,161.73,3.24,25.98,0.57,0.54,2.14,4.98,1.65,,,,398.96,,,,,,,,,,
First Club,Peri peri Millet Finger Clean label,1) No palm oil | 2) Source of protein | 3) Source of dietary fibre | 4) Roasted,"Jowar flour, corn grits, rice flour, quinoa flour, gram flour, edible vegetable oil (rice bran oil), iodised salt. 
Seasoning: Spices and spice extracts ( Peri peri chilli pepper, black pepper, cumin, cardamom, mustard seeds), dehydrated powders( garlic, onion, ginger), dried oregano herbs, paprika oleoresin.",30," Manufactured in a facility that also processes wheat, peanuts, soybean, milk, nuts, mustard and sesame",4 months,40,,"Amrud Snack Limited
Gala No.1, B2 & B3, Bharat
Compound, Survey No.219, Opp. Dodhia
Petrol Pump, Kashimira, Mira Road (E).
Dist. Thane, Maharashtra- 401107

FSSAI Lic. No. 11517020000417
","40gm for 45rs
1.12rs per gram",not_launched,30,,,,,,,,,,,,,,6.1,4.5,0.8,5.4,,,,,
First Club,Himalayan Pink Salt Makhana,Rich in Dietary Fibre | Source of Protein | No Palm oil,"Makhana (popped water lily seeds/ foxnuts), edible vegetable oil (sunflower oil), himalayan pink salt.
",30,"Manufactured In a facility on shared equipments that also handles soya products, peanuts,tree nuts, mustard.",3 Months,30,,"
Snacksmiths PVT. LTD.
Unit No. 104, First Floor, Bldg. No. 5, Square Industrial Park, National Highway - 8, Near Tungareshwar Phata, Vasai (East) - 401208 , Maharashtra, India

FSSAI Lic No. : 115190190000642","30 gm for 115/- (per gm 3.83/-)
",not_launched,100,479,9.59,67.74,1.36,,7,18.86,3.24,,,,924.1,,,,,,,,,,
First Club,Himalayan Pink Salt Makhana,Rich in Dietary Fibre | Source of Protein | No Palm oil,"Makhana (popped water lily seeds/ foxnuts), edible vegetable oil (sunflower oil), himalayan pink salt.
",30,"Manufactured In a facility on shared equipments that also handles soya products, peanuts,tree nuts, mustard.",3 Months,30,,"
Snacksmiths PVT. LTD.
Unit No. 104, First Floor, Bldg. No. 5, Square Industrial Park, National Highway - 8, Near Tungareshwar Phata, Vasai (East) - 401208 , Maharashtra, India

FSSAI Lic No. : 115190190000642","30 gm for 115/- (per gm 3.83/-)
",not_launched,30,143.7,2.87,20.32,0.408,,2.1,5.658,0.972,,,,277.23,,7.2,5.3,0.06,7,,,,,
Spreads,Milk Chocolatey Spread,No Refined Sugar | Source of protein | Rich | Creamy,"Ingredients: Edible vegetable oil (Sunflower oil), jaggery, milk solids, maltodextrin (INS 1400), cocoa solids, edible vegetable fat (hydrogenated) & emulsifier [(INS 322 (i) - lecithin of soya origin)] 

CONTAINS ADDED NATURE IDENTICAL (VANILLIN) FLAVOURING SUBSTANCES.


REVISED INGREDIENTS:
Edible vegetable oil (sunflower oil), jaggery, maltodextrin (INS1400), milk solids, cocoa solids, whey powder, hydrogenated rapeseed oil, emulsifier (INS322(i)- lecithin of soya origin),nature identical (vanilla) flavouring substances

CONTAINS ADDED NATURE IDENTICAL (VANILLA) FLAVOURING SUBSTANCES.

",100,Contains milk & milk derivatives and soy (Lecithin of Soya Origin). ,Best Before 9 Months From The Date Of Manufacturing,,250,"Manufactured at
Morde Foods Pvt Ltd.
 Manchar, Tal - Ambegaon, Dist - Pune - 410503, Maharashtra (India).
FSSAI Lic No. 10012022000152

PLEASE DON'T MENTION THIS ON LABEL","250 grams for 245/- 

(0.98/- per gram)",not_launched,100,587,5.77,51,37,25,,40,7.34,,0.06,,80,,,,,,,,,,
Spreads,Milk Chocolatey Spread,No Refined Sugar | Source of protein | Rich | Creamy,"Ingredients: Edible vegetable oil (Sunflower oil), jaggery, milk solids, maltodextrin (INS 1400), cocoa solids, edible vegetable fat (hydrogenated) & emulsifier [(INS 322 (i) - lecithin of soya origin)] 

CONTAINS ADDED NATURE IDENTICAL (VANILLIN) FLAVOURING SUBSTANCES.


REVISED INGREDIENTS:
Edible vegetable oil (sunflower oil), jaggery, maltodextrin (INS1400), milk solids, cocoa solids, whey powder, hydrogenated rapeseed oil, emulsifier (INS322(i)- lecithin of soya origin),nature identical (vanilla) flavouring substances

CONTAINS ADDED NATURE IDENTICAL (VANILLA) FLAVOURING SUBSTANCES.

",100,Contains milk & milk derivatives and soy (Lecithin of Soya Origin). ,Best Before 9 Months From The Date Of Manufacturing,,250,"Manufactured at
Morde Foods Pvt Ltd.
 Manchar, Tal - Ambegaon, Dist - Pune - 410503, Maharashtra (India).
FSSAI Lic No. 10012022000152

PLEASE DON'T MENTION THIS ON LABEL","250 grams for 245/- 

(0.98/- per gram)",not_launched,250,1467.5,14.25,127.5,92.5,62.5,,100,18.35,,0.15,,200,,,,,,,,,,
Spreads,Milk Chocolatey Spread,No Refined Sugar | Source of protein | Rich | Creamy,"Ingredients: Edible vegetable oil (Sunflower oil), jaggery, milk solids, maltodextrin (INS 1400), cocoa solids, edible vegetable fat (hydrogenated) & emulsifier [(INS 322 (i) - lecithin of soya origin)] 

CONTAINS ADDED NATURE IDENTICAL (VANILLIN) FLAVOURING SUBSTANCES.


REVISED INGREDIENTS:
Edible vegetable oil (sunflower oil), jaggery, maltodextrin (INS1400), milk solids, cocoa solids, whey powder, hydrogenated rapeseed oil, emulsifier (INS322(i)- lecithin of soya origin),nature identical (vanilla) flavouring substances

CONTAINS ADDED NATURE IDENTICAL (VANILLA) FLAVOURING SUBSTANCES.

",100,Contains milk & milk derivatives and soy (Lecithin of Soya Origin). ,Best Before 9 Months From The Date Of Manufacturing,,250,"Manufactured at
Morde Foods Pvt Ltd.
 Manchar, Tal - Ambegaon, Dist - Pune - 410503, Maharashtra (India).
FSSAI Lic No. 10012022000152

PLEASE DON'T MENTION THIS ON LABEL","250 grams for 245/- 

(0.98/- per gram)",not_launched,0,,,,,,,,,,,,,,4.4,1.6,7.5,,,,,,
Spreads,Hazelnut Spread,No Refined Sugar | Rich | Creamy,"Edible vegetable oil (sunflower oil), jaggery, maltodextrin (INS1400), milk solids, hazelnut, cocoa solids, nature identical (hazelnut) flavoring substances, edible vegetable fat (hydrogenated) & emulsifier (INS322(i)- lecithin of soya origin)

CONTAINS ADDED NATURE IDENTICAL (HAZELNUT) FLAVOURING SUBSTANCES

REVISED INGREDIENTS
Edible vegetable oil (sunflower oil), jaggery, maltodextrin (INS1400), milk solids, hazelnut, cocoa solids, whey powder, hydrogenated rapeseed oil, nature identical (hazelnut) flavoring substances, emulsifier (INS322(i)- lecithin of soya origin)

CONTAINS ADDED NATURE IDENTICAL (HAZELNUT) FLAVOURING SUBSTANCES",100,"Contains milk & milk derivatives, hazelnut and soy (Lecithin of Soya Origin). ",Best Before 9 Months From The Date Of Manufacturing,,250,"
Morde Foods Pvt Ltd.
Manchar, Tal - Ambegaon, Dist - Pune - 410503, Maharashtra (India).
FSSAI Lic No. 10012022000152

PLEASE DON'T MENTION THIS ON LABEL","250 grams for 245/- 

(0.98/- per gram)",not_launched,100,591,4.7,53,38,29,,40,6.29,,0.06,,60,,,,,,,,,,
Spreads,Hazelnut Spread,No Refined Sugar | Rich | Creamy,"Edible vegetable oil (sunflower oil), jaggery, maltodextrin (INS1400), milk solids, hazelnut, cocoa solids, nature identical (hazelnut) flavoring substances, edible vegetable fat (hydrogenated) & emulsifier (INS322(i)- lecithin of soya origin)

CONTAINS ADDED NATURE IDENTICAL (HAZELNUT) FLAVOURING SUBSTANCES

REVISED INGREDIENTS
Edible vegetable oil (sunflower oil), jaggery, maltodextrin (INS1400), milk solids, hazelnut, cocoa solids, whey powder, hydrogenated rapeseed oil, nature identical (hazelnut) flavoring substances, emulsifier (INS322(i)- lecithin of soya origin)

CONTAINS ADDED NATURE IDENTICAL (HAZELNUT) FLAVOURING SUBSTANCES",100,"Contains milk & milk derivatives, hazelnut and soy (Lecithin of Soya Origin). ",Best Before 9 Months From The Date Of Manufacturing,,250,"
Morde Foods Pvt Ltd.
Manchar, Tal - Ambegaon, Dist - Pune - 410503, Maharashtra (India).
FSSAI Lic No. 10012022000152

PLEASE DON'T MENTION THIS ON LABEL","250 grams for 245/- 

(0.98/- per gram)",not_launched,250,1477.5,11.75,132.5,95,72.5,,100,15.72,,0.15,,150,,,,,,,,,,
Spreads,Hazelnut Spread,No Refined Sugar | Rich | Creamy,"Edible vegetable oil (sunflower oil), jaggery, maltodextrin (INS1400), milk solids, hazelnut, cocoa solids, nature identical (hazelnut) flavoring substances, edible vegetable fat (hydrogenated) & emulsifier (INS322(i)- lecithin of soya origin)

CONTAINS ADDED NATURE IDENTICAL (HAZELNUT) FLAVOURING SUBSTANCES

REVISED INGREDIENTS
Edible vegetable oil (sunflower oil), jaggery, maltodextrin (INS1400), milk solids, hazelnut, cocoa solids, whey powder, hydrogenated rapeseed oil, nature identical (hazelnut) flavoring substances, emulsifier (INS322(i)- lecithin of soya origin)

CONTAINS ADDED NATURE IDENTICAL (HAZELNUT) FLAVOURING SUBSTANCES",100,"Contains milk & milk derivatives, hazelnut and soy (Lecithin of Soya Origin). ",Best Before 9 Months From The Date Of Manufacturing,,250,"
Morde Foods Pvt Ltd.
Manchar, Tal - Ambegaon, Dist - Pune - 410503, Maharashtra (India).
FSSAI Lic No. 10012022000152

PLEASE DON'T MENTION THIS ON LABEL","250 grams for 245/- 

(0.98/- per gram)",not_launched,0,,,,,,,,,,,,,,4.4,1.3,8.7,,,,,,
Spreads,Salted Caramel Spread,No Refined Sugar | Source of Protein | Creamy,"Ingredients: Edible vegetable oil (sunflower oil), jaggery, maltodextrin (INS 1400),
milk solids, cocoa solids,iodized salt, edible vegetable fat (hydrogenated), emulsifier (INS322(i)- lecithin of soya origin)

CONTAINS ADDED NATURE IDENTICAL (CARAMEL) AND ARTIFICIAL (CONDENSED MILK) FLAVOURING SUBSTANCES.

REVISED INGREDIENTS:
Edible vegetable oil (sunflower oil), jaggery, maltodextrin (INS 1400), milk solids, cocoa solids, iodized salt, hydrogenated rapeseed oil, emulsifier (INS322(i)- lecithin of soya origin), nature identical (caramel) flavouring substances & artificial (condensed milk) flavouring sustances

CONTAINS ADDED NATURE IDENTICAL (CARAMEL) AND ARTIFICIAL (CONDENSED MILK) FLAVOURING SUBSTANCES.",100,Contains milk & milk derivatives and soy (Lecithin of Soya Origin). ,Best Before 9 Months From The Date Of Manufacturing,,250,"Manufactured at
Morde Foods Pvt Ltd.
 Manchar, Tal - Ambegaon, Dist - Pune - 410503, Maharashtra (India).
FSSAI Lic No. 10012022000152

PLEASE DON'T MENTION THIS ON LABEL","250 grams for 245/- 

(0.98/- per gram)",not_launched,100,583,7.11,51,36,25,,39,6.48,,0.06,,280,,,,,,,,,,
Spreads,Salted Caramel Spread,No Refined Sugar | Source of Protein | Creamy,"Ingredients: Edible vegetable oil (sunflower oil), jaggery, maltodextrin (INS 1400),
milk solids, cocoa solids,iodized salt, edible vegetable fat (hydrogenated), emulsifier (INS322(i)- lecithin of soya origin)

CONTAINS ADDED NATURE IDENTICAL (CARAMEL) AND ARTIFICIAL (CONDENSED MILK) FLAVOURING SUBSTANCES.

REVISED INGREDIENTS:
Edible vegetable oil (sunflower oil), jaggery, maltodextrin (INS 1400), milk solids, cocoa solids, iodized salt, hydrogenated rapeseed oil, emulsifier (INS322(i)- lecithin of soya origin), nature identical (caramel) flavouring substances & artificial (condensed milk) flavouring sustances

CONTAINS ADDED NATURE IDENTICAL (CARAMEL) AND ARTIFICIAL (CONDENSED MILK) FLAVOURING SUBSTANCES.",100,Contains milk & milk derivatives and soy (Lecithin of Soya Origin). ,Best Before 9 Months From The Date Of Manufacturing,,250,"Manufactured at
Morde Foods Pvt Ltd.
 Manchar, Tal - Ambegaon, Dist - Pune - 410503, Maharashtra (India).
FSSAI Lic No. 10012022000152

PLEASE DON'T MENTION THIS ON LABEL","250 grams for 245/- 

(0.98/- per gram)",not_launched,250,1457.5,17.78,127.5,90,62.5,,97.5,16.2,,0.15,,700,,,,,,,,,,
Spreads,Salted Caramel Spread,No Refined Sugar | Source of Protein | Creamy,"Ingredients: Edible vegetable oil (sunflower oil), jaggery, maltodextrin (INS 1400),
milk solids, cocoa solids,iodized salt, edible vegetable fat (hydrogenated), emulsifier (INS322(i)- lecithin of soya origin)

CONTAINS ADDED NATURE IDENTICAL (CARAMEL) AND ARTIFICIAL (CONDENSED MILK) FLAVOURING SUBSTANCES.

REVISED INGREDIENTS:
Edible vegetable oil (sunflower oil), jaggery, maltodextrin (INS 1400), milk solids, cocoa solids, iodized salt, hydrogenated rapeseed oil, emulsifier (INS322(i)- lecithin of soya origin), nature identical (caramel) flavouring substances & artificial (condensed milk) flavouring sustances

CONTAINS ADDED NATURE IDENTICAL (CARAMEL) AND ARTIFICIAL (CONDENSED MILK) FLAVOURING SUBSTANCES.",100,Contains milk & milk derivatives and soy (Lecithin of Soya Origin). ,Best Before 9 Months From The Date Of Manufacturing,,250,"Manufactured at
Morde Foods Pvt Ltd.
 Manchar, Tal - Ambegaon, Dist - Pune - 410503, Maharashtra (India).
FSSAI Lic No. 10012022000152

PLEASE DON'T MENTION THIS ON LABEL","250 grams for 245/- 

(0.98/- per gram)",not_launched,0,,,,,,,,,,,,,,4.4,2,7.5,,,,,,
Spreads,Pistachio Spread,No Refined Sugar | Source of Protein | Creamy | Rich,"Ingredients: Edible vegetable oil (sunflower oil), jaggery, maltodextrin (INS1400), milk solids, pista, edible vegetable fat (hydrogenated), chlorophyll L- OS [vegetable oil, chlorophylls (INS 140) and antioxidant (INS 307b)], nature identical (pista) flavouring substances and emulsifier (INS 322(i) - lecithin of soya origin)

CONTAINS ADDED NATURE IDENTICAL (PISTA) FLAVOURING SUBSTANCES.


REVISED INGREDIENTS:
Edible vegetable oil (sunflower oil), jaggery, maltodextrin (INS1400), milk solids, pista, hydrogenated rapeseed oil, chlorophyll L- OS [vegetable oil, chlorophylls (INS 140) and antioxidant (INS 307b)], nature identical (pista) flavouring substances and emulsifier (INS 322(i) - lecithin of soya origin)

CONTAINS ADDED NATURE IDENTICAL (PISTA) FLAVOURING SUBSTANCES.",100,"Contains  pista,  milk & milk derivatives and soy (Lecithin of Soya Origin). ",Best Before 9 Months From The Date Of Manufacturing,,,"Manufactured at
Morde Foods Pvt Ltd.
 Manchar, Tal - Ambegaon, Dist - Pune - 410503, Maharashtra (India).
FSSAI Lic No. 10012022000152

PLEASE DON'T MENTION THIS ON LABEL","250 grams for 445/- 

(1.78/- per gram)

(Aditya suggested that we sell it on discounts at 399/-)",not_launched,100,599,7.42,48,34,23,0.2,42,7,,0.07,10,90,,,,,,,,,,
Spreads,Pistachio Spread,No Refined Sugar | Source of Protein | Creamy | Rich,"Ingredients: Edible vegetable oil (sunflower oil), jaggery, maltodextrin (INS1400), milk solids, pista, edible vegetable fat (hydrogenated), chlorophyll L- OS [vegetable oil, chlorophylls (INS 140) and antioxidant (INS 307b)], nature identical (pista) flavouring substances and emulsifier (INS 322(i) - lecithin of soya origin)

CONTAINS ADDED NATURE IDENTICAL (PISTA) FLAVOURING SUBSTANCES.


REVISED INGREDIENTS:
Edible vegetable oil (sunflower oil), jaggery, maltodextrin (INS1400), milk solids, pista, hydrogenated rapeseed oil, chlorophyll L- OS [vegetable oil, chlorophylls (INS 140) and antioxidant (INS 307b)], nature identical (pista) flavouring substances and emulsifier (INS 322(i) - lecithin of soya origin)

CONTAINS ADDED NATURE IDENTICAL (PISTA) FLAVOURING SUBSTANCES.",100,"Contains  pista,  milk & milk derivatives and soy (Lecithin of Soya Origin). ",Best Before 9 Months From The Date Of Manufacturing,,,"Manufactured at
Morde Foods Pvt Ltd.
 Manchar, Tal - Ambegaon, Dist - Pune - 410503, Maharashtra (India).
FSSAI Lic No. 10012022000152

PLEASE DON'T MENTION THIS ON LABEL","250 grams for 445/- 

(1.78/- per gram)

(Aditya suggested that we sell it on discounts at 399/-)",not_launched,250,1497.5,18.55,120,85,57.5,0.5,105,17.5,,0.17,25,225,,,,,,,,,,
Spreads,Pistachio Spread,No Refined Sugar | Source of Protein | Creamy | Rich,"Ingredients: Edible vegetable oil (sunflower oil), jaggery, maltodextrin (INS1400), milk solids, pista, edible vegetable fat (hydrogenated), chlorophyll L- OS [vegetable oil, chlorophylls (INS 140) and antioxidant (INS 307b)], nature identical (pista) flavouring substances and emulsifier (INS 322(i) - lecithin of soya origin)

CONTAINS ADDED NATURE IDENTICAL (PISTA) FLAVOURING SUBSTANCES.


REVISED INGREDIENTS:
Edible vegetable oil (sunflower oil), jaggery, maltodextrin (INS1400), milk solids, pista, hydrogenated rapeseed oil, chlorophyll L- OS [vegetable oil, chlorophylls (INS 140) and antioxidant (INS 307b)], nature identical (pista) flavouring substances and emulsifier (INS 322(i) - lecithin of soya origin)

CONTAINS ADDED NATURE IDENTICAL (PISTA) FLAVOURING SUBSTANCES.",100,"Contains  pista,  milk & milk derivatives and soy (Lecithin of Soya Origin). ",Best Before 9 Months From The Date Of Manufacturing,,,"Manufactured at
Morde Foods Pvt Ltd.
 Manchar, Tal - Ambegaon, Dist - Pune - 410503, Maharashtra (India).
FSSAI Lic No. 10012022000152

PLEASE DON'T MENTION THIS ON LABEL","250 grams for 445/- 

(1.78/- per gram)

(Aditya suggested that we sell it on discounts at 399/-)",not_launched,15,89.85,1.11,7.2,5.1,3.45,0.03,6.3,1.05,,0.0105,1.5,13.5,,,,,,,,,,
Spreads,Pistachio Spread,No Refined Sugar | Source of Protein | Creamy | Rich,"Ingredients: Edible vegetable oil (sunflower oil), jaggery, maltodextrin (INS1400), milk solids, pista, edible vegetable fat (hydrogenated), chlorophyll L- OS [vegetable oil, chlorophylls (INS 140) and antioxidant (INS 307b)], nature identical (pista) flavouring substances and emulsifier (INS 322(i) - lecithin of soya origin)

CONTAINS ADDED NATURE IDENTICAL (PISTA) FLAVOURING SUBSTANCES.


REVISED INGREDIENTS:
Edible vegetable oil (sunflower oil), jaggery, maltodextrin (INS1400), milk solids, pista, hydrogenated rapeseed oil, chlorophyll L- OS [vegetable oil, chlorophylls (INS 140) and antioxidant (INS 307b)], nature identical (pista) flavouring substances and emulsifier (INS 322(i) - lecithin of soya origin)

CONTAINS ADDED NATURE IDENTICAL (PISTA) FLAVOURING SUBSTANCES.",100,"Contains  pista,  milk & milk derivatives and soy (Lecithin of Soya Origin). ",Best Before 9 Months From The Date Of Manufacturing,,,"Manufactured at
Morde Foods Pvt Ltd.
 Manchar, Tal - Ambegaon, Dist - Pune - 410503, Maharashtra (India).
FSSAI Lic No. 10012022000152

PLEASE DON'T MENTION THIS ON LABEL","250 grams for 445/- 

(1.78/- per gram)

(Aditya suggested that we sell it on discounts at 399/-)",not_launched,0,,,,,,,,,,,,,,4.49,2.1,6.9,0.1,,,,,
Spreads,Vanilla Creme Spread,No Refined Sugar | Source of Protein | Creamy | Rich,"Edible vegetable oil (sunflower oil), jaggery, maltodextrin (INS1400), milk solids, edible vegetable fat (hydrogenated), emulsifier (INS322(i)- lecithin of soya origin)

CONTAINS ADDED NATURE IDENTICAL (COOKIES & CREAM) FLAVOURING SUBSTANCES.


REVISED INGREDIENTS:
Edible vegetable oil (sunflower oil), jaggery, maltodextrin (INS1400), milk solids, hydrogenated rapeseed oil, emulsifier (INS322(i)- lecithin of soya origin),nature identical (cookies and cream) flavouring substances

CONTAINS ADDED NATURE IDENTICAL (COOKIES & CREAM) FLAVOURING SUBSTANCES.



",100,Contains milk & milk derivatives and soy (Lecithin of Soya Origin). ,Best Before 9 Months From The Date Of Manufacturing,,,"Manufactured at
Morde Foods Pvt Ltd.
 Manchar, Tal - Ambegaon, Dist - Pune - 410503, Maharashtra (India).
FSSAI Lic No. 10012022000152

PLEASE DON'T MENTION THIS ON LABEL","250 grams for 245/- 

(0.98/- per gram)",not_launched,100,592,6.7,49,36,24,,41,6.71,,0.07,,90,,,,,,,,,,
Spreads,Vanilla Creme Spread,No Refined Sugar | Source of Protein | Creamy | Rich,"Edible vegetable oil (sunflower oil), jaggery, maltodextrin (INS1400), milk solids, edible vegetable fat (hydrogenated), emulsifier (INS322(i)- lecithin of soya origin)

CONTAINS ADDED NATURE IDENTICAL (COOKIES & CREAM) FLAVOURING SUBSTANCES.


REVISED INGREDIENTS:
Edible vegetable oil (sunflower oil), jaggery, maltodextrin (INS1400), milk solids, hydrogenated rapeseed oil, emulsifier (INS322(i)- lecithin of soya origin),nature identical (cookies and cream) flavouring substances

CONTAINS ADDED NATURE IDENTICAL (COOKIES & CREAM) FLAVOURING SUBSTANCES.



",100,Contains milk & milk derivatives and soy (Lecithin of Soya Origin). ,Best Before 9 Months From The Date Of Manufacturing,,,"Manufactured at
Morde Foods Pvt Ltd.
 Manchar, Tal - Ambegaon, Dist - Pune - 410503, Maharashtra (India).
FSSAI Lic No. 10012022000152

PLEASE DON'T MENTION THIS ON LABEL","250 grams for 245/- 

(0.98/- per gram)",not_launched,250,1480,16.75,122.5,90,60,,102.5,16.77,,0.175,,225,,,,,,,,,,
Spreads,Vanilla Creme Spread,No Refined Sugar | Source of Protein | Creamy | Rich,"Edible vegetable oil (sunflower oil), jaggery, maltodextrin (INS1400), milk solids, edible vegetable fat (hydrogenated), emulsifier (INS322(i)- lecithin of soya origin)

CONTAINS ADDED NATURE IDENTICAL (COOKIES & CREAM) FLAVOURING SUBSTANCES.


REVISED INGREDIENTS:
Edible vegetable oil (sunflower oil), jaggery, maltodextrin (INS1400), milk solids, hydrogenated rapeseed oil, emulsifier (INS322(i)- lecithin of soya origin),nature identical (cookies and cream) flavouring substances

CONTAINS ADDED NATURE IDENTICAL (COOKIES & CREAM) FLAVOURING SUBSTANCES.



",100,Contains milk & milk derivatives and soy (Lecithin of Soya Origin). ,Best Before 9 Months From The Date Of Manufacturing,,,"Manufactured at
Morde Foods Pvt Ltd.
 Manchar, Tal - Ambegaon, Dist - Pune - 410503, Maharashtra (India).
FSSAI Lic No. 10012022000152

PLEASE DON'T MENTION THIS ON LABEL","250 grams for 245/- 

(0.98/- per gram)",not_launched,0,,,,,,,,,,,,,,4.44,1.86,7.2,,,,,,
Spreads,Butterscotch Spread,No Refined Sugar | Source of Protein | Creamy," Edible vegetable oil (sunflower oil), jaggery, milk solids, maltodextrin (INS1400), cashew, cocoa solids, edible vegetable fat (hydrogenated), emulsifier (INS322(i)- lecithin of soya origin) 
CONTAINS ADDED NATURE IDENTICAL (BUTTERSCOTCH) FLAVOURING SUBSTANCES.

REVISED INGREDIENTS
Edible vegetable oil (sunflower oil), jaggery, milk solids, maltodextrin (INS1400), cashew, cocoa solids, hydrogenated rapeseed oil,emulsifier (INS322(i)- lecithin of soya origin, nature identical (butterscotch) flavouring substance

CONTAINS ADDED NATURE IDENTICAL (BUTTERSCOTCH) FLAVOURING SUBSTANCES.

",100,"Contains milk & milk derivatives, cashew nuts and soy (Lecithin of Soya Origin). ",Best Before 9 Months From The Date Of Manufacturing,,,"Manufactured at
Morde Foods Pvt Ltd.
 Manchar, Tal - Ambegaon, Dist - Pune - 410503, Maharashtra (India).
FSSAI Lic No. 10012022000152

PLEASE DON'T MENTION THIS ON LABEL","250 grams for 245/- 

(0.98/- per gram)",not_launched,100,574,7.36,53,38,28,,37,5.74,,0.06,,70,,,,,,,,,,
Spreads,Butterscotch Spread,No Refined Sugar | Source of Protein | Creamy," Edible vegetable oil (sunflower oil), jaggery, milk solids, maltodextrin (INS1400), cashew, cocoa solids, edible vegetable fat (hydrogenated), emulsifier (INS322(i)- lecithin of soya origin) 
CONTAINS ADDED NATURE IDENTICAL (BUTTERSCOTCH) FLAVOURING SUBSTANCES.

REVISED INGREDIENTS
Edible vegetable oil (sunflower oil), jaggery, milk solids, maltodextrin (INS1400), cashew, cocoa solids, hydrogenated rapeseed oil,emulsifier (INS322(i)- lecithin of soya origin, nature identical (butterscotch) flavouring substance

CONTAINS ADDED NATURE IDENTICAL (BUTTERSCOTCH) FLAVOURING SUBSTANCES.

",100,"Contains milk & milk derivatives, cashew nuts and soy (Lecithin of Soya Origin). ",Best Before 9 Months From The Date Of Manufacturing,,,"Manufactured at
Morde Foods Pvt Ltd.
 Manchar, Tal - Ambegaon, Dist - Pune - 410503, Maharashtra (India).
FSSAI Lic No. 10012022000152

PLEASE DON'T MENTION THIS ON LABEL","250 grams for 245/- 

(0.98/- per gram)",not_launched,250,1435,18.4,132.5,95,70,,92.5,14.35,,0.15,,175,,,,,,,,,,
Spreads,Butterscotch Spread,No Refined Sugar | Source of Protein | Creamy," Edible vegetable oil (sunflower oil), jaggery, milk solids, maltodextrin (INS1400), cashew, cocoa solids, edible vegetable fat (hydrogenated), emulsifier (INS322(i)- lecithin of soya origin) 
CONTAINS ADDED NATURE IDENTICAL (BUTTERSCOTCH) FLAVOURING SUBSTANCES.

REVISED INGREDIENTS
Edible vegetable oil (sunflower oil), jaggery, milk solids, maltodextrin (INS1400), cashew, cocoa solids, hydrogenated rapeseed oil,emulsifier (INS322(i)- lecithin of soya origin, nature identical (butterscotch) flavouring substance

CONTAINS ADDED NATURE IDENTICAL (BUTTERSCOTCH) FLAVOURING SUBSTANCES.

",100,"Contains milk & milk derivatives, cashew nuts and soy (Lecithin of Soya Origin). ",Best Before 9 Months From The Date Of Manufacturing,,,"Manufactured at
Morde Foods Pvt Ltd.
 Manchar, Tal - Ambegaon, Dist - Pune - 410503, Maharashtra (India).
FSSAI Lic No. 10012022000152

PLEASE DON'T MENTION THIS ON LABEL","250 grams for 245/- 

(0.98/- per gram)",not_launched,0,,,,,,,,,,,,,,4.3,2.04,8.4,,,,,,
Diwali products 2025,Millet Laddoo,No Refined Sugar | Source of Protein | Rich in Dietary Fiber | Made with the Goodness of Millets / Contains 43% Millets | Made with 100% Ghee,"Millets- 43% (ragi flour, bajra flour, jowar flour), jaggery, ghee (clarified butter), dessicated coconut, sesame seeds, almond, cashew, cardamom powder.",100,"Contains milk products, cashew nuts, almonds and sesame seeds. Manufactured in a facility that processes food containing gluten, peanut, tree nut and other nuts.",120 Days ,,200,"MBO Milletly Foods India LLP House No. 733, Birwadi Phata, Kalyan Murbad Road, Village - Potgaon, Taluka - Murbad, Thane - 421401, Murbad Tahshil, Ulhasnagar & Ambarnath Tahashil (Thane Zone-9), Maharashtra-421401

 FSSAI Lic - 11524018000113",200gm for 350/- (per gm 1.75/-),not_launched,100,528,6.8,58.53,20.82,19.78,9.01,29.67,19.13,,0,53.38,19.8,127.3,26.4,12.6,39.6,30,,,,,
Diwali products 2025,Millet Laddoo,No Refined Sugar | Source of Protein | Rich in Dietary Fiber | Made with the Goodness of Millets / Contains 43% Millets | Made with 100% Ghee,"Millets- 43% (ragi flour, bajra flour, jowar flour), jaggery, ghee (clarified butter), dessicated coconut, sesame seeds, almond, cashew, cardamom powder.",100,"Contains milk products, cashew nuts, almonds and sesame seeds. Manufactured in a facility that processes food containing gluten, peanut, tree nut and other nuts.",120 Days ,,200,"MBO Milletly Foods India LLP House No. 733, Birwadi Phata, Kalyan Murbad Road, Village - Potgaon, Taluka - Murbad, Thane - 421401, Murbad Tahshil, Ulhasnagar & Ambarnath Tahashil (Thane Zone-9), Maharashtra-421401

 FSSAI Lic - 11524018000113",200gm for 350/- (per gm 1.75/-),not_launched,33,174.24,2.24,19.31,6.87,6.52,2.97,9.79,6.31,,0,17.61,6.53,42.009,8.7,4.2,13,9.9,,,,,
Diwali products 2025,Millet Laddoo,No Refined Sugar | Source of Protein | Rich in Dietary Fiber | Made with the Goodness of Millets / Contains 43% Millets | Made with 100% Ghee,"Millets- 43% (ragi flour, bajra flour, jowar flour), jaggery, ghee (clarified butter), dessicated coconut, sesame seeds, almond, cashew, cardamom powder.",100,"Contains milk products, cashew nuts, almonds and sesame seeds. Manufactured in a facility that processes food containing gluten, peanut, tree nut and other nuts.",120 Days ,,200,"MBO Milletly Foods India LLP House No. 733, Birwadi Phata, Kalyan Murbad Road, Village - Potgaon, Taluka - Murbad, Thane - 421401, Murbad Tahshil, Ulhasnagar & Ambarnath Tahashil (Thane Zone-9), Maharashtra-421401

 FSSAI Lic - 11524018000113",200gm for 350/- (per gm 1.75/-),not_launched,25,132,1.7,14.63,5.2,4.95,2.25,7.42,4.78,,0,13.35,4.95,31.58,,,,,,,,,
Diwali products 2025,Sattu Laddoo,Source of Protein | Rich in Dietary Fibre | Made with 100% Ghee | No Refined Sugar,"Sattu flour, almond, cashew, cardamom, ghee, desiccated coconut, jaggery",100,"Contains milk products, cashew nuts, almonds and sesame seeds. Manufactured in a facility that processes food containing gluten, peanut, tree nut and other nuts.",120 Days ,,200,"MBO Milletly Foods India
 LLP House No. 733, Birwadi Phata, Kalyan Murbad Road, Village - Potgaon, Taluka - Murbad, Thane - 421401, Murbad Tahshil, Ulhasnagar & Ambarnath Tahashil (Thane Zone-9), Maharashtra-421401

 FSSAI Lic No. 11524018000113",200gm for 350/- (per gm 1.75/-),not_launched,100,546.9,9.74,50.56,19.28,18.32,9.24,33.96,22.11,,,28.27,25.2,51,,,,,,,,,
Diwali products 2025,Sattu Laddoo,Source of Protein | Rich in Dietary Fibre | Made with 100% Ghee | No Refined Sugar,"Sattu flour, almond, cashew, cardamom, ghee, desiccated coconut, jaggery",100,"Contains milk products, cashew nuts, almonds and sesame seeds. Manufactured in a facility that processes food containing gluten, peanut, tree nut and other nuts.",120 Days ,,200,"MBO Milletly Foods India
 LLP House No. 733, Birwadi Phata, Kalyan Murbad Road, Village - Potgaon, Taluka - Murbad, Thane - 421401, Murbad Tahshil, Ulhasnagar & Ambarnath Tahashil (Thane Zone-9), Maharashtra-421401

 FSSAI Lic No. 11524018000113",200gm for 350/- (per gm 1.75/-),not_launched,33,180.47,3.21,16.68,6.36,6.04,3.04,11.2,7.3,,,9.32,8.31,16.83,9.02,6,12.1,10.2,,,,,
Diwali products 2025,Sattu Laddoo,Source of Protein | Rich in Dietary Fibre | Made with 100% Ghee | No Refined Sugar,"Sattu flour, almond, cashew, cardamom, ghee, desiccated coconut, jaggery",100,"Contains milk products, cashew nuts, almonds and sesame seeds. Manufactured in a facility that processes food containing gluten, peanut, tree nut and other nuts.",120 Days ,,200,"MBO Milletly Foods India
 LLP House No. 733, Birwadi Phata, Kalyan Murbad Road, Village - Potgaon, Taluka - Murbad, Thane - 421401, Murbad Tahshil, Ulhasnagar & Ambarnath Tahashil (Thane Zone-9), Maharashtra-421401

 FSSAI Lic No. 11524018000113",200gm for 350/- (per gm 1.75/-),not_launched,25,132,1.7,14.63,5.2,4.95,2.25,7.42,4.78,,0,13.35,4.95,31.58,,,,,,,,,
Diwali products 2025,Choco Peanut Kunafa,Sweetened with Palm Jaggery | No Refined Sugar | Source of Dietary Fibre | Rich in Protein,"Palm jaggery powder, hydrogenated vegetable fat, peanut, milk solids, cocoa solids, kataifi, emulsifiers (INS 322), nature identical flavouring substances (Vanillin).
CONTAINS NATURAL & NATURE IDENTICAL FLAVORING SUBSTANCES.",56,"Contains peanuts, milk and milk products. Processed in a facility that also  processes products containing milk, nuts, soya & wheat.","Best before 3 Months from the date of Manufacuting 


Store in a cool and dry place
Temperature and humidity changes may cause a whitish layer on the product without affecting its fitness for consumption.
Store at temperatures below 18° C",56,84,"ENILUAP
No 54/2, Singasandra, Begur Hobli, Hosur Main Road, Bengaluru - 560068

FSSAI Lic. No: 11221333001339","Box of 4
210/- for 56 grams 
(3.75/- per gram)

Box of 6
335/- for 84 grams
(3.98/- per gram)
Box of 5
262.5/- for 70grams 
(3.75/- per gram)
Box of 3
160/- for 42gram
(3.8/- per gram)",not_launched,100,585,15,45,35,30.3,4.5,41.5,20.4,,0.4,0,90,,,,,,,,,,
Diwali products 2025,Choco Peanut Kunafa,Sweetened with Palm Jaggery | No Refined Sugar | Source of Dietary Fibre | Rich in Protein,"Palm jaggery powder, hydrogenated vegetable fat, peanut, milk solids, cocoa solids, kataifi, emulsifiers (INS 322), nature identical flavouring substances (Vanillin).
CONTAINS NATURAL & NATURE IDENTICAL FLAVORING SUBSTANCES.",56,"Contains peanuts, milk and milk products. Processed in a facility that also  processes products containing milk, nuts, soya & wheat.","Best before 3 Months from the date of Manufacuting 


Store in a cool and dry place
Temperature and humidity changes may cause a whitish layer on the product without affecting its fitness for consumption.
Store at temperatures below 18° C",56,84,"ENILUAP
No 54/2, Singasandra, Begur Hobli, Hosur Main Road, Bengaluru - 560068

FSSAI Lic. No: 11221333001339","Box of 4
210/- for 56 grams 
(3.75/- per gram)

Box of 6
335/- for 84 grams
(3.98/- per gram)
Box of 5
262.5/- for 70grams 
(3.75/- per gram)
Box of 3
160/- for 42gram
(3.8/- per gram)",not_launched,14,81.9,2.1,6.3,4.9,4.24,0.63,5.81,2.85,,0.056,0,12.6,,4.1,3.9,8.5,2.1,,,,,
Diwali products 2025,Choco Peanut Kunafa,Sweetened with Palm Jaggery | No Refined Sugar | Source of Dietary Fibre | Rich in Protein,"Palm jaggery powder, hydrogenated vegetable fat, peanut, milk solids, cocoa solids, kataifi, emulsifiers (INS 322), nature identical flavouring substances (Vanillin).
CONTAINS NATURAL & NATURE IDENTICAL FLAVORING SUBSTANCES.",56,"Contains peanuts, milk and milk products. Processed in a facility that also  processes products containing milk, nuts, soya & wheat.","Best before 3 Months from the date of Manufacuting 


Store in a cool and dry place
Temperature and humidity changes may cause a whitish layer on the product without affecting its fitness for consumption.
Store at temperatures below 18° C",56,84,"ENILUAP
No 54/2, Singasandra, Begur Hobli, Hosur Main Road, Bengaluru - 560068

FSSAI Lic. No: 11221333001339","Box of 4
210/- for 56 grams 
(3.75/- per gram)

Box of 6
335/- for 84 grams
(3.98/- per gram)
Box of 5
262.5/- for 70grams 
(3.75/- per gram)
Box of 3
160/- for 42gram
(3.8/- per gram)",not_launched,84,491.4,12.6,37.8,29.4,25.4,3.78,34.8,17.1,,0.3,0,75.6,,,,,,,,,,
Diwali products 2025,Choco Peanut Kunafa,Sweetened with Palm Jaggery | No Refined Sugar | Source of Dietary Fibre | Rich in Protein,"Palm jaggery powder, hydrogenated vegetable fat, peanut, milk solids, cocoa solids, kataifi, emulsifiers (INS 322), nature identical flavouring substances (Vanillin).
CONTAINS NATURAL & NATURE IDENTICAL FLAVORING SUBSTANCES.",56,"Contains peanuts, milk and milk products. Processed in a facility that also  processes products containing milk, nuts, soya & wheat.","Best before 3 Months from the date of Manufacuting 


Store in a cool and dry place
Temperature and humidity changes may cause a whitish layer on the product without affecting its fitness for consumption.
Store at temperatures below 18° C",56,84,"ENILUAP
No 54/2, Singasandra, Begur Hobli, Hosur Main Road, Bengaluru - 560068

FSSAI Lic. No: 11221333001339","Box of 4
210/- for 56 grams 
(3.75/- per gram)

Box of 6
335/- for 84 grams
(3.98/- per gram)
Box of 5
262.5/- for 70grams 
(3.75/- per gram)
Box of 3
160/- for 42gram
(3.8/- per gram)",not_launched,56,327.6,8.4,25.2,19.6,16.9,2.5,23.2,11.4,,0.2,0,50.4,,,,,,,,,,
Diwali products 2025,Choco Hazelnut Kunafa,Sweetened with Palm Jaggery | No Refined Sugar | Source of Dietary Fibre | Source of Protein,"Palm jaggery powder, hydrogenated vegetable fat, hazelnut cream, milk solids, cocoa solids, kataifi, emulsifiers (INS 322), nature identical flavouring substances (Vanillin).
CONTAINS NATURAL & NATURE IDENTICAL FLAVORING SUBSTANCES",56,"Contains milk and milk products. Processed in a facility that also  processes products containing milk, nuts, soya & wheat.","Best before 3 Months from the date of Manufacuting 


Store in a cool and dry place
Temperature and humidity changes may cause a whitish layer on the product without affecting its fitness for consumption.. 
Store at temperatures below 18° C",56,84,"ENILUAP
No 54/2, Singasandra, Begur Hobli, Hosur Main Road, Bengaluru - 560068
FSSAI Lic. No : 11221333001339","Box of 4
210/- for 56 grams 
(3.75/- per gram)

Box of 6
335/- for 84 grams
(3.98/- per gram)

Box of 5
262.5/- for 70grams 
(3.75/- per gram)
Box of 3
160/- for 42gram
(3.8/- per gram)",not_launched,100,557.2,7.5,56.9,53.5,44.6,4.5,32.7,32.4,,0.17,6,81,,,,,,,,,,
Diwali products 2025,Choco Hazelnut Kunafa,Sweetened with Palm Jaggery | No Refined Sugar | Source of Dietary Fibre | Source of Protein,"Palm jaggery powder, hydrogenated vegetable fat, hazelnut cream, milk solids, cocoa solids, kataifi, emulsifiers (INS 322), nature identical flavouring substances (Vanillin).
CONTAINS NATURAL & NATURE IDENTICAL FLAVORING SUBSTANCES",56,"Contains milk and milk products. Processed in a facility that also  processes products containing milk, nuts, soya & wheat.","Best before 3 Months from the date of Manufacuting 


Store in a cool and dry place
Temperature and humidity changes may cause a whitish layer on the product without affecting its fitness for consumption.. 
Store at temperatures below 18° C",56,84,"ENILUAP
No 54/2, Singasandra, Begur Hobli, Hosur Main Road, Bengaluru - 560068
FSSAI Lic. No : 11221333001339","Box of 4
210/- for 56 grams 
(3.75/- per gram)

Box of 6
335/- for 84 grams
(3.98/- per gram)

Box of 5
262.5/- for 70grams 
(3.75/- per gram)
Box of 3
160/- for 42gram
(3.8/- per gram)",not_launched,14,78,1.05,7.96,7.49,6.24,0.63,4.57,4.53,,0.02,0.84,11.34,,3.9,1.94,12.5,2.1,,,,,
Diwali products 2025,Choco Hazelnut Kunafa,Sweetened with Palm Jaggery | No Refined Sugar | Source of Dietary Fibre | Source of Protein,"Palm jaggery powder, hydrogenated vegetable fat, hazelnut cream, milk solids, cocoa solids, kataifi, emulsifiers (INS 322), nature identical flavouring substances (Vanillin).
CONTAINS NATURAL & NATURE IDENTICAL FLAVORING SUBSTANCES",56,"Contains milk and milk products. Processed in a facility that also  processes products containing milk, nuts, soya & wheat.","Best before 3 Months from the date of Manufacuting 


Store in a cool and dry place
Temperature and humidity changes may cause a whitish layer on the product without affecting its fitness for consumption.. 
Store at temperatures below 18° C",56,84,"ENILUAP
No 54/2, Singasandra, Begur Hobli, Hosur Main Road, Bengaluru - 560068
FSSAI Lic. No : 11221333001339","Box of 4
210/- for 56 grams 
(3.75/- per gram)

Box of 6
335/- for 84 grams
(3.98/- per gram)

Box of 5
262.5/- for 70grams 
(3.75/- per gram)
Box of 3
160/- for 42gram
(3.8/- per gram)",not_launched,84,468.04,6.3,47.79,44.94,37.46,3.78,27.46,27.21,,0.14,5.04,68.04,,,,,,,,,,
Diwali products 2025,Choco Hazelnut Kunafa,Sweetened with Palm Jaggery | No Refined Sugar | Source of Dietary Fibre | Source of Protein,"Palm jaggery powder, hydrogenated vegetable fat, hazelnut cream, milk solids, cocoa solids, kataifi, emulsifiers (INS 322), nature identical flavouring substances (Vanillin).
CONTAINS NATURAL & NATURE IDENTICAL FLAVORING SUBSTANCES",56,"Contains milk and milk products. Processed in a facility that also  processes products containing milk, nuts, soya & wheat.","Best before 3 Months from the date of Manufacuting 


Store in a cool and dry place
Temperature and humidity changes may cause a whitish layer on the product without affecting its fitness for consumption.. 
Store at temperatures below 18° C",56,84,"ENILUAP
No 54/2, Singasandra, Begur Hobli, Hosur Main Road, Bengaluru - 560068
FSSAI Lic. No : 11221333001339","Box of 4
210/- for 56 grams 
(3.75/- per gram)

Box of 6
335/- for 84 grams
(3.98/- per gram)

Box of 5
262.5/- for 70grams 
(3.75/- per gram)
Box of 3
160/- for 42gram
(3.8/- per gram)",not_launched,56,312.03,4.2,31.86,29.96,24.97,2.52,18.31,18.14,,0.09,3.36,45.36,,,,,,,,,,
Diwali products 2025,Choco Pista Kunafa,Sweetened with Palm Jaggery | No Refined Sugar | Source of Dietary Fibre | Source of Protein,"Palm jaggery powder, hydrogenated vegetable fat, pista cream, milk solids, cocoa solids, kataifi, emulsifiers (INS 322), nature identical flavouring substances (Vanillin).
CONTAINS NATURAL & NATURE IDENTICAL FLAVORING SUBSTANCES",56,"Processed in a facility that  also processes  products containing milk, nuts, soya & wheat.","Best before 3 Months from the date of Manufacuting 


Store in a cool and dry place
Temperature and humidity changes may cause a whitish layer on the product without affecting its fitness for consumption. 
Store at temperatures below 18° C",56,84,"ENILUAP
No 54/2, Singasandra, Begur Hobli, Hosur Main Road, Bengaluru - 560068
FSSAI Lic. No : 11221333001339","Box of 4
210/- for 56 grams 
(3.75/- per gram)

Box of 6
335/- for 84 grams
(3.98/- per gram)
Box of 5
262.5/- for 70grams 
(3.75/- per gram)
Box of 3
160/- for 42gram
(3.8/- per gram)",not_launched,100,570,5.52,56,51,42,4.5,36,33,,0.2,12,125,,,,,,,,,,
Diwali products 2025,Choco Pista Kunafa,Sweetened with Palm Jaggery | No Refined Sugar | Source of Dietary Fibre | Source of Protein,"Palm jaggery powder, hydrogenated vegetable fat, pista cream, milk solids, cocoa solids, kataifi, emulsifiers (INS 322), nature identical flavouring substances (Vanillin).
CONTAINS NATURAL & NATURE IDENTICAL FLAVORING SUBSTANCES",56,"Processed in a facility that  also processes  products containing milk, nuts, soya & wheat.","Best before 3 Months from the date of Manufacuting 


Store in a cool and dry place
Temperature and humidity changes may cause a whitish layer on the product without affecting its fitness for consumption. 
Store at temperatures below 18° C",56,84,"ENILUAP
No 54/2, Singasandra, Begur Hobli, Hosur Main Road, Bengaluru - 560068
FSSAI Lic. No : 11221333001339","Box of 4
210/- for 56 grams 
(3.75/- per gram)

Box of 6
335/- for 84 grams
(3.98/- per gram)
Box of 5
262.5/- for 70grams 
(3.75/- per gram)
Box of 3
160/- for 42gram
(3.8/- per gram)",not_launched,14,79.8,0.77,7.84,7.14,5.88,0.63,5.04,4.62,,0.028,1.68,17.5,,4,1.4,11.8,2.1,,,,,
Diwali products 2025,Choco Pista Kunafa,Sweetened with Palm Jaggery | No Refined Sugar | Source of Dietary Fibre | Source of Protein,"Palm jaggery powder, hydrogenated vegetable fat, pista cream, milk solids, cocoa solids, kataifi, emulsifiers (INS 322), nature identical flavouring substances (Vanillin).
CONTAINS NATURAL & NATURE IDENTICAL FLAVORING SUBSTANCES",56,"Processed in a facility that  also processes  products containing milk, nuts, soya & wheat.","Best before 3 Months from the date of Manufacuting 


Store in a cool and dry place
Temperature and humidity changes may cause a whitish layer on the product without affecting its fitness for consumption. 
Store at temperatures below 18° C",56,84,"ENILUAP
No 54/2, Singasandra, Begur Hobli, Hosur Main Road, Bengaluru - 560068
FSSAI Lic. No : 11221333001339","Box of 4
210/- for 56 grams 
(3.75/- per gram)

Box of 6
335/- for 84 grams
(3.98/- per gram)
Box of 5
262.5/- for 70grams 
(3.75/- per gram)
Box of 3
160/- for 42gram
(3.8/- per gram)",not_launched,84,478.8,4.63,47.04,42.84,35.28,3.78,30.24,27.72,,0.168,10.08,105,,,,,,,,,,
Diwali products 2025,Choco Pista Kunafa,Sweetened with Palm Jaggery | No Refined Sugar | Source of Dietary Fibre | Source of Protein,"Palm jaggery powder, hydrogenated vegetable fat, pista cream, milk solids, cocoa solids, kataifi, emulsifiers (INS 322), nature identical flavouring substances (Vanillin).
CONTAINS NATURAL & NATURE IDENTICAL FLAVORING SUBSTANCES",56,"Processed in a facility that  also processes  products containing milk, nuts, soya & wheat.","Best before 3 Months from the date of Manufacuting 


Store in a cool and dry place
Temperature and humidity changes may cause a whitish layer on the product without affecting its fitness for consumption. 
Store at temperatures below 18° C",56,84,"ENILUAP
No 54/2, Singasandra, Begur Hobli, Hosur Main Road, Bengaluru - 560068
FSSAI Lic. No : 11221333001339","Box of 4
210/- for 56 grams 
(3.75/- per gram)

Box of 6
335/- for 84 grams
(3.98/- per gram)
Box of 5
262.5/- for 70grams 
(3.75/- per gram)
Box of 3
160/- for 42gram
(3.8/- per gram)",not_launched,70,399,3.85,39.2,35.7,29.4,3.15,25.2,23.1,,0.14,8.4,87.5,,,,,,,,,,
Diwali products 2025,Choco Pista Kunafa,Sweetened with Palm Jaggery | No Refined Sugar | Source of Dietary Fibre | Source of Protein,"Palm jaggery powder, hydrogenated vegetable fat, pista cream, milk solids, cocoa solids, kataifi, emulsifiers (INS 322), nature identical flavouring substances (Vanillin).
CONTAINS NATURAL & NATURE IDENTICAL FLAVORING SUBSTANCES",56,"Processed in a facility that  also processes  products containing milk, nuts, soya & wheat.","Best before 3 Months from the date of Manufacuting 


Store in a cool and dry place
Temperature and humidity changes may cause a whitish layer on the product without affecting its fitness for consumption. 
Store at temperatures below 18° C",56,84,"ENILUAP
No 54/2, Singasandra, Begur Hobli, Hosur Main Road, Bengaluru - 560068
FSSAI Lic. No : 11221333001339","Box of 4
210/- for 56 grams 
(3.75/- per gram)

Box of 6
335/- for 84 grams
(3.98/- per gram)
Box of 5
262.5/- for 70grams 
(3.75/- per gram)
Box of 3
160/- for 42gram
(3.8/- per gram)",not_launched,56,319.2,3.09,31.36,28.56,23.52,2.52,20.16,18.48,,0.11,6.72,70,,,,,,,,,,
Diwali products 2025,Choco Pista Kunafa,Sweetened with Palm Jaggery | No Refined Sugar | Source of Dietary Fibre | Source of Protein,"Palm jaggery powder, hydrogenated vegetable fat, pista cream, milk solids, cocoa solids, kataifi, emulsifiers (INS 322), nature identical flavouring substances (Vanillin).
CONTAINS NATURAL & NATURE IDENTICAL FLAVORING SUBSTANCES",56,"Processed in a facility that  also processes  products containing milk, nuts, soya & wheat.","Best before 3 Months from the date of Manufacuting 


Store in a cool and dry place
Temperature and humidity changes may cause a whitish layer on the product without affecting its fitness for consumption. 
Store at temperatures below 18° C",56,84,"ENILUAP
No 54/2, Singasandra, Begur Hobli, Hosur Main Road, Bengaluru - 560068
FSSAI Lic. No : 11221333001339","Box of 4
210/- for 56 grams 
(3.75/- per gram)

Box of 6
335/- for 84 grams
(3.98/- per gram)
Box of 5
262.5/- for 70grams 
(3.75/- per gram)
Box of 3
160/- for 42gram
(3.8/- per gram)",not_launched,42,239.4,2.31,23.52,21.42,17.64,1.89,15.12,13.86,,0.084,5.04,52.5,,,,,,,,,,
Diwali products 2025,Khajur Pak,No added Sugar | Made with honey | Made with cow Ghee | Rich In dietary fibre | Source of protein,"Dates, almonds, cashews, honey, cow ghee, pistachio",250,"Contains Nuts, honey ",45 days,250,,"Jenish Sweets
Address:
28, Saraswati Nagar Society,
Ashwini Kumar Road, B/h Rambag-1,
Surat - Gujarat - 395 008

FSSAI LIC NO. 10724031000085",250GM FOR 450/-,not_launched,100,480.1,10.6,52.49,32.38,1.81,6.11,25.3,9.47,,,,12.4,,,,,,,,,,
Diwali products 2025,Khajur Pak,No added Sugar | Made with honey | Made with cow Ghee | Rich In dietary fibre | Source of protein,"Dates, almonds, cashews, honey, cow ghee, pistachio",250,"Contains Nuts, honey ",45 days,250,,"Jenish Sweets
Address:
28, Saraswati Nagar Society,
Ashwini Kumar Road, B/h Rambag-1,
Surat - Gujarat - 395 008

FSSAI LIC NO. 10724031000085",250GM FOR 450/-,not_launched,250,1200.25,26.47,131.22,80.95,4.52,15.27,63.25,23.67,,0.125,5,31,,,,,,,,,,
Diwali products 2025,Khajur Pak,No added Sugar | Made with honey | Made with cow Ghee | Rich In dietary fibre | Source of protein,"Dates, almonds, cashews, honey, cow ghee, pistachio",250,"Contains Nuts, honey ",45 days,250,,"Jenish Sweets
Address:
28, Saraswati Nagar Society,
Ashwini Kumar Road, B/h Rambag-1,
Surat - Gujarat - 395 008

FSSAI LIC NO. 10724031000085",250GM FOR 450/-,not_launched,18,,,,,,,,,,,,,,4.3,3.5,0.6,3.6,,,,,
Diwali products 2025,Kaju Katli,Source of Protein | Rich in Dietary Fibre,"Cashews(60%), sugar, Silver Leaf, Preservatives (ins202, ins 234)",100,"This product is made in a facility that processes food containing peanut, treenut, soy, milk, cereals, containing gluten, sesame, mustard and sulphites.",3 months,,,"BIKAJI FOODS INTERNATIONAL LTD., E/558-561, C/569-572, E/573-577, E/578-579, F/580-584, F/585-592, RIICO Industrial Area Karni (Extension), Bikaner, Rajasthan, India-334006. 
FSSAI LIC no. 10016013001074",250gm for 320/-,not_launched,100,473,10,57,42,34,7,23,14,5,0,2,27,,,,,,,,,,
Diwali products 2025,Kaju Katli,Source of Protein | Rich in Dietary Fibre,"Cashews(60%), sugar, Silver Leaf, Preservatives (ins202, ins 234)",100,"This product is made in a facility that processes food containing peanut, treenut, soy, milk, cereals, containing gluten, sesame, mustard and sulphites.",3 months,,,"BIKAJI FOODS INTERNATIONAL LTD., E/558-561, C/569-572, E/573-577, E/578-579, F/580-584, F/585-592, RIICO Industrial Area Karni (Extension), Bikaner, Rajasthan, India-334006. 
FSSAI LIC no. 10016013001074",250gm for 320/-,not_launched,14,66,1,8,6,5,,3,2,,0,,4,,3.3,,9.5,,,,,,
Nuts,Roasted Cashews,Rich in protein | Trans fat free | Roasted Not Fried,"Cashews, himalayan pink salt.",30,Contains Nuts ,3 Months,50,145,"
SNACKSMITHS PRIVATE LIMITED 
UNIT NO. 104, FIRST FLOOR, BLDG. NO. 5, SQUARE INDUSTRIAL PARK, NATIONAL HIGHWAY - 8, NEAR TUNGARESHWAR PHATA, VASAI (EAST) - 401208 , MAHARASHTRA, INDIA
FSSAI LIC : 115190190000642","160/- for 50 grams
(3.2/- per gram) 

410 for 145 grams
(2.82/- per gram) 
250gm for 478rs
(1.9/- per gram)",not_launched,100,571,21.32,22.87,0,,1.7,43.8,9.3,10.18,0,0,246,,,,,,,,,,
Nuts,Roasted Cashews,Rich in protein | Trans fat free | Roasted Not Fried,"Cashews, himalayan pink salt.",30,Contains Nuts ,3 Months,50,145,"
SNACKSMITHS PRIVATE LIMITED 
UNIT NO. 104, FIRST FLOOR, BLDG. NO. 5, SQUARE INDUSTRIAL PARK, NATIONAL HIGHWAY - 8, NEAR TUNGARESHWAR PHATA, VASAI (EAST) - 401208 , MAHARASHTRA, INDIA
FSSAI LIC : 115190190000642","160/- for 50 grams
(3.2/- per gram) 

410 for 145 grams
(2.82/- per gram) 
250gm for 478rs
(1.9/- per gram)",not_launched,250,1427,53.3,57.17,0,,4.25,109.5,23.25,25.45,0,0,615,,,,,,,,,,
Nuts,Roasted Cashews,Rich in protein | Trans fat free | Roasted Not Fried,"Cashews, himalayan pink salt.",30,Contains Nuts ,3 Months,50,145,"
SNACKSMITHS PRIVATE LIMITED 
UNIT NO. 104, FIRST FLOOR, BLDG. NO. 5, SQUARE INDUSTRIAL PARK, NATIONAL HIGHWAY - 8, NEAR TUNGARESHWAR PHATA, VASAI (EAST) - 401208 , MAHARASHTRA, INDIA
FSSAI LIC : 115190190000642","160/- for 50 grams
(3.2/- per gram) 

410 for 145 grams
(2.82/- per gram) 
250gm for 478rs
(1.9/- per gram)",not_launched,50,285.5,10.66,11.435,0,,0.85,21.9,4.65,5.09,0,0,123,,,,,,,,,,
Nuts,Roasted Cashews,Rich in protein | Trans fat free | Roasted Not Fried,"Cashews, himalayan pink salt.",30,Contains Nuts ,3 Months,50,145,"
SNACKSMITHS PRIVATE LIMITED 
UNIT NO. 104, FIRST FLOOR, BLDG. NO. 5, SQUARE INDUSTRIAL PARK, NATIONAL HIGHWAY - 8, NEAR TUNGARESHWAR PHATA, VASAI (EAST) - 401208 , MAHARASHTRA, INDIA
FSSAI LIC : 115190190000642","160/- for 50 grams
(3.2/- per gram) 

410 for 145 grams
(2.82/- per gram) 
250gm for 478rs
(1.9/- per gram)",not_launched,0,,,,,,,,,,,,,,8.6,11.8,,1.7,,,,,
Nuts,Roasted Almonds,Rich in protein | Trans fat free | Roasted Not Fried,"Almonds, himalayan pink salt",30,Contains Nuts ,3 Months ,50,145,"
SNACKSMITHS PRIVATE LIMITED 
UNIT NO. 104, FIRST FLOOR, BLDG. NO. 5, SQUARE INDUSTRIAL PARK, NATIONAL HIGHWAY - 8, NEAR TUNGARESHWAR PHATA, VASAI (EAST) - 401208 , MAHARASHTRA, INDIA
FSSAI LIC : 115190190000642","130/- for 50 grams
(2.6/- per gram)

325/- for 145 grams 
(2.24/- per gram)

424/- for 250grams
(1.69/- per gram)",not_launched,100,644,20.5,11.42,0,,1.88,57.4,13.2,9,0,0,193,,,,,,,,,,
Nuts,Roasted Almonds,Rich in protein | Trans fat free | Roasted Not Fried,"Almonds, himalayan pink salt",30,Contains Nuts ,3 Months ,50,145,"
SNACKSMITHS PRIVATE LIMITED 
UNIT NO. 104, FIRST FLOOR, BLDG. NO. 5, SQUARE INDUSTRIAL PARK, NATIONAL HIGHWAY - 8, NEAR TUNGARESHWAR PHATA, VASAI (EAST) - 401208 , MAHARASHTRA, INDIA
FSSAI LIC : 115190190000642","130/- for 50 grams
(2.6/- per gram)

325/- for 145 grams 
(2.24/- per gram)

424/- for 250grams
(1.69/- per gram)",not_launched,250,1610,51.25,28.55,0,,4.7,143.5,33,87.75,0,0,482.5,,,,,,,,,,
Nuts,Roasted Almonds,Rich in protein | Trans fat free | Roasted Not Fried,"Almonds, himalayan pink salt",30,Contains Nuts ,3 Months ,50,145,"
SNACKSMITHS PRIVATE LIMITED 
UNIT NO. 104, FIRST FLOOR, BLDG. NO. 5, SQUARE INDUSTRIAL PARK, NATIONAL HIGHWAY - 8, NEAR TUNGARESHWAR PHATA, VASAI (EAST) - 401208 , MAHARASHTRA, INDIA
FSSAI LIC : 115190190000642","130/- for 50 grams
(2.6/- per gram)

325/- for 145 grams 
(2.24/- per gram)

424/- for 250grams
(1.69/- per gram)",not_launched,50,322,10.25,5.71,0,,0.94,28.7,6.6,4.5,0,0,96.5,,,,,,,,,,
Nuts,Roasted Almonds,Rich in protein | Trans fat free | Roasted Not Fried,"Almonds, himalayan pink salt",30,Contains Nuts ,3 Months ,50,145,"
SNACKSMITHS PRIVATE LIMITED 
UNIT NO. 104, FIRST FLOOR, BLDG. NO. 5, SQUARE INDUSTRIAL PARK, NATIONAL HIGHWAY - 8, NEAR TUNGARESHWAR PHATA, VASAI (EAST) - 401208 , MAHARASHTRA, INDIA
FSSAI LIC : 115190190000642","130/- for 50 grams
(2.6/- per gram)

325/- for 145 grams 
(2.24/- per gram)

424/- for 250grams
(1.69/- per gram)",not_launched,0,,,,,,,,,,,,,,16.7,19,,3.13,,,,,
Nuts,Truffle Cashews,Roasted not fried | Source of dietary fibre | Rich in protein | Trans fat free,"Cashews,
Seasonings: Spice and spice extract (black pepper, mustard), dehydrated vegetables powders and extract (onion, garlic), cheese powder, milk solid (whole milk powder, whey powder), maltodextrin, corn starch, common salt,yeast extract powder, truffle, sunflower oil, anticaking agent (INS 341(iii), INS 551, INS 330), flavour enhancers (INS 627, INS 631), contains natural & nature identical flavouring substances (truffle, mushroom, cheese, mustard)",30,Contains Nuts ,3 Months,50,145,"
SNACKSMITHS PRIVATE LIMITED 
UNIT NO. 104, FIRST FLOOR, BLDG. NO. 5, SQUARE INDUSTRIAL PARK, NATIONAL HIGHWAY - 8, NEAR TUNGARESHWAR PHATA, VASAI (EAST) - 401208 , MAHARASHTRA, INDIA
FSSAI LIC : 115190190000642","160/- for 50 grams
(3.2/- per gram) 

410 for 145 grams
(2.82/- per gram) ",not_launched,250,1368.32,41.35,112.12,30.25,,7.75,83.82,16.5,66.4,,,569.275,,,,,,,,,,
Nuts,Truffle Cashews,Roasted not fried | Source of dietary fibre | Rich in protein | Trans fat free,"Cashews,
Seasonings: Spice and spice extract (black pepper, mustard), dehydrated vegetables powders and extract (onion, garlic), cheese powder, milk solid (whole milk powder, whey powder), maltodextrin, corn starch, common salt,yeast extract powder, truffle, sunflower oil, anticaking agent (INS 341(iii), INS 551, INS 330), flavour enhancers (INS 627, INS 631), contains natural & nature identical flavouring substances (truffle, mushroom, cheese, mustard)",30,Contains Nuts ,3 Months,50,145,"
SNACKSMITHS PRIVATE LIMITED 
UNIT NO. 104, FIRST FLOOR, BLDG. NO. 5, SQUARE INDUSTRIAL PARK, NATIONAL HIGHWAY - 8, NEAR TUNGARESHWAR PHATA, VASAI (EAST) - 401208 , MAHARASHTRA, INDIA
FSSAI LIC : 115190190000642","160/- for 50 grams
(3.2/- per gram) 

410 for 145 grams
(2.82/- per gram) ",not_launched,100,547.33,16.54,44.85,12.1,,3.1,33.53,6.6,26.56,,,227.71,,,,,,,,,,
Nuts,Truffle Cashews,Roasted not fried | Source of dietary fibre | Rich in protein | Trans fat free,"Cashews,
Seasonings: Spice and spice extract (black pepper, mustard), dehydrated vegetables powders and extract (onion, garlic), cheese powder, milk solid (whole milk powder, whey powder), maltodextrin, corn starch, common salt,yeast extract powder, truffle, sunflower oil, anticaking agent (INS 341(iii), INS 551, INS 330), flavour enhancers (INS 627, INS 631), contains natural & nature identical flavouring substances (truffle, mushroom, cheese, mustard)",30,Contains Nuts ,3 Months,50,145,"
SNACKSMITHS PRIVATE LIMITED 
UNIT NO. 104, FIRST FLOOR, BLDG. NO. 5, SQUARE INDUSTRIAL PARK, NATIONAL HIGHWAY - 8, NEAR TUNGARESHWAR PHATA, VASAI (EAST) - 401208 , MAHARASHTRA, INDIA
FSSAI LIC : 115190190000642","160/- for 50 grams
(3.2/- per gram) 

410 for 145 grams
(2.82/- per gram) ",not_launched,50,273.66,8.27,22.42,6.05,,1.55,16.76,3.3,13.28,,,113.85,,,,,,,,,,
Nuts,Truffle Cashews,Roasted not fried | Source of dietary fibre | Rich in protein | Trans fat free,"Cashews,
Seasonings: Spice and spice extract (black pepper, mustard), dehydrated vegetables powders and extract (onion, garlic), cheese powder, milk solid (whole milk powder, whey powder), maltodextrin, corn starch, common salt,yeast extract powder, truffle, sunflower oil, anticaking agent (INS 341(iii), INS 551, INS 330), flavour enhancers (INS 627, INS 631), contains natural & nature identical flavouring substances (truffle, mushroom, cheese, mustard)",30,Contains Nuts ,3 Months,50,145,"
SNACKSMITHS PRIVATE LIMITED 
UNIT NO. 104, FIRST FLOOR, BLDG. NO. 5, SQUARE INDUSTRIAL PARK, NATIONAL HIGHWAY - 8, NEAR TUNGARESHWAR PHATA, VASAI (EAST) - 401208 , MAHARASHTRA, INDIA
FSSAI LIC : 115190190000642","160/- for 50 grams
(3.2/- per gram) 

410 for 145 grams
(2.82/- per gram) ",not_launched,0,,,,,,,,,,,,,,8.2,,,3.1,,,,,
Nuts,Honey & Sesame Almonds,Rich in protein | Rich in dietary fibre | Roasted not fried,"Almonds, honey, sesame seeds, iodised salt.
CONTAINS ARTIFICIAL FLAVOURING SUBSTANCE(S)- VANILLA",30,Contains Nuts ,3 Months,50,145,"
SNACKSMITHS PRIVATE LIMITED 
UNIT NO. 104, FIRST FLOOR, BLDG. NO. 5, SQUARE INDUSTRIAL PARK, NATIONAL HIGHWAY - 8, NEAR TUNGARESHWAR PHATA, VASAI (EAST) - 401208 , MAHARASHTRA, INDIA
FSSAI LIC : 115190190000642","130/- for 50 grams
(2.6/- per gram)

325/- for 145 grams 
(2.24/- per gram)",not_launched,100,618.7,15.26,32.97,4.87,,8.78,47.31,5.23,42.08,,,2.9,,,,,,,,,,
Nuts,Honey & Sesame Almonds,Rich in protein | Rich in dietary fibre | Roasted not fried,"Almonds, honey, sesame seeds, iodised salt.
CONTAINS ARTIFICIAL FLAVOURING SUBSTANCE(S)- VANILLA",30,Contains Nuts ,3 Months,50,145,"
SNACKSMITHS PRIVATE LIMITED 
UNIT NO. 104, FIRST FLOOR, BLDG. NO. 5, SQUARE INDUSTRIAL PARK, NATIONAL HIGHWAY - 8, NEAR TUNGARESHWAR PHATA, VASAI (EAST) - 401208 , MAHARASHTRA, INDIA
FSSAI LIC : 115190190000642","130/- for 50 grams
(2.6/- per gram)

325/- for 145 grams 
(2.24/- per gram)",not_launched,50,309.35,7.36,16.485,2.435,,4.39,23.65,2.615,21.04,,,1.45,,,,,,,,,,
Nuts,Honey & Sesame Almonds,Rich in protein | Rich in dietary fibre | Roasted not fried,"Almonds, honey, sesame seeds, iodised salt.
CONTAINS ARTIFICIAL FLAVOURING SUBSTANCE(S)- VANILLA",30,Contains Nuts ,3 Months,50,145,"
SNACKSMITHS PRIVATE LIMITED 
UNIT NO. 104, FIRST FLOOR, BLDG. NO. 5, SQUARE INDUSTRIAL PARK, NATIONAL HIGHWAY - 8, NEAR TUNGARESHWAR PHATA, VASAI (EAST) - 401208 , MAHARASHTRA, INDIA
FSSAI LIC : 115190190000642","130/- for 50 grams
(2.6/- per gram)

325/- for 145 grams 
(2.24/- per gram)",not_launched,0,,,,,,,,,,,,,,9.3,8.5,,8.8,,,,,
Nuts,BBQ Almonds,Rich in protein | Rich in dietary fibre | Roasted not fried,"Almonds
Seasonings: Dehydrated vegetable powders (onion, garlic), spice and spice extracts (chilli, asafoetida), edible starch (maize), yeast extract powder, hydrolysed vegetable protein (soya based), edible vegetable oil, salt, maltodextrin, sugar, acidity regulator [INS 262 (ii)], flavour enhancers (INS 627, INS 631), anticaking agent (INS 551), paprika- (160C)
CONTAINS NATURAL AND NATURE IDENTICAL FLAVOURING SUBSTANCE(S)- PAPRIKA",30,Contains Nuts ,3 Months,50,145,"
SNACKSMITHS PRIVATE LIMITED 
UNIT NO. 104, FIRST FLOOR, BLDG. NO. 5, SQUARE INDUSTRIAL PARK, NATIONAL HIGHWAY - 8, NEAR TUNGARESHWAR PHATA, VASAI (EAST) - 401208 , MAHARASHTRA, INDIA
FSSAI LIC : 115190190000642","130/- for 50 grams
(2.6/- per gram)

325/- for 145 grams 
(2.24/- per gram)",not_launched,250,1513,41.1,73.57,8.225,,29.3,117.15,11.65,105.5,,,2203.5,,,,,,,,,,
Nuts,BBQ Almonds,Rich in protein | Rich in dietary fibre | Roasted not fried,"Almonds
Seasonings: Dehydrated vegetable powders (onion, garlic), spice and spice extracts (chilli, asafoetida), edible starch (maize), yeast extract powder, hydrolysed vegetable protein (soya based), edible vegetable oil, salt, maltodextrin, sugar, acidity regulator [INS 262 (ii)], flavour enhancers (INS 627, INS 631), anticaking agent (INS 551), paprika- (160C)
CONTAINS NATURAL AND NATURE IDENTICAL FLAVOURING SUBSTANCE(S)- PAPRIKA",30,Contains Nuts ,3 Months,50,145,"
SNACKSMITHS PRIVATE LIMITED 
UNIT NO. 104, FIRST FLOOR, BLDG. NO. 5, SQUARE INDUSTRIAL PARK, NATIONAL HIGHWAY - 8, NEAR TUNGARESHWAR PHATA, VASAI (EAST) - 401208 , MAHARASHTRA, INDIA
FSSAI LIC : 115190190000642","130/- for 50 grams
(2.6/- per gram)

325/- for 145 grams 
(2.24/- per gram)",not_launched,100,605.2,16.44,29.43,3.29,,11.72,46.86,4.66,42.2,,,881.4,,,,,,,,,,
Nuts,BBQ Almonds,Rich in protein | Rich in dietary fibre | Roasted not fried,"Almonds
Seasonings: Dehydrated vegetable powders (onion, garlic), spice and spice extracts (chilli, asafoetida), edible starch (maize), yeast extract powder, hydrolysed vegetable protein (soya based), edible vegetable oil, salt, maltodextrin, sugar, acidity regulator [INS 262 (ii)], flavour enhancers (INS 627, INS 631), anticaking agent (INS 551), paprika- (160C)
CONTAINS NATURAL AND NATURE IDENTICAL FLAVOURING SUBSTANCE(S)- PAPRIKA",30,Contains Nuts ,3 Months,50,145,"
SNACKSMITHS PRIVATE LIMITED 
UNIT NO. 104, FIRST FLOOR, BLDG. NO. 5, SQUARE INDUSTRIAL PARK, NATIONAL HIGHWAY - 8, NEAR TUNGARESHWAR PHATA, VASAI (EAST) - 401208 , MAHARASHTRA, INDIA
FSSAI LIC : 115190190000642","130/- for 50 grams
(2.6/- per gram)

325/- for 145 grams 
(2.24/- per gram)",not_launched,50,302.6,8.22,14.715,1.64,,5.86,23.43,2.33,21.1,,,440.7,,,,,,,,,,
Nuts,BBQ Almonds,Rich in protein | Rich in dietary fibre | Roasted not fried,"Almonds
Seasonings: Dehydrated vegetable powders (onion, garlic), spice and spice extracts (chilli, asafoetida), edible starch (maize), yeast extract powder, hydrolysed vegetable protein (soya based), edible vegetable oil, salt, maltodextrin, sugar, acidity regulator [INS 262 (ii)], flavour enhancers (INS 627, INS 631), anticaking agent (INS 551), paprika- (160C)
CONTAINS NATURAL AND NATURE IDENTICAL FLAVOURING SUBSTANCE(S)- PAPRIKA",30,Contains Nuts ,3 Months,50,145,"
SNACKSMITHS PRIVATE LIMITED 
UNIT NO. 104, FIRST FLOOR, BLDG. NO. 5, SQUARE INDUSTRIAL PARK, NATIONAL HIGHWAY - 8, NEAR TUNGARESHWAR PHATA, VASAI (EAST) - 401208 , MAHARASHTRA, INDIA
FSSAI LIC : 115190190000642","130/- for 50 grams
(2.6/- per gram)

325/- for 145 grams 
(2.24/- per gram)",not_launched,0,,,,,,,,,,,,,,9.1,9.1,,11.7,,,,,
Nuts,Kimchi Cashews,Rich in protein | Source of dietary fibre | Roasted not fried    Trans fat free,"Cashews, 
Seasonings: Spices and spice extract (chilli), dehydrated vegetable powder (onion, garlic), sugar, salt, maltodextrin, soya sauce powder, hydrolysed vegetable protein (soya based), acidity regulator [INS 262 (ii), INS 330, INS 270], ,anticaking agents [INS 551, INS 341 (iii)], paprika extract (INS 160 C),  flavour enhancers (INS 627, INS 631)contains nature identical flavouring substances - kimchi",30,Contains Nuts ,3 Months,50,145,"
SNACKSMITHS PRIVATE LIMITED 
UNIT NO. 104, FIRST FLOOR, BLDG. NO. 5, SQUARE INDUSTRIAL PARK, NATIONAL HIGHWAY - 8, NEAR TUNGARESHWAR PHATA, VASAI (EAST) - 401208 , MAHARASHTRA, INDIA
FSSAI LIC : 115190190000642","160/- for 50 grams
(3.2/- per gram) 

410 for 145 grams
(2.82/- per gram) ",not_launched,100,598.5,16.73,32.39,6.32,,4.32,44.67,8.57,36.1,,,825.8,,,,,,,,,,
Nuts,Kimchi Cashews,Rich in protein | Source of dietary fibre | Roasted not fried    Trans fat free,"Cashews, 
Seasonings: Spices and spice extract (chilli), dehydrated vegetable powder (onion, garlic), sugar, salt, maltodextrin, soya sauce powder, hydrolysed vegetable protein (soya based), acidity regulator [INS 262 (ii), INS 330, INS 270], ,anticaking agents [INS 551, INS 341 (iii)], paprika extract (INS 160 C),  flavour enhancers (INS 627, INS 631)contains nature identical flavouring substances - kimchi",30,Contains Nuts ,3 Months,50,145,"
SNACKSMITHS PRIVATE LIMITED 
UNIT NO. 104, FIRST FLOOR, BLDG. NO. 5, SQUARE INDUSTRIAL PARK, NATIONAL HIGHWAY - 8, NEAR TUNGARESHWAR PHATA, VASAI (EAST) - 401208 , MAHARASHTRA, INDIA
FSSAI LIC : 115190190000642","160/- for 50 grams
(3.2/- per gram) 

410 for 145 grams
(2.82/- per gram) ",not_launched,50,299.25,8.36,16.195,3.16,,2.16,22.33,4.28,18.05,,,412.9,,,,,,,,,,
Nuts,Kimchi Cashews,Rich in protein | Source of dietary fibre | Roasted not fried    Trans fat free,"Cashews, 
Seasonings: Spices and spice extract (chilli), dehydrated vegetable powder (onion, garlic), sugar, salt, maltodextrin, soya sauce powder, hydrolysed vegetable protein (soya based), acidity regulator [INS 262 (ii), INS 330, INS 270], ,anticaking agents [INS 551, INS 341 (iii)], paprika extract (INS 160 C),  flavour enhancers (INS 627, INS 631)contains nature identical flavouring substances - kimchi",30,Contains Nuts ,3 Months,50,145,"
SNACKSMITHS PRIVATE LIMITED 
UNIT NO. 104, FIRST FLOOR, BLDG. NO. 5, SQUARE INDUSTRIAL PARK, NATIONAL HIGHWAY - 8, NEAR TUNGARESHWAR PHATA, VASAI (EAST) - 401208 , MAHARASHTRA, INDIA
FSSAI LIC : 115190190000642","160/- for 50 grams
(3.2/- per gram) 

410 for 145 grams
(2.82/- per gram) ",not_launched,0,,,,,,,,,,,,,,9,,,4.3,,,,,
Nuts,Garlic & Herbs Cashews,Rich in protein | Source of dietary fibre | Roasted not fried,"Cashews,  
Seasoning - Dehydrated herb & herb extracts (olive, oregano, basil, rosemary), dehydrated vegetable powders (Garlic), spices & spice extracts (black pepper, chilli), maize starch, malotodextrin, lime juice powder, salt (common salt), acidity regulator (INS 330), anti-caking agent (INS 341(iii), INS 551).
CONTAINS NATURAL & NATURE- IDENTICAL FLAVOURING SUBSTANCE(S)- LIME, GARLIC",30,Contains Nuts ,3 Months,50,145,"
SNACKSMITHS PRIVATE LIMITED 
UNIT NO. 104, FIRST FLOOR, BLDG. NO. 5, SQUARE INDUSTRIAL PARK, NATIONAL HIGHWAY - 8, NEAR TUNGARESHWAR PHATA, VASAI (EAST) - 401208 , MAHARASHTRA, INDIA
FSSAI LIC : 115190190000642","160/- for 50 grams
(3.2/- per gram) 

410 for 145 grams
(2.82/- per gram) ",not_launched,100,595.6,17.3,32.59,4.16,,4.42,43.99,8.47,35.52,,,570.7,,,,,,,,,,
Nuts,Garlic & Herbs Cashews,Rich in protein | Source of dietary fibre | Roasted not fried,"Cashews,  
Seasoning - Dehydrated herb & herb extracts (olive, oregano, basil, rosemary), dehydrated vegetable powders (Garlic), spices & spice extracts (black pepper, chilli), maize starch, malotodextrin, lime juice powder, salt (common salt), acidity regulator (INS 330), anti-caking agent (INS 341(iii), INS 551).
CONTAINS NATURAL & NATURE- IDENTICAL FLAVOURING SUBSTANCE(S)- LIME, GARLIC",30,Contains Nuts ,3 Months,50,145,"
SNACKSMITHS PRIVATE LIMITED 
UNIT NO. 104, FIRST FLOOR, BLDG. NO. 5, SQUARE INDUSTRIAL PARK, NATIONAL HIGHWAY - 8, NEAR TUNGARESHWAR PHATA, VASAI (EAST) - 401208 , MAHARASHTRA, INDIA
FSSAI LIC : 115190190000642","160/- for 50 grams
(3.2/- per gram) 

410 for 145 grams
(2.82/- per gram) ",not_launched,50,297.8,8.65,16.29,2.08,,2.21,21.99,4.23,17.76,,,285.35,,,,,,,,,,
Nuts,Garlic & Herbs Cashews,Rich in protein | Source of dietary fibre | Roasted not fried,"Cashews,  
Seasoning - Dehydrated herb & herb extracts (olive, oregano, basil, rosemary), dehydrated vegetable powders (Garlic), spices & spice extracts (black pepper, chilli), maize starch, malotodextrin, lime juice powder, salt (common salt), acidity regulator (INS 330), anti-caking agent (INS 341(iii), INS 551).
CONTAINS NATURAL & NATURE- IDENTICAL FLAVOURING SUBSTANCE(S)- LIME, GARLIC",30,Contains Nuts ,3 Months,50,145,"
SNACKSMITHS PRIVATE LIMITED 
UNIT NO. 104, FIRST FLOOR, BLDG. NO. 5, SQUARE INDUSTRIAL PARK, NATIONAL HIGHWAY - 8, NEAR TUNGARESHWAR PHATA, VASAI (EAST) - 401208 , MAHARASHTRA, INDIA
FSSAI LIC : 115190190000642","160/- for 50 grams
(3.2/- per gram) 

410 for 145 grams
(2.82/- per gram) ",not_launched,0,,,,,,,,,,,,,,8.9,9.6,,4.4,,,,,
Nuts,Salted Caramel Almonds,Rich in protein | Rich in Dietary Fibre   Trans fat free,"Almonds, salted caramel seasoning - demerara sugar, dextrose, salt, milk solid (whole milk powder), anticaking agent (INS 551), acidity regulator (INS 270), edible vegetable oil (sunflower), contains nature identical flavouring substances - caramel, butter.",30,Contains Nuts ,3 Months,50,145,"
SNACKSMITHS PRIVATE LIMITED 
UNIT NO. 104, FIRST FLOOR, BLDG. NO. 5, SQUARE INDUSTRIAL PARK, NATIONAL HIGHWAY - 8, NEAR TUNGARESHWAR PHATA, VASAI (EAST) - 401208 , MAHARASHTRA, INDIA
FSSAI LIC : 115190190000642","130/- for 50 grams
(2.6/- per gram)

325/- for 145 grams 
(2.24/- per gram)",not_launched,100,605.7,15.09,33.99,5.31,,8.77,45.49,4.7,40.79,,,188.9,,,,,,,,,,
Nuts,Salted Caramel Almonds,Rich in protein | Rich in Dietary Fibre   Trans fat free,"Almonds, salted caramel seasoning - demerara sugar, dextrose, salt, milk solid (whole milk powder), anticaking agent (INS 551), acidity regulator (INS 270), edible vegetable oil (sunflower), contains nature identical flavouring substances - caramel, butter.",30,Contains Nuts ,3 Months,50,145,"
SNACKSMITHS PRIVATE LIMITED 
UNIT NO. 104, FIRST FLOOR, BLDG. NO. 5, SQUARE INDUSTRIAL PARK, NATIONAL HIGHWAY - 8, NEAR TUNGARESHWAR PHATA, VASAI (EAST) - 401208 , MAHARASHTRA, INDIA
FSSAI LIC : 115190190000642","130/- for 50 grams
(2.6/- per gram)

325/- for 145 grams 
(2.24/- per gram)",not_launched,50,302.85,7.54,16.99,2.65,,4.38,22.745,2.35,20.39,,,94.45,,,,,,,,,,
Nuts,Salted Caramel Almonds,Rich in protein | Rich in Dietary Fibre   Trans fat free,"Almonds, salted caramel seasoning - demerara sugar, dextrose, salt, milk solid (whole milk powder), anticaking agent (INS 551), acidity regulator (INS 270), edible vegetable oil (sunflower), contains nature identical flavouring substances - caramel, butter.",30,Contains Nuts ,3 Months,50,145,"
SNACKSMITHS PRIVATE LIMITED 
UNIT NO. 104, FIRST FLOOR, BLDG. NO. 5, SQUARE INDUSTRIAL PARK, NATIONAL HIGHWAY - 8, NEAR TUNGARESHWAR PHATA, VASAI (EAST) - 401208 , MAHARASHTRA, INDIA
FSSAI LIC : 115190190000642","130/- for 50 grams
(2.6/- per gram)

325/- for 145 grams 
(2.24/- per gram)",not_launched,0,,,,,,,,,,,,,,9.1,,,8.8,,,,,
Nuts,Raisins,Source of fibre | Sundried,Raisins,100, Contains Sulphite,"3 Months
Store in a cool and dry place",,,"Blackberry Foods Pvt Ltd
Loaction : 3, Altaf Building, Lane No. 3, Vasant Dada Market Yard, Sangli - 416410
FSSAI LIC. No.21522069000097",100gm for 60rs,not_launched,100,343,2.2,82.1,60.8,0,4.9,0.7,0.3,0,,,,,,,,,,,,,
Nuts,Raisins,Source of fibre | Sundried,Raisins,100, Contains Sulphite,"3 Months
Store in a cool and dry place",,,"Blackberry Foods Pvt Ltd
Loaction : 3, Altaf Building, Lane No. 3, Vasant Dada Market Yard, Sangli - 416410
FSSAI LIC. No.21522069000097",100gm for 60rs,not_launched,0,,,,,,,,,,,,,,1.7,0.4,0,1.63,,,,,
Nuts,Vanilla & Caramel Almonds,Source of Protein | Transfat free | Zero Cholesterol | No palm oil,"Almonds
Seasoning:Sugar, dextrose, edible vegetable fat (sunflower), milk solids (whole milk powder, whey powder), sesame seeds, salt, anti caking agents (INS 551), acidity regulators (INS 330)
CONTAINS NATURAL & NATURE IDENTICAL FLAVORING SUBSTANCE(S)-CARAMEL, BUTTER, VANILLA
",30,"Contains Nuts, Milk Solids. Manufactured in a facility on shared equipments that also process soya, peanuts, tree nuts, mustard, sesame, gluten, milk & milk products.",3 Months,50,,"
SNACKSMITHS PRIVATE LIMITED 
UNIT NO. 104, FIRST FLOOR, BLDG. NO. 5, SQUARE INDUSTRIAL PARK, NATIONAL HIGHWAY - 8, NEAR TUNGARESHWAR PHATA, VASAI (EAST) - 401208 , MAHARASHTRA, INDIA
FSSAI LIC : 115190190000642",140/- for 50g,not_launched,100,602,6,30.2,3.2,0,1.9,15.1,1,0,0,0,143,,,,,,,,,,
Nuts,Vanilla & Caramel Almonds,Source of Protein | Transfat free | Zero Cholesterol | No palm oil,"Almonds
Seasoning:Sugar, dextrose, edible vegetable fat (sunflower), milk solids (whole milk powder, whey powder), sesame seeds, salt, anti caking agents (INS 551), acidity regulators (INS 330)
CONTAINS NATURAL & NATURE IDENTICAL FLAVORING SUBSTANCE(S)-CARAMEL, BUTTER, VANILLA
",30,"Contains Nuts, Milk Solids. Manufactured in a facility on shared equipments that also process soya, peanuts, tree nuts, mustard, sesame, gluten, milk & milk products.",3 Months,50,,"
SNACKSMITHS PRIVATE LIMITED 
UNIT NO. 104, FIRST FLOOR, BLDG. NO. 5, SQUARE INDUSTRIAL PARK, NATIONAL HIGHWAY - 8, NEAR TUNGARESHWAR PHATA, VASAI (EAST) - 401208 , MAHARASHTRA, INDIA
FSSAI LIC : 115190190000642",140/- for 50g,not_launched,50,301,3,15.1,1.51,0,0.95,7.55,0.5,0,0,0,71.5,,,,,,,,,,
Nuts,Vanilla & Caramel Almonds,Source of Protein | Transfat free | Zero Cholesterol | No palm oil,"Almonds
Seasoning:Sugar, dextrose, edible vegetable fat (sunflower), milk solids (whole milk powder, whey powder), sesame seeds, salt, anti caking agents (INS 551), acidity regulators (INS 330)
CONTAINS NATURAL & NATURE IDENTICAL FLAVORING SUBSTANCE(S)-CARAMEL, BUTTER, VANILLA
",30,"Contains Nuts, Milk Solids. Manufactured in a facility on shared equipments that also process soya, peanuts, tree nuts, mustard, sesame, gluten, milk & milk products.",3 Months,50,,"
SNACKSMITHS PRIVATE LIMITED 
UNIT NO. 104, FIRST FLOOR, BLDG. NO. 5, SQUARE INDUSTRIAL PARK, NATIONAL HIGHWAY - 8, NEAR TUNGARESHWAR PHATA, VASAI (EAST) - 401208 , MAHARASHTRA, INDIA
FSSAI LIC : 115190190000642",140/- for 50g,not_launched,0,,,,,,,,,,,,,,9,3.3,0,2,,,,,